member_id,job_id
4b8180fc-37bb-4d5f-9471-a85f03a96dee,6fd6d0c4-0622-4b9f-85e9-387c89a95a46
d516c189-bb62-4764-8953-4bc84bf5c243,cd97eaf7-8508-4977-9c6a-3806a7ff4689
c51638ed-7f91-4b21-8fbc-86430665496a,aa16650b-f39b-4e5b-99e4-636e086257d4
9a705cbb-83ff-4320-899c-206bf89e8579,f46a2d72-1e94-4343-a22c-51c88106384c
d5f5d0d4-c1c8-4429-82fa-28be940c5502,41c58fb2-62aa-4ee8-b499-0ca148397fe5
95863458-e354-4cdf-8527-642ebce53693,a47a05dd-31e7-41bc-807a-cc787ccaffa0
25eb9cdd-c3eb-47bb-b4d7-6cf49677bafe,7b206ec3-3b8e-4d0b-b117-5002bb7f71b8
8c0a50a2-2741-4163-92be-dee84cc2375c,60e258dc-144f-4974-9bd6-1609e6198f9e
c7544283-51ed-4e2a-b582-d3eb80e6b64c,8dcef5b4-b148-4b9b-8b25-bceb01312068
4537b05e-f02c-469b-9bdb-16ca09fbcd41,fd3a82f1-44d3-4b01-920e-d2320e43ba50
46566903-df58-4d06-8a4e-c0517dfaaab7,8366f01c-9327-4201-9373-32f5d9ad325f
17e099e5-5d2e-4d1f-9fd8-c3f4b381f4d0,c02f9f11-e4aa-46c0-89aa-cdc79c1bc847
8779e648-fd01-40cf-8cab-936ec46132b4,4d81587a-d8b3-4777-b723-b245e79367ae
9bfd5276-c489-4a1c-959f-54858a581c99,5039f0f3-8ae7-4aa3-bbd3-305e08aa1eb1
19fe4b1a-b9ce-466f-96fe-037dbeb4fd7a,420137d2-871d-46db-986b-36b4cdd18823
b206511a-b622-458b-9491-9499946c7bdc,7cb2d641-25c3-4433-be6a-2865a5ea820a
cd3f71bb-84f9-448b-98b8-7f781a7778bc,a01ddd89-51f8-488c-9836-9c8ec9619863
74274f51-0100-45a8-8832-4b5680b4876f,afd20108-7f85-42c7-a74a-fe7a06900156
6ac5e91a-4334-4af2-ae91-51e2bef534f9,cdcb5c7c-e0d1-4a28-bde9-433efc75c0a0
bc97d47f-b08a-453a-9218-95cbfb1cbb9c,4cfafb56-0237-4878-a0a6-7199a60d8ccf
da877414-24a1-419c-a288-064df0546aa1,496a342c-2897-4d60-a467-d02c95021626
c190c406-d93c-4c53-b7fe-4dba355333dd,d9d0546d-e281-4553-a10d-3132415845e7
68c09d54-2ce5-4896-abb2-8f7ca37acf25,ff3065f1-b2ea-414b-aa9e-c7565b1d3005
fddb24d1-dbef-4ed6-a2a2-604de8a0a8a3,5f32780f-2e78-45ad-bc4a-45cb9f2eb474
81bb3ff4-1197-4368-8fbd-abef78e2ef09,e97a3a64-2007-49a8-b33b-12bf8f78413b
0294a377-a4de-4e6c-81a6-6d4517098e7e,41d27d7a-9f10-4e2b-8413-25fc54334a5b
7b4abb55-355a-4bab-a9b3-cc89d61ecf59,b7baba96-d0b8-48cd-96d4-903ea2530050
800b24a8-825d-4079-85a9-328d2754adb0,637e1a91-5d07-4c7b-a3d2-902cf5ad4143
c525f161-65fa-4dcc-8885-ca5800faeb7d,0125e486-8f74-4dda-a151-f1f4490505c0
b055a2c9-17be-4d7e-bbd8-4c18a3d01307,f7163ea2-09b7-45c8-a432-52a0d60cb476
15696d30-fa9f-4cb3-b19a-76b8c8ecde8a,838dcaef-c917-4fdf-bcdb-9c440ef82807
5a228c34-8ee3-4fc0-b36f-14bd6469f7ef,bdd56f44-223f-43a4-8b33-d49e8ae76c78
34b9ba3c-839b-488a-8e21-6a4e80127a68,4e51883a-bce1-4131-b6e9-2b708acc3ce6
6de2e97b-2794-4bd5-a7cd-a6aabfefe864,2c9d41e7-8aea-4f2b-b8c8-1297a5f671ef
f8cf58b2-b292-489b-8157-35b7a41d33c5,2b6709a0-2ebc-47d5-8d1e-131098226f5f
4723a936-ec3b-49a9-8845-0f1b70ab6ec8,e7b4095d-d9d9-4fa8-9edc-554fe3ed56b4
c0d9b357-7f89-4334-aadb-1bb932ef7210,c2e5d89a-e216-4582-8a67-00a6f2e86101
6e4a2ed6-fdc2-48f1-80ca-a8c3a8324950,2d62d88f-31f0-4cca-b84b-ea632d08a6e3
9b8ad442-b59e-4fcc-8d97-2e1c9b9b3a9c,42c6b7fc-c6ee-4301-8ea3-fc93546ab141
ac5ffd05-7d06-4aa7-851a-af6a1a46944a,b5709ed1-d55e-49f5-a584-d296e36e8e55
d6e1cbf2-c8d2-4f6b-829a-c1e173c947db,4b126e81-30d4-491e-8b79-ad5d271c5f24
56577ed5-5655-4d74-ba0c-ccc0536d223f,82a12019-2fb9-4f2c-ae7b-f10cc3113b61
0244c0fe-3989-40ac-8709-f697907c0d59,49f1f498-52c6-4cdb-b470-9a1a9ff34d5f
e3d3f0f6-5fd5-4cab-8d36-8106fb998b26,7ff90747-ce0a-4c2e-8ad8-0e28e84d3f96
90541de8-18a4-4ac7-ac2e-5367f2d222c3,6d5dfca6-0d8c-4f75-a346-979b722dff91
858d6288-4e15-44ee-8149-81b1f12a88dc,d95d6c1d-22b2-42f6-8d28-d58f4a7f6cee
5634de40-463e-4c4e-85b9-7f33e177119a,486b239b-8f40-4c26-8460-90c52fa14e26
be2a0c03-8040-488e-aab2-dc18dc1fab68,26f13587-0e8f-45f6-ad71-65be23e79e79
a2665694-8b4c-420a-98c5-c681fa893a12,c1b1d67c-0505-4aba-8e18-4603645dcdb8
74fba187-9af0-4a1e-b548-8b0219d0a3a8,3131625f-eed2-4134-af84-402e562aef92
c83b1be6-515f-4a06-8755-a63754137710,8d524882-b4d9-4f69-aad9-52454b449e37
c9263307-76de-4c67-b2c3-5dc6ee1c7eab,3b3d2cc9-dbe3-4ca6-88db-85c6e920f9e5
2015fb6a-40d9-433d-9f2f-954e7d69fad1,7ef66b4f-62df-4b48-bbda-0b03ecf9abf7
d985663a-0dcf-44d1-90f2-06de18e036ab,50c27d1f-8bf8-49c3-9bc8-1a0fd9df02af
b4bbd96e-e533-4fb6-9a85-4a33b7db9879,26115f7f-968f-4323-8ceb-8e053dbefe37
2ba83b96-5af8-4cae-abfd-320abb882ad5,98211c67-603c-4b62-8f3c-7af39a5ada1a
e95a3cb3-252c-40c5-8a5b-57f4eba41c41,f9855a17-591d-46dc-9b8b-88b436a6871b
8d5b0a8b-29c3-46b1-83b6-cc2f62b18d93,8e6d39cf-6bf6-4476-adf7-388c034ded09
c650faf4-b411-4a87-88b2-fc3ebd0cd1bd,20870860-9d92-437a-b28a-82aa88bcfa3e
109374f2-6074-4927-a4a1-185dc04f17c0,2af73ade-dbd1-471e-8426-e4ea5cdd6789
7d3e65fc-8169-4031-86d2-a1bef45434a4,160eca10-0fe9-4750-8d99-673b4be23acc
6332f384-341c-42d8-8761-344e6f759132,23df3c96-41b4-4e35-9e6a-66a8c2288648
d86198fd-ee6a-4f18-998b-25192b30c201,4dea65fc-be24-471c-b1bd-520d989cd112
b163ab90-561d-452d-9064-a0dee4becc96,a9b097c0-252e-483f-bd4c-cf2762468092
a7d4c9bb-eb7a-4d0b-a793-6901ed638bb0,0a3ea327-1057-4d63-99d0-2aca530c2df2
319586af-b3e0-4b7b-b904-6473a7dd77f1,342f2ff3-d1f5-40df-8232-f4771a224519
30dc523e-725a-4732-b80a-4710ff60f82e,b281d028-ba2a-4822-bafa-f94eb96ccd7d
50167808-ecef-46d2-9a71-8c9090e3adc2,52b0cb9b-7248-4913-9235-98861bac7775
48e4499d-098d-45dd-81a1-3b62145ac065,af6bb509-72d5-4086-a153-08a373c81c80
95b63dea-7586-4bba-b21f-76c79aa8fed0,a812096a-b17f-4080-8fe0-ced254f5f00a
6a0c6024-e646-47a5-a736-aac79330fa18,ff071ac9-73eb-4d7c-8568-15fdbb8e4fbe
bafedb0a-a70f-4bc2-b872-4a3d4b8f25ea,cf5efb9c-0554-4148-810d-7bbff2c5be6d
33974d1d-4b96-4700-bbdb-08d8c8d2c1a0,e1c22f48-b29b-4e78-99c4-9956d5d9f6c0
60169d8f-4f46-4707-bd7a-11a4d4ddf005,1e804991-ceeb-4a2e-9b01-b300faa31c84
e455dc02-6d6a-44d8-9999-78cc9cde07bc,b7a3faab-06d9-40eb-8892-781b04fccbf0
0f45278a-244d-45c6-a359-504eeac870db,43e28b8c-31f4-491c-84a5-ed9aa139c101
58397a60-62a6-4c87-bf69-ddc11735a841,9d1cca14-5ba0-4900-b644-8e49b361a4e6
710fd753-dc13-4ae3-a4d8-2e2b4b43637b,dc4688ea-ecd9-425a-906e-913f227b48a5
2452db66-dadf-4537-b255-a5d6b93b7170,8e003c59-3598-4c90-ac97-88f6387c8a17
eb605de3-71db-4431-ace4-8ab0102eb639,080d3276-277e-4fc5-8bfc-a11cbccde699
cbb61646-5e9c-4817-89f5-8a5a4cf0dd84,7f76e799-8da7-48eb-bff2-03aa7edc8725
49cff57a-b885-4737-9776-557754263ece,f4f090b5-9701-4595-b4ba-4acc90f5a808
fbbc44a3-2ed0-4e32-8e0a-133f3bb2c07e,217b2753-9185-4083-af59-0b1fce82d9f9
ead92ed9-5aed-4591-8854-e7b838b71d31,09f82b85-ce84-4f5a-80a6-3c92224f7a95
91a0c065-1a0e-4f62-8893-88c7baec7f51,ed874949-8128-49c1-a304-01eb1bf3562c
8aff08d4-9ffd-47d9-963f-dc1ed10d04c7,1294e531-6afa-48af-8aac-249bb2590ebe
73203ca6-1881-4237-85de-5f631910900f,4fea877d-d46e-425f-ab04-86c616d3cdca
0796f4de-7675-4cde-9969-b1b4158e42b3,b50d2a90-cdf1-4478-a420-76d0d28d80b8
4845dcf7-0a4b-46e1-9116-5997306f90f8,7190d802-a8fb-4f0f-ac16-fef1372e52f6
dae8c146-8c6a-45f2-9d96-5507d25f5ddc,4cec5f60-efd6-45b7-888b-44fc85637d24
485a7f89-a134-4ac6-bdf7-0b042845f761,9a721023-5dbd-4cfc-8a59-ac4197fd188d
97df2d2c-f4ad-42f4-87a3-3a7e73b78c0c,a0ab7dfb-2bc8-4e7a-b94a-665e458d0045
829ae7bf-a2f5-4e93-ab0e-33983559950e,f59cff29-d5f7-44e1-9adc-5db824f46ad2
052fddd7-4647-41fb-a7fe-e1697476518d,72d8eb74-d461-4c86-8eff-5494f1f3104a
3d730d1d-af88-438c-a635-164d44c152a2,3e177cd1-5b47-4fee-a705-1a13ea53e35c
0ee6c06d-8560-4de5-9f61-2ca5ac7e6062,4b0cd1a0-f239-4259-952d-e378f16085e6
6edaf3ae-b7ea-4217-b4dd-a2311c262887,2774e741-2b57-45eb-b103-fd72cdfdfb69
e0fc3e45-7c79-40de-ac6f-88b677aa26c6,1f37a895-d394-4261-ac84-08089c556af2
50e5aa76-f566-462b-93f8-f1dd371ba306,d85be109-66a3-48d1-b26e-157fe06dae43
dff52193-1d4d-4a93-9ed1-65083830059c,dae38b91-d87a-4900-a328-b73dc2e7fd88
a76c8394-a5a0-4846-b305-587f5dbc4aa8,a28c0b4c-d68f-4211-9458-e794f4788f9a
aa2a689d-ac18-4086-a762-d316fed34e08,9c93ff0f-d5ae-4624-9908-2aad87abf1f2
ab768eb5-28c2-4439-aecd-749fb094fbd7,16ed4fb6-4656-42f8-9fb0-af36d1d55090
fe69d82f-71c6-4f69-af97-fa2b0837fb1d,4a9129b4-a29f-42a8-a109-7478431282dd
7af26a33-d452-40db-a3b8-df6d95b28c5c,5e1dbb28-2b1c-4e1f-aaa5-428469a0b49c
61429bb2-5e87-4ef1-9bb2-9bb41b81e55a,d10678fe-bacf-4d31-b8aa-87ff8f47c5d2
ac7ef979-0e99-4db7-98f7-56a845512803,00e78efe-c295-48e5-9dd1-6ed31289ebd9
9bbfff99-4cb5-4a45-890f-85c86d194e3b,5d876abf-cb9b-4f64-9e98-74da154020b3
643bc10b-b52f-4c81-b2c8-a1ebecd4736f,c940e347-61d1-4b64-8648-c0c9ed1850e2
93239937-a55e-43ac-8d70-304ffe65a780,13436a17-2710-4157-aa16-cead8f8ccf6d
25709b71-862a-46ce-ab5c-307297cce617,8d6a2f21-8e36-4ba4-bcb2-37a95bcf122c
3bd206af-17ab-4b83-8ab1-6d9360a7065c,eaf4935b-8569-4926-bc36-d7a603473d26
84cb6b90-c257-4a54-9cbc-9de0e3080778,2ad2519c-cd3c-46fb-9b84-9b26e42ed95b
395cc4ad-1a03-4359-bd42-bacde72962b4,1ff7ac63-d23e-47d6-acba-d8c5bf554d2c
f4eb544f-5a20-4eda-b68a-f7737602ea41,55e32e54-7a3e-47b6-a3ef-d7bec3920b2e
4c8a9d1d-2d1f-4fc0-bd5a-d1c26095e70a,bed52d9f-15e8-421f-8779-2f85392aa48c
f32bb99c-d3f6-46fe-9679-21edb06ada1a,3bf27c29-4e88-4b0e-92da-8c29746221f0
fdf1b6aa-3a28-4422-b969-e97e62c3c59e,702fe159-8d33-469d-999d-2868a6171cd8
a8c4a275-d7ff-4193-b8b4-5e5f58cda698,b62fb5bb-bc83-4a27-aab9-7805b7bb98b3
3d7ce596-a43c-454c-9100-e9890dd1781c,0d5e47b4-d2e4-45d8-b959-00a2b59f6370
f54eca6b-c15c-4e3a-b713-41fadd09132c,d95b4e06-0d33-4560-aedb-b7920b74eb65
76c24320-44d6-4d7f-940d-540cd9674867,912d0c51-3442-4c1e-a918-eb98e211c9a2
2bde64c0-3452-4c5e-8317-d052d7b86cc9,eb3ee1d3-ccfd-4169-a888-5445230c6046
81327a71-3c8e-4381-b8c8-e3aa844eb2fb,4dc8f02a-0e00-40ca-a545-e8958e837aab
431a0b9d-9a70-4b31-b838-6910501a55d4,06895962-e3ea-4bc9-9794-fddab128cfea
4557ffeb-7b8e-4250-8876-3013aaa0f923,cebda4c2-0853-4791-86a0-20038f57bfce
3dcb7ecb-b27c-4a1f-91e5-49f00d816e32,f6889931-31b6-4720-85cf-0608a635ce87
5db176fe-72bd-42af-b3a3-31f7de804202,a3da252b-ece5-44ac-8b26-105c2a7d6c07
585cbf41-937a-466c-ab72-dc3aba24aca4,d04c9877-6c0d-4e20-b983-cfb741e6e8c7
f3e8aff6-307c-4656-8620-760362a0a5d2,99025227-62a4-4198-a315-39f285103b1e
868f7465-7a0e-4dd1-a165-ce8590091743,ca27e42e-c6df-4e94-b350-f2fb27595419
2a361c38-7bab-4e39-8aba-e0d18b5e25d1,eda9d260-6df3-4b30-84f1-2e984e74b9e7
bd8d352a-7785-4c30-a0ef-26875547e47e,c5156aa5-68d2-48ad-b16d-fe555d617a74
69ce8baf-6bad-4844-b570-647b12513b65,a6cb6ab9-71a7-42ca-a895-0cfb30f258db
54c7dc6e-fe9a-4ec5-9588-1e47806f7a8e,0484529f-1aa6-4d2a-9810-c19e3a118b33
e1cc6c05-1b08-4aa6-bfd2-056ffb520a55,7d9bc37f-a848-46fa-bcf4-9b73bf212f10
d42faf41-9e8a-413f-82c1-50b3fe934f79,ec08686d-83a6-4e01-8a11-7a45d9e1813b
1f4b1133-8c00-40d2-86e9-e373eb9ba52c,f445e93f-e50e-4cc3-96c4-2a3da52b1c2d
4a0786e5-4f7e-4c85-aa1d-232994705f0f,f20c3abb-8aae-4f64-9151-f60435509b80
013c464f-5660-48a3-9f80-8d8a272158cf,c4f7db98-c337-4b37-9b40-89eff94d8bf1
8468ca93-96bd-427a-a788-aaa703a2e0bc,bd109aec-1eeb-42c8-b3e8-f530a8558f60
8e74bbc6-e960-4aea-9d35-b350f6000ea8,90bf8562-b9e1-447a-b2d6-ce462106ed76
9b0a04f2-8bc0-4ec7-8731-18455af26314,8c7d44a0-f5ff-4fda-ad38-3653727e3518
30fcd87b-4b9f-4797-abf9-53d6108e6496,133a7520-95ff-4ca4-8706-e9750a363fe9
c5e5781a-82b5-427c-a092-bbfa21871388,50a3bb03-acb0-41ce-aa5e-54a34778da46
5cc672e4-1c1e-412b-a664-2ab6aecb07e0,712a8052-e9f9-45a2-a420-4a20d27e685a
096dadc7-c918-4a74-9438-0da49d0c0e0a,1799dd6c-28d6-4be8-9273-8d02d5b79ef7
93c291e6-9238-4f54-9dad-1dbe197fdb4c,540b36ee-64de-4385-8e88-44402f584150
f3cb58d8-b037-4f61-bb8a-fa55d26ea315,3b4a5406-750c-43df-ba5a-b135e3ecaa24
71df17df-5586-45e4-91dc-1d1ef709f960,85ca637e-8037-4f9b-ad3d-79f421fa654d
6e5652ae-3abe-4440-8fad-199a81751128,505bb561-75ef-4733-8d25-0cd882701e2e
e87b4300-5464-4677-a13f-701222b0b236,2a02da2a-c92c-4d09-92df-a783305cdefd
96c11a7f-10ea-44cd-8bcf-499b9ae1d586,489cf0ca-5970-4017-a9a4-c2cb62609652
2740c517-db0b-4e4a-9906-468dbe367ad9,63a224c7-4960-4517-bdb9-0e88bc427e9d
be7228eb-857e-4593-9c1f-acfb100e621c,9ffd0406-97ef-4ba2-a2f1-02092c2e7ae3
015e2d8c-b3c8-497b-af1c-e24f92566ed0,a97a4dec-4cb2-4ef6-b126-262538352ddf
4a9e1a71-9aae-4847-bccd-19b910c47d54,2a7054c5-e70c-43b3-9ca4-74940eda252e
dc6d6aa0-0b86-4e31-815e-cc1fb24c443d,4b823075-3ba5-44e6-b330-fd51e00edafd
a240c6e4-7d19-4200-acdb-7bfe52816943,c96bf44a-f06f-4c4e-aeda-434538706ac4
dfb78e10-b8fd-4b82-96cb-d2a533b09993,cb47a8d1-f58a-4f25-921b-642398b9bc5f
39d7ce94-96b6-42ff-b502-bc22f602aec8,b7373324-c75b-4196-8076-b7360a36603d
03299645-38b0-4e83-9344-6d07e3df3cd6,3ac2505b-353b-40d5-80c9-adebcbb49752
8f1769bc-d220-4bf5-9027-7a09e0a89d14,043a5f2b-fc7c-4ea3-a8ea-7e71308bb8df
94a56314-f22d-49d7-bd2c-6f5f661be39c,5d08ea2d-015a-4a76-800f-dd1163b6c767
f86f4011-0785-4f94-afe8-be5201406d0d,3db6dd9b-483e-4cea-89b5-22d49c399286
cd8cd407-1f69-4628-98a4-5c2646f8b114,ba3c3320-a178-4dca-ac2c-04b8236bcdae
b6398e6d-fc16-42ec-898b-434f6292816f,ad87c34f-9546-42ca-b208-5d46673a7463
d4d7bbdf-521b-4eed-a001-a30556633cb1,9603507b-834b-4db8-9084-63eb672cc304
dda3d125-cce8-406d-98a4-f59e4ac3aa46,53e85d8a-6a6e-49b4-afe7-3652da739f0f
ad9cd8f6-1f72-46d0-ab98-d3152fccd9d7,712a8052-e9f9-45a2-a420-4a20d27e685a
31eb0dac-7e32-43c1-ae03-b30fdf2d9764,e3be3782-848a-48b9-b308-506d934c2b0c
46a0e7a4-9f65-42c7-9b47-887b7bebe540,464f3741-4196-4de8-950b-15bf888218c9
23feceab-741e-44fa-8d4f-60c12bdf04cc,2c7a7a3b-c0f5-4de0-8ace-636b1d15de9d
32141f98-10f4-4cc1-98c2-a528770d838c,53e49ddd-8099-4d7c-9c36-451bc35b2a6c
b77dddbe-6f5d-43e4-ac38-4d93518c6df8,a541b063-4364-4faa-ac96-a8fb9360a043
9799056b-e45c-4454-9ae3-a5af518723cd,3187b45f-41ae-4a27-adfb-213a118a230e
71e80730-b78a-4499-baa8-662b93e20325,87fd34a7-6143-45fe-948f-31551e8ded50
dff44079-3092-467d-a880-c177a98d9806,c2d3f0c2-161e-432f-9b80-cf3f6fb33971
dde6228b-2d7b-4585-b0c5-e9e32acc2d6d,d583c1c9-1dd3-436b-aadd-f7d62cd87ee4
47588382-3d8c-41ea-acec-4f0e3ab1c2fa,6b846084-aa02-4b80-8a14-84336603a3f3
de85a3f4-f5df-4f70-adf6-9dc79c3c3e0d,913ef2ac-21a0-4b7d-b9d5-d1f7da919f83
a1e79c08-9eaa-4093-893c-e41a5295ab46,7da84541-b478-4681-bb43-1db196b45ff6
b019a138-5ef0-4992-ae4e-5c357d740d63,d4c06e4c-7b04-439d-a0f8-975c3f88b806
820d08a9-23b8-4f91-bd48-6bf6ddf65896,fd265031-ad44-4895-873e-7a019abb842c
e5db8613-8a78-4c67-8429-4b2934a6c3f7,79d19216-d743-4162-9efa-b040205a41ff
8673a4b1-4bdb-4b3d-8583-367c488f0258,6fd1f9aa-a4b9-425a-89c6-71f3e1284309
de40a5d7-cf4b-48c8-92ae-ae8c475d0192,de0bd264-251e-4cf0-8c63-cbb4d5bfd1c5
c0fc06f0-830e-4136-82d1-fa14c2103305,542683c3-87ac-46bd-b8bd-c099dd8eeb87
da362baf-2b51-4d17-a624-40277a551f4f,dfdad0f8-bc51-4a42-bf61-f02efe3846dc
237ed67b-dcc0-4bdb-b568-91bf795ab23e,6e302a0a-7e8b-4e84-9bd8-7cd1348ff3b7
b6f8efac-b0a2-4fab-b9f2-db46259bb5f5,d9ca3b13-b31a-4bdf-901c-6ee03f8385cf
110e72c5-24af-4043-97a3-2dbbf5b3743e,16882ebd-7ebf-4aea-a2c0-af1efe8f3f62
ead92ed9-5aed-4591-8854-e7b838b71d31,9b1c8fab-55a4-4b89-8118-a83ea0cc0338
a32b92ac-5389-4807-a433-afee5c2fc6d2,8b8933eb-2171-4dba-9ca5-2a4fcb502f8c
ec79dbdf-648b-4ad0-a5aa-e9bb1aba5a23,7b858407-1dcc-46f8-be14-3142cbbbd2f0
04be1601-70e7-4363-9b98-54a5ce4db834,3241c0cb-7781-4789-82f0-495eb02e5df6
c595441e-7272-4f80-a624-d009cafec8ee,4b93b0a9-adf0-40b8-9e85-837307f15224
0587d59e-9cc8-4f12-9dc3-93a0d13bacc8,ba733472-6999-4b46-baa7-c09317cf81a4
dfd3483d-8ce2-498e-a606-ed2a125db3d6,08154e5c-bfb1-4449-9480-bf10c0d024dc
ae55d42d-44f0-4cd6-ac3f-313d7b0a0fbb,1345a1b5-545d-4a10-b9ad-80988dec677d
ffabe80b-b812-42e9-af3d-3dc92db6243f,5b3ec765-d66a-4d9b-a497-f8133f45063f
54f00dcd-5b55-4ae9-a612-80d9a7eabb6a,ab57ab80-b2d9-4dcb-9860-c199274609fc
cf381947-f119-4d6f-bb7f-9209e1ada734,eb739e50-34c0-4d12-865b-e1b59cde4ad6
569da135-3032-4491-a485-45e416c775fe,8965d599-9a2c-43de-aa75-eb528a536a00
5db150df-dd29-4d41-ad70-424df961e8ab,55973246-fab1-4c9c-a8fa-4dd209a0aadc
114a1e5e-e820-4c76-98b2-f61b94cf8004,2e3ec063-8947-4028-a003-9375db341205
d2ba7170-aaee-41ae-aeb9-041ea51a5d12,6f9ec82f-25ac-4d42-93db-5c83d9165011
24a4b6f6-6cd2-46ac-87da-603bfb75358c,318451e7-fcf3-43e2-886a-df8776df70de
3b1e8d38-2a57-48c3-961b-0795a3c9ce94,9536ad99-66c1-4629-977e-e36b860e83a1
fa09774a-9231-4bc8-8254-9e379cc30297,d973e387-572a-48df-975a-af293af6105b
9ebf7364-ec86-4289-8bbd-3e45d1501dd8,d36f01f8-d03e-4e96-a117-63784f4be80a
4be6a5de-d009-4662-b9a7-2f1b08eb945a,346b6c11-adfc-4cde-8b54-d9bdfe72e780
a4737d6a-9fb9-4cf5-8e68-a8da32b4622f,cbb5f14a-55de-4321-bb67-1cbb5c979ba6
777d198f-9034-44eb-bd8c-9859edf39f02,087e2028-4e87-423a-828f-c82e33930a04
e88a0fb0-c4ea-408d-8dc6-94f2204a7694,5060fbc4-0fd1-45d0-b0d0-4c34224f963d
7a4e4591-f4d1-4bf8-b728-823ef8cbab0d,91a0044c-f353-4211-9f43-197fc9cb7f2f
882230c8-a724-4ebd-91cc-c71f0c206da6,bc8a4f11-ca5f-430b-95b7-4b246ef95412
e9e0363c-086f-4666-a5b2-022ad4729db4,b7281b2d-ba3e-4820-8e09-9d3b94cf2b0f
85c37117-383a-4a42-bccc-8d6fd40cff6e,78dab4c1-42ab-4083-82d4-704a1087332e
79365487-dafc-4d3c-b81a-34ddd099e083,c091e08b-7ea8-474f-8d21-c411ff191155
c69c688c-15f1-47ee-959c-267e7afe146a,6b30112c-ce59-4d25-9c2f-8c9c3eab82de
9e9536b5-6014-427f-842e-291e5934895f,0ae1cf48-1080-475c-9c89-767c6a177d9f
a9d60713-61b8-41bc-a322-f3624c10e978,c6f88838-6c25-495c-b5d6-e14cbac35b6b
55a2f753-bed3-4dc3-8113-c427562d4edf,50526b6a-47a7-45ed-94f3-db0f31ae8a7d
0f8de07d-4169-48cf-826e-27a1e16090d1,84b56809-f823-49c0-8dce-71fd4f6e4050
501413c6-b785-4b67-bc1c-e5783861a652,9a785c87-979d-42f6-a5f6-5fcbf6b2b1e0
35a5ebb2-846e-4b5b-ba8c-4fe7a22b64b5,2441c280-7ac6-4bc8-b91d-a12e2eabc0b3
ae142c74-48a0-415c-a44d-42dece86932c,a77a6289-bd45-450c-8c90-9ee25600cb14
8cb7e3a7-5067-440f-8452-71e09e0e4d8a,b0105cc6-26a9-45b8-a873-3e5da825b70b
952e691e-c5ec-43b2-a22a-3cc0c221f134,45fbc5f7-38f6-4fc3-9cba-70975ef26b28
271f0a22-5121-4d3d-9bc4-c3f8a2a05e4a,164a0f61-de8b-4af9-b9f1-2fe9aa160eaf
faa9b5c7-cc91-42b5-b39c-517703bc46b5,b8d77cf0-5352-4376-9587-5000cd6844d0
c32d87c8-fe21-479d-9909-2806b802c9f2,2cb984c1-91c8-4483-931b-b4b16c928f6e
8c335fbb-78b6-4681-b34e-81af0b0d4f33,97d3f827-bb1c-48f5-9e9e-336a7ad0f6e4
b830caef-ff3d-4e64-a180-81555a42e49b,342f2ff3-d1f5-40df-8232-f4771a224519
2277d687-06d2-40be-84ba-4c82057275e0,fe221a06-7acc-4afe-ab06-fa697b9168e4
4ad340d1-8856-43e0-84bf-d828d8cffbbf,d0783f75-129a-4519-8877-5ae04294336a
8b6a67ae-9d7e-48be-a6a1-63142af54103,91f34df5-7ef7-418e-9bf7-46efc6bbcb5f
c066941d-062d-4a7e-bcb4-3c9e9f011503,6d036eda-0355-4889-a860-fd12ef03a3ab
afe60b3b-2657-48da-a01f-3363f0a0be3a,76557c18-dd84-417a-bacb-0fdaf7ec9ce4
3529c201-91bc-4843-b6b2-2a50a89703df,4873a967-cfbe-45d1-8954-826b36125642
9f331203-877b-4be4-8968-e3fb0ae6c07d,8c889002-2464-4f0c-83f6-d41f3a8b5e60
320f37d6-e087-4774-b8e6-ac936c8d3071,486b239b-8f40-4c26-8460-90c52fa14e26
3ff3ea5c-03ba-45ec-bb82-5d7ced95647e,b10fca95-4fd0-438d-b240-b8f7146b35f3
4f112649-d4f0-4025-bad3-3e4dd93a77db,3adfc168-173d-4b6c-893e-a9af769e74e6
e9916024-0447-48f1-9625-50c288cb311b,332ad4b8-3e57-48d8-a5c4-5403175e6022
862a170b-0614-41b7-9b36-77fb58f3c4b4,065ac566-1176-46e9-a58a-610af06de075
00f354da-2fad-4a1a-8981-290987a90669,0d90c2c8-d728-4ed1-b573-158d4af155b1
c1bd5305-f7f8-46b4-94a3-0145bc0ef6c6,2fd341c1-8a6d-4cc3-ae2c-aa06676759a9
ce1f3b33-8ef7-4cf9-88d2-ff3ca41996ac,8a8fed5f-07f9-4e49-9bd2-f1c88fd7dd7b
17f473d1-972f-47db-a968-f1b0a00afb9c,cd6c1e78-3204-4736-948e-cf274a3a2c85
3c62ea1a-2c65-47b6-83b6-48bf97b186c0,dbd1f6b2-ff2a-4d0a-bd58-4e5cdaa0a7d9
8bbc5dd1-e188-4fee-af91-6ed81fab5a44,75d46826-a373-4a5e-8b03-b01517f21920
d3be5e62-6744-4371-acc6-d5526a42edd9,5a45e226-1cbe-4e18-a257-66289fe7878d
3b97a6a6-61d3-4130-a240-d03000425ed6,d31ea7bd-6b8a-4241-a65b-b510b904d1d0
15f714c2-c996-488f-bc7a-b8b5c81e3744,f9e5ace3-514a-42c9-8107-7145323a2a7c
1ecdd4b0-71a4-413c-ae57-a1aa95014ed2,9295bb88-8be0-4b87-b2ae-682beb58303a
17d75a4d-bd00-456f-a509-a2c4dfb0efda,21387bfa-911d-412b-a1d9-0821bbc1b8aa
0d98767c-731a-451b-a280-3d0eea0c7b25,6a799ce4-c6a0-4975-99dd-6a8ea815ab88
5a92c535-0d94-4c9a-b4ab-d74ef860f2c1,c7283170-b5a0-46c1-8c80-d28189755c70
76b7f4b0-b46e-4a8e-b109-1ccff96a7f49,32854fc0-3e29-4ab9-93b1-b3c89ad46b9e
f0a914ba-6bf8-4be9-9d58-6402a9adc0ef,4af3a87b-c94f-4c5d-9abc-b166ac36264e
8aff08d4-9ffd-47d9-963f-dc1ed10d04c7,cf82f809-c353-44e0-be97-71a7e1fb9e78
aa932996-d7ed-4798-8318-73d7b8521888,11836531-c565-4540-acfe-299ebeefd08e
1375c3d0-baad-4fb4-99a1-ee4d26edb1b4,58ea0115-c561-4bd6-b05a-e1081827c790
377ef33f-750c-495e-a6f8-72613f5f829d,f2c70e9e-ef87-494e-9894-082f279e9e02
75282020-8cd9-46b4-8fce-686a7bdf33ca,076b1b09-68e0-46da-9862-4bc91862fa45
b83eab95-389d-4ef8-8e45-71f3a5f876ed,2333ccbc-365c-4ead-8fc0-323805d3ec88
0c663385-fda1-472e-b30e-cfc732ca9a4a,799daae9-1088-4dc6-bcad-edb95c920c66
2cb1b9f9-91ff-4705-8b33-59b6b7de53a4,90ce3c7e-c61c-4d95-8698-a505552b8edd
33dfd639-668a-47ed-a7cd-d694e79a6b9a,2a5487a8-2c19-43ad-85ad-4fc88a912dd6
8b6a67ae-9d7e-48be-a6a1-63142af54103,f2792dd7-fd43-496b-8611-6af271fa9997
7b6636c1-f6a2-4314-a055-f7b8cf2644fe,6aa6eb3d-5fce-4f23-8447-f1e0f8f126cf
40f768ec-3dd7-4f4f-805e-ac40cbf5bd6c,875cee4b-d009-485e-ba5e-9b340e95911f
596bd769-893b-4543-9277-d0e4f896cd83,06be7a88-0ba1-4a48-880a-29234aa67b48
4314b74e-88ab-440c-b8f4-91c87e5c1d91,7638704d-ca81-486a-b20c-aa793a6d294c
5e1ed009-c9b9-43fc-9465-6935478c9871,913293cc-92cf-4e3c-81fb-6f6cfe44ef16
4314b74e-88ab-440c-b8f4-91c87e5c1d91,180a0819-a19b-4423-bb62-5ae45fb48404
34067d78-5770-416c-8015-2e38ef866f8e,251fd890-9f70-47a5-bf75-e3e22c9b421a
dd97d4d2-9395-4aa8-b12c-d1a9e35c85b3,5ca15ea1-c3d4-41b5-a840-f3195089dc49
4a1295af-caf1-4890-a943-004e2b5d2dcb,9603507b-834b-4db8-9084-63eb672cc304
751a237e-0aa8-4d2f-99dd-7284335d6b2f,c0324bd7-54f2-4abf-9d95-1041fe7e7fee
6b2b4f6c-36d5-4e2e-a965-819dd17bf160,9e514a56-2b52-471e-9294-fe935d32954e
47bcb4fd-65ed-401c-8f63-4505497c6f48,9976de56-6eb8-4ffb-90e4-4b80e056d7ae
3125d892-9a98-44e8-a379-69157c136e8d,b057ca9c-693a-47bb-a13f-5b44003f4919
bc458fcd-e5c7-414a-af46-426bf1e337ac,cbf0e44b-2a98-4b69-a069-ec265a36b790
fe7796c7-c53c-47a4-ab18-dd7b5a11acd8,c630debe-900d-47b8-8869-05e1ecd4394e
de3487ea-bbfa-46e5-b186-ec6195f7904e,b74efb7a-9404-4026-ac70-8d164dec6270
c67fcc1b-feda-4ac8-b0f0-3976041ed943,b4bf3c8c-212b-4440-9a99-19cc42f6e94f
7d3e65fc-8169-4031-86d2-a1bef45434a4,fb0ae1ed-6048-4b8e-8fb8-786e36083b7a
2b481084-92e8-42cc-8ed3-0d59f95eafda,375190ad-4008-4d7c-bcab-3b20f0e74f0d
0b27be21-843a-4ca2-8139-5ecda4071d4d,969d3acb-4522-4566-b2a3-56b61dafdc8f
2ea17c24-3ecf-435a-bccb-166442e0b80e,6b1c0663-b0de-4b22-afa3-aafce4109455
7cd1dd3c-9b95-4146-bd59-08308d3d1370,571a05a8-b797-4ff7-8705-a1ce98c71270
a2f36dda-91ac-499c-b5bc-4592002a1bf2,3a72464a-3225-4f3c-bb1b-7f7c74f6a560
55e71df9-2e98-4724-9b32-cbd3af65914d,473e4089-83c5-471b-9ff6-869d5e5f0b07
d91f0b7d-7f26-43e1-99ac-6507282867c5,0265f9f5-cf2d-42e0-b9b6-9d71e8ac935e
1844b3ea-e265-4f0c-bbe3-9ec07ed1d678,38d1ee7d-1d62-4bd9-b258-7f54428f4943
3a44150d-3518-4ab5-a20c-e5a420c2b16e,eaa88e13-e701-47c1-aae7-e9cc5b25f7d6
f45cab9a-a1e9-45b2-a493-61b69b75f83c,5ac9f8e7-ee7f-4716-a212-b4abdb19897d
78ae6037-98d0-41b2-b90d-bfd5d14e55d9,d1c82792-7f71-4a00-8a3c-9a2aca242660
7e8ace70-df3f-4f1b-be9c-9bec9d4d039c,5aa2df31-53f1-4bc9-b42d-5b2a80bb6890
2dc67280-8960-4f37-940d-2b6ba6d14095,7547cfac-8ab2-427e-ac2e-4080044a7d5a
f785f563-8550-4b9c-9bfe-bbafc9f2f429,6c5abaec-f828-4c06-8233-0162d608ea6f
9acff300-6c0b-43c7-a1d2-fa7f38dee4d7,2f5b9bb5-d626-4647-95bc-32079997089b
8779e648-fd01-40cf-8cab-936ec46132b4,3ee67656-05eb-4c4b-9a6a-7945d4f99d72
c14b2274-bfe4-4580-a26d-96b4a6c870cd,e5a7686e-87bb-4b7c-8bb9-5e7e3149b388
c2322b94-0d06-4729-864b-8c4fbb02f341,2228c8db-8830-4a71-952d-8739d4e55cd6
f93fabb2-9f7d-499d-b277-f35c4192b568,e46b06aa-b6d1-4cee-a55a-9d0faeb36bdb
b09318d8-cb21-48bb-bc30-7df5edf0d1c7,63fdb051-36d7-4f51-a1be-437e4bc5bf2f
166a7826-6b7f-4c59-9871-937ce4951655,7ca16c08-8067-46b9-9d25-238b7ce410b7
afca6116-017b-4f3e-ba1c-3270d084f9ca,abde78ca-90cd-426c-ab98-e3346c992083
3e290225-28c6-4558-8dc0-7c73b27b91eb,3a0b2690-8c2f-4600-ad06-596227a252c7
f2bfba7b-f825-4a2b-acee-6d6c34a86c61,620e8057-7e4d-49ea-8bf7-cb585e5570a0
05d8dea8-b426-440c-a1be-439d8bd8ba0a,564d92c2-75de-4332-b1b0-f2553af7ea0c
e2fad938-55ad-4464-a9cd-c8e66d9f9e41,be693a18-f2a3-468b-88cf-2e890c038273
24c7b4ef-7a43-4960-9d13-4697d905d8f0,ccc55add-1085-401f-8ec2-372ddb0ea4bf
8778768a-bd96-43b2-9ae7-c219e422db25,26afa9ad-9e95-49f7-a9fd-e08cab3da858
aac30526-8127-4d39-b864-de10e49db3d5,0d4f8e5b-f72c-411a-9f98-1afc45f9cbdc
5f6fa1f4-818c-42ac-a44b-aaac279c9244,9f627c79-e377-4751-b698-7c378e403609
8ee19fd9-40d6-40cc-8709-483325ddd393,35e21594-81d2-41d7-8c3a-01bb33220077
9e9536b5-6014-427f-842e-291e5934895f,af11fb50-3754-405b-a15a-908da0d60101
6bf4d218-92d0-4b44-b471-95621b273485,cbf0e44b-2a98-4b69-a069-ec265a36b790
4cc9f137-bc29-4347-8232-fb90d9ae93dc,6da9d092-f456-4406-8325-fc47b7ad3b62
8ad3625b-d962-4af1-b9f1-41e84ec5b4fd,e90ef36c-525e-4036-b2c7-29b3e201c998
978b745d-9f39-42cf-8bb4-bab6616ea3e3,54cb3db5-2260-4435-a1f2-24dcb8f66273
391712ff-84e9-42ea-8cb7-ec95a4f18a45,98755742-ebe2-4597-93c8-f1258d8604d9
d465316b-9f76-41a9-8ef8-b14dc7354389,2c881081-6f44-4048-ad62-0ac407391275
48379d60-a229-42f0-a07d-81e2dc3f3571,bd5fa7ce-ad5e-41e3-bdd8-c6ec90426fe1
0b198156-36bc-4a6a-8f7c-4eaedb2a9177,68b84638-768a-42c6-b8be-6ed0b41d0f64
1816a8da-dad4-4870-aff0-f208bd669dc6,b66f60cd-f2c5-4376-956b-21162355c778
9c59fbe7-4f7f-4120-ab91-d3794176516b,9558aa12-c595-448f-93fa-5d26eea5f740
562bf111-4dd0-4317-9157-b850ce5d9f70,c03a8d17-9922-4944-8f2e-087dcc87f290
a098fba8-bfc4-4810-a879-6917a0bd1de7,b6a4a996-4cfd-424b-89d4-badb4a7075e2
278775c3-05c6-40c8-9006-687005a3957a,54e78f23-8a18-4eb9-806a-fafb097e8f3d
292262ed-6568-49a0-add0-9069dd471dae,a34cc256-e7fa-4e45-b1d2-ce66c987ce04
1403ef4c-581c-4e90-b6d2-75e634958c9b,d70dcdbb-0b33-4e66-ae38-be17b165f857
df357149-7823-4e4d-9d3c-6f9af846fe30,96b6ee00-fb31-4799-a010-55df6b2fd78c
b9ab5cf1-612d-49a8-b879-490fcfce1bf2,c7cf8561-3e9c-4c1f-aa03-90677f71cd6a
9c787682-0301-4cc6-99bb-ef7de6dd6381,288718e6-4101-46e9-86d6-cf79c466102c
4959e313-6e27-4e5a-9727-7e47a0ab33c9,b03c3134-8a9c-4ef7-a80a-63470818414a
2a675c9c-7986-47bd-a1e6-a92148154e41,4b823075-3ba5-44e6-b330-fd51e00edafd
8cb60297-173f-4ad8-a155-012c1a54d92d,c116339f-f4ab-4d2a-aed4-1a0cfdbd45a9
7e454df4-5e07-4982-a7cb-25407f7ed85f,c1d0dc73-81b3-49c7-baa6-409c57805eda
0b6e8e54-ef0c-4087-8185-6999602f5e86,bdaff4e8-bad3-4b1d-8a40-32842d20bbe9
02a8a776-03ae-4d29-b987-216eae2fda7c,523cbf99-b9c8-44c6-a6e6-d7e2869319d6
e04be611-4df5-4412-a83c-5d44d173b004,805d528e-3128-4b7b-91fc-3ac655861ba4
759246a3-01a2-4308-b34d-1f44215b4a92,ece1f693-b685-4984-9771-e7f78f783f47
0c09c5af-ed22-47b5-ad7d-9cc7f50c5fa7,aa163638-2273-461c-a9ea-85360c9ae85d
8aa70861-52c3-48da-af5e-4a0b722a78b9,9a508092-6955-4ef4-9689-977aa5e5be65
e211bc0d-c62e-4588-a46a-da80844b44bb,0294fae7-fc2f-4677-be0e-20beafad9a38
30b6fcfd-06c6-4991-9b1d-127cae7e5a30,55b3d1e3-c0b2-4138-8c5a-1663476da9db
68c09d54-2ce5-4896-abb2-8f7ca37acf25,19e5509f-3bc0-448a-8487-2eced0a47dc7
bc4e18a5-e884-41d6-9452-ef0c1301afc2,b885c347-8f2c-46e1-9989-2f61d44b0165
75c37b10-f0f0-464e-b8a5-abf0fb08d75c,b961e5ab-693b-4853-a69d-82e106109f62
555a904f-5ddd-48cf-90b0-867c13f22557,4bb02462-c987-4d54-bfad-9890a64bd6d1
7f6ddbf6-4e29-43ce-99f5-a1942a474d6a,e1c22f48-b29b-4e78-99c4-9956d5d9f6c0
3191e776-1e49-4a72-9052-4450df51a4c8,56a052cb-f916-450e-95d7-8da95261b54c
1a9ac36a-047c-4199-bd45-8e1f1908d793,915510b3-3924-4a90-9e4b-56a5acdd7169
cadb8724-6a3e-4f2c-acad-99d72820357f,ebe5f6ba-0965-407b-9b64-19d07550196e
9acff300-6c0b-43c7-a1d2-fa7f38dee4d7,eade7c0b-dadd-409a-8ff7-c7fa0e3e6315
3e8225cf-a781-4d6d-ba9e-2ddb268ba665,7ec082d5-e4f1-4b98-bd6a-cbf3d22b4c49
64e53073-b348-4189-bf67-054bff4731c7,ad1f9574-f466-4b3a-b245-62fc11a513d3
17ad7207-279e-491f-99ef-76a8181c5636,3a6bf12a-fbc2-4631-a9d8-bb11ca234139
0ee89ad9-808d-4f7e-925c-4ca954c15198,e33e5ef4-f7e1-45de-88c6-ab782c7d2de6
21dce958-7438-476e-85cd-35f6a56a3600,ab0a0205-5480-49d8-b9d4-db7e840001d7
08bea95e-5c4b-450a-9d35-731c0c73a98e,04d5805b-5838-488d-9e46-fe352e8deecf
fe1af711-5677-4755-8fd5-0205c223bce0,53b879ce-29bf-47b7-81c6-0c3d1238fbef
2cab58a2-a25a-497f-95c3-7db3d34ce1c2,b2568cf4-0e77-41a1-b631-dff9921818d6
11df383b-6a5c-4c2c-99b9-5012598cf2ea,4db2f6e8-3e9c-4c69-bf0d-14395fe03efc
63172083-1993-492b-9373-efdb82f61f88,a818c80d-c607-4df5-852b-027fa168557d
6da10478-b66f-4f26-b069-22cf1d064362,4f37d301-d2b8-4a80-a3d9-610878f5e453
d6e1cbf2-c8d2-4f6b-829a-c1e173c947db,767831ba-2c1c-42e0-97b3-1ead24a6a824
a4cc38f0-a5b4-4f07-b53e-cc915b53a717,1ae7fb97-f7cc-4598-9a0d-e930579dc25e
b061279f-b8fe-4b25-baf6-64e1551e32c4,0c7f247a-ae1b-4a02-a5d4-094ed39fc723
d924bb91-285b-4f7d-98f3-72ad82fd549c,ebcb1bbb-7361-43ee-80a1-7958c029fa66
6b903ef1-0ad7-487d-95ca-5761a695485c,3f6b6529-5700-4208-b2c8-bb94cbd0a3fa
acc8d961-16e8-457e-bd19-8ad0a4ed439f,a20c0c56-e387-4045-a717-1c687ced903a
934725c9-5a49-404a-8407-e8cc69d9d20b,7674080d-6578-456d-b457-0cf2c9c2397b
59e40024-0e5a-47e4-b33e-c32c0c93e6c7,d36ec604-b1bb-414e-af94-de94958bdc26
fc2f42d8-a8b5-45ce-8561-92a59feccebd,4d51ea6f-2ec5-43c7-a5e6-47cc69cbe9f6
c5a47e0f-241e-4555-931c-e790c7accf07,2a273e75-f57f-44ce-8701-d37cd023a893
01c9b4b3-b749-4664-a340-0794129fedc1,14bf12b1-ea0f-4405-8233-e18dda9d6885
0ef2b423-26b4-4709-a1df-73bf196f5c6c,94489d41-daa9-45ae-855d-6905ce0b6f01
aa449257-4490-4f1f-9012-cbf162baf1e6,4bdc8e8f-66d5-4092-ac51-d2b764a5f7d9
4e34d7b1-0117-4cbc-8df5-0911d6529dcb,cab9af5b-5bde-4681-8df5-4aa695c2fe93
bef87d50-3d10-46f7-b8dc-f2ce8dee2da7,e4480c05-e4d7-4429-bfc9-8db1f0faeeea
28a56758-3ec0-4c80-9563-9d40aba0aeb5,2accc2f7-d785-40ad-aeb6-222f1fe6ce52
19b3aeeb-751b-4145-a246-dbd6a63352e0,f7526e5c-4d50-4f25-8878-1f48ac277f3b
8cfe1194-bfac-4ac1-b157-692dea51d1b7,41dd5bbe-51bd-4f77-835b-e808a6c01628
01b54606-2620-490e-90c3-9bb6678906fb,27585418-4c5d-439d-8f43-f042488db97b
4c396eb6-fba0-4930-b1fe-0bf5eed6527c,5b55c792-0d54-4f4d-a4dc-504bd7b10baf
ffe7467c-cb96-40fa-a4ff-df51fd174d90,767bf0e9-84d5-426c-81dd-51039596e6ee
ca4700ac-c436-4a09-ad95-930014f3e389,ebf5d695-a7ca-414c-bacb-7a782a3abe93
7ba10629-5955-4c63-9f84-71823670973c,fc118f97-9b21-4ed7-9b07-87108e81c22e
6886a67e-2821-4056-8568-66cb5b5863e2,6d84b83f-82c6-43e1-80a0-b64dc3ae9484
b1d848ee-e890-4c94-b7a6-334ab16adf84,fc41fcf5-b38e-45d4-b8c9-33f5fa529a1f
6884d8d4-6cf1-4ce4-b419-686999169f0a,16633c30-afdd-4bd2-9160-ccf03e20ae54
44d51d18-3198-4486-82f6-73c8713270e8,77dfa7d7-93e1-47d0-91a9-b8ac7bb0a71b
ef8dce61-aa9e-4d5c-b1f3-1e35f541bd3a,5f11a0a2-7896-46f2-a580-74764c586b8f
1b7c9064-2671-4a53-9520-0d93c07661ee,a4485672-98e1-4269-99c8-d7c427c03592
8a742704-e66c-4193-b0d4-d815471054f8,014b95b1-4cf6-4b59-9303-7a332fcf3370
cec3faa1-7812-4f75-a8df-dfb6c80f63c0,13ce9319-663d-4f4c-8872-403905915c7d
07400b2a-fe3c-4231-a38a-dcad1ffd8f97,5378356a-400d-4751-9482-881637db59f4
3191e776-1e49-4a72-9052-4450df51a4c8,168d05ab-7b92-4ce7-80b6-d7c9388c257f
36aeb3ec-b001-47f5-8e6e-7aa54829a4d6,e56fd066-ee93-47eb-9e2b-a74380844cd5
8e766c09-eb57-4a4e-98fa-68669a9cb9ee,8f16f633-97e6-480f-9495-a0063021e3f4
f7dc9542-7495-4677-85ee-3e5233549acf,48f9ee35-c57f-40c1-9ad1-8464ba7edab2
d6244667-67a0-45b5-8fb9-348357474e9f,70bb5cb7-0816-411c-9aea-6673d44fccb0
380d7bd0-4774-4d50-ae78-0d1a0dbbc229,16a8bc77-cb52-4312-9f6e-7ab28e069140
32d27945-ad96-4f98-90e2-f09b5e53c034,3aacb12d-0a5e-4ad8-85d6-558e16f5a768
a423846f-9927-498e-bf01-79cd2e560839,eabbfaf6-f102-4033-98d1-05338b9b4f86
d3d2da37-3051-41e7-bc5e-65bfacb7a327,9530b3a1-fddb-45cd-8443-88ef68ef4c72
ce91ecda-ce50-4b3c-a684-d3a270c2851e,e2704e48-3bc0-47cd-a309-dae34c7996ff
6a07299e-0cb8-4b26-aa62-8976355778ca,fe72b65c-67a1-44ab-a133-c8d3babfa6db
26454681-6f50-4dc8-9ee2-b9be9d24e2d6,e45e5929-f5bd-4d90-adc4-d0178582677f
5664b0c3-a2ba-4680-8ca4-1a83985f2348,f84775d0-4136-4f95-b1e9-56c6601e469d
821adbd7-7808-44d9-8381-a02ce40d09ac,f7e55820-8396-48c8-8b5a-9dbbb8e92db0
6548452d-b932-4041-88e6-d2e69fcf66b8,cb40bcd4-ff41-4d10-8605-add42b1c4a5f
ba5cba0e-00c9-46d3-a974-e4759d1bbac9,b428aa98-4f42-463a-bbab-a921b1debe6c
8ba2804b-e706-48a6-8828-239ccdfd3e22,8acb0cc8-580d-4bdc-8ab4-476fc239468d
50ec179a-1a52-48c5-8747-a340e87cfc45,c84102eb-5387-48ac-a0b6-110f0b0edbbe
2673d5b2-566b-4ccf-945a-68827afad408,78e060bf-963f-417a-944c-79b133f902a6
edf08a55-a50c-40cc-aacb-bf12e73add84,e9cdcd3d-d9b7-423b-ac87-2a68a97eda79
454081e7-6353-4f03-9e06-b501d8c68079,2afeb19f-65d5-46e3-b347-e707e12624ba
f8009ee9-aa32-49f5-9295-e62244be7ef2,207f4ade-bf8a-482a-ae53-8ae9082b5c6f
47b5acd7-7599-48f3-90dc-18d29ed28f01,b574d757-e641-4daf-aac2-f284d647759e
e6b1e4c4-7fbe-4646-831b-978d449b9fb0,cdab27ad-dd4d-49a8-b264-9b531d92c596
cef47fa3-af96-4bef-bfe2-761d6d3d23f1,14e64038-9267-4632-b5f2-2d17e2733c49
6890a0b9-c2bd-4bab-8c3d-f88aca6faaad,efb2577a-4f37-4a75-8d4c-06adda624c97
ffe7467c-cb96-40fa-a4ff-df51fd174d90,6e85d874-cc14-41fa-9373-0134963ecf77
4c3372da-d54f-4d32-b4cd-dcd757f5d21c,b968efa7-1bef-4456-a119-a84424b35415
21c2a081-352c-4d0e-a004-8f8f3bc7e7f4,49feb204-5a00-45d6-bf0e-54990a2feb98
46e43ced-ad2d-4801-901a-7d96b8863d88,a5cb499a-978f-4408-b012-a9e2c016f1cd
8c60ac89-f589-41d6-ae6d-7c4a9177fab2,f8f178ca-87f9-44a1-b40a-a5f454a7f54f
2979e52a-d609-4b74-8a9f-c38304460d6e,fdefec43-3a68-4fdd-b8fc-fc7f10ec88e4
0814110c-5d61-4206-92cd-b1e91e83ff72,ce25769c-7f71-419c-b321-ea3de2f10ae8
117fc506-3abe-496d-a2e5-003297d8f62e,57de7291-0046-4f7e-9026-20eceb63af53
41d98766-fc66-414e-9fc2-4e299a44f78e,f7b371f8-ea20-4877-afa3-53797d4fcbdd
acc8706b-5e31-434d-b51f-d5d9b85286ba,8a3e7b12-8ebe-4ca0-9e0d-7cfdb8bfabff
54a58ace-074a-4c60-803e-1529981c83ca,b737dfa5-a97d-449d-b936-c7c4d57d8646
caf8c017-07b8-41ed-b318-ab7a2cf4a910,9a009bfe-164d-433f-86e5-da9d51349c2a
afb35b07-1f35-4ff0-b898-becc8d8a61f6,7085b296-c6b2-4db6-8e9a-667b5b9785be
4d85c152-f502-474a-8e73-e5be142de554,3882676a-62b8-4d85-bf16-7abe0f328ea4
7d640286-5f8c-4bb4-91e9-cf70bf6a523c,43e640b8-5ee9-41d5-9bb9-5c57acb5bf27
b3205bc1-588a-4d12-9f1a-2dd5b5aa4ebf,01198b25-6ff8-4962-87a4-16d82b4c2ad2
d2cbf6c6-e02a-4c17-8460-9c733aa85635,7ec082d5-e4f1-4b98-bd6a-cbf3d22b4c49
379d2a7f-d004-4a4d-afc9-a35f7065f88d,192e413a-8598-449c-9db5-43b9e2a83dc6
f32bb99c-d3f6-46fe-9679-21edb06ada1a,842d9f89-e1d0-40e7-8da1-007c130d8dd9
47db1461-79dd-437c-b3cf-80018108c07b,e89fb586-99f8-4c24-9828-e560537e167b
b4a7e3ea-7cfa-44e4-b922-55cd400f424a,d3169bba-f43b-49b0-8edf-172518d283d8
0736840c-dedc-4556-a48b-9371608c4cd9,1300bc52-5f8e-4300-a04e-cde284cefecf
b23530ad-f0a9-4784-9a41-8c3249d247c0,9f404fd7-2758-4df9-92b8-5ea581871c41
9b4a3a16-c1cb-4cce-80ad-73e07c008427,87a5832a-6044-47e1-ae8b-c57b117dfea2
fe95982e-441e-45a8-87bd-4bf5529b8938,cac49a3e-8bd0-4e01-a6dc-98e12d70d742
f0b0d44d-5696-464d-b5ee-cdb799d5a46c,a0ab7dfb-2bc8-4e7a-b94a-665e458d0045
64b28ebb-3cfa-45ab-b285-02328b8848b7,7ce7f815-dd9f-40b9-992b-3c50da2bf383
87f8c9ad-ff62-4d1a-b554-6f70b52f1b38,8ada4756-724b-47c3-8ec4-cac1b5494372
02d1cd48-8d6c-4c89-8b32-9ecfa18820de,3ce55c45-d03e-4cee-a5ec-5f338eb65dad
0e660141-0f29-49c8-886f-70f034bb502c,58a1b3e0-d4b5-488a-9f71-1b1421899f4c
e02eb10c-3dc4-45f9-bf59-e9ace3fe7ed4,b6a4a996-4cfd-424b-89d4-badb4a7075e2
f768380d-2a68-44de-94a9-48b8906e2a19,c2a53c0e-c3fe-4b69-9ad1-82da8e8f6fd0
44dae6f4-a381-4339-be62-d1d37b497acb,2a62aaa5-8c8f-4c09-85a6-0eca7190546f
bea69899-6401-4f37-b49b-0f643afd85e7,9c419716-913c-4a40-91cf-bcb5ac71690c
78ae6037-98d0-41b2-b90d-bfd5d14e55d9,ca071a07-217d-4541-95ef-d8c26141dac6
a79e1c8f-0e44-4371-a4a3-a09b0d30a2fb,d95cabe8-3b16-45ed-a8fe-d173f34d0aa3
bc95c5a3-fd4a-4924-b6cb-e54a84f1ff34,69ad73dc-a1e6-49fc-bff0-08d3967c701b
e27c6084-f6c4-4ede-aa47-83fd94fe677d,8d6fbd4e-4363-4542-90b3-5cbbd7293d69
0efe5fec-520a-4640-bd7d-a7df2947f9a1,5703d3d0-55be-41dd-a54d-a205e5f0aa4b
6e485fcb-de08-47ff-9f11-4a3ce4bc1ba8,0fb5978d-6054-4b2a-b123-f9b938235b87
f69aa037-7577-48fd-bd73-cf67f2a80393,2753c509-7a06-4661-a54f-ba6d275482b4
d334d8fe-71ed-4f0b-ab8d-db7faec27519,d69d0546-54fc-488e-a4d2-108eea081aea
bd2ed780-9c74-4c4b-8fea-97bd7d8f3de6,7dedaf6f-6dd5-4765-b803-9c9ced774a1f
144a2180-edc1-498d-ade6-1e042c1af35c,0a51a2a0-0996-4ad8-ae54-6f6e53ba94ef
43fc75d8-f18d-407f-a588-12ce951f01ce,c0d488dc-fc68-4f1e-8b09-f42915df9128
d619c206-d6a0-497e-a5ae-dbbb990bd345,1c98b1ce-568a-402d-a51d-08319b590e1a
0c81c962-21b3-41a3-b1a6-895c232196ff,6447501f-9864-44ec-bd5c-e4146f0c0561
8c099c24-625d-43c3-b782-6104a010b397,6c376e6a-92ff-4e68-a834-5ac174f0fa20
4a082ac4-12a6-44d8-99b3-f87b22b44fe2,8641b946-8363-40a1-a67f-ad5404b223b4
88c48952-6ed5-4ebc-98fb-9044290a7b0d,525eb735-ba52-4a25-b104-785a12ac805e
531f2395-f406-4911-8fbc-e21ab25a3136,5ad1ac2e-28da-42f8-876e-8c72269816d4
5f612abe-c833-44e2-8544-b7314411bf8f,22b5ef00-0ed6-4f99-a665-109e0b47b192
ac0aa520-49c8-44bd-b295-a6ddcc5e90fb,cbe0fdda-4aa4-4974-8b2d-479cc5ef14dd
d4afb61c-cd45-41ba-9337-82d583c3cea0,acfd28d6-039d-46dd-be98-2492210cf323
08bea95e-5c4b-450a-9d35-731c0c73a98e,805b53f5-6f7f-4441-9b2a-f8971ddce9c7
c880db0a-5cee-4df4-aa55-e546659ac740,abde78ca-90cd-426c-ab98-e3346c992083
c27752c1-29ca-42ee-80f0-79e7fe53733a,425a7931-57ba-48e0-a126-442e0efdd251
5e902eb5-9275-4f48-9036-d06abe56d18c,e2ee1d9e-cfe7-4693-ba1f-1678b76df569
51e54eac-9d18-4c2e-84b8-0be98a565b1a,991db3f3-b539-4d5c-aac3-a5b743760adb
052f6586-5d62-46d8-82ee-7a7aaa848eea,1fd7df3a-4cf7-405b-bb64-bb37937e5e9d
b4932ab2-8151-488e-b2c5-501022898038,dcdbfd9a-4490-4803-a92c-c7e38ebdca79
c1ffc3c4-ed01-43d6-b978-0142617f9abe,7c0e5218-ac1c-49a7-b013-e0c4732577ee
57a8a577-af9c-4603-b39a-dcc2e5323d01,ccc55add-1085-401f-8ec2-372ddb0ea4bf
9bfd5276-c489-4a1c-959f-54858a581c99,3bce087d-1fd1-4089-8fb3-2b81d33c66f3
0a44232a-ee72-40e6-8a7d-68e0a2cf6ef5,f0584239-e764-44a9-b687-60f3abb4a579
06be964d-80aa-4e4d-9606-daac87c10745,0d3f3bb2-9a78-443f-a518-b29c7b62c20c
1a53ac76-fe56-431e-8631-d6caf66eaad9,6d8b19f3-89bb-483f-af3c-33b8d0b469df
d0a21caa-a62d-466b-a001-ba2fb24350da,7312d619-aff9-4c77-b405-5587443f16cd
d7055eb6-90dc-4d0b-b9c5-24ef09351c8b,97b0881f-d7c6-49ec-b38a-08b25d294a4c
b539dc46-3296-48d5-acc1-fef8fe375d2f,4a8aff46-f190-463a-b41e-ebea49ff6219
dfc5e753-2923-426a-b682-7aeb9877ec8a,02e55b11-0657-4cdd-b802-b7cb60771ada
7f0067ee-51d2-4d1d-82a4-6b5dcc5e9225,10abfeb2-f20c-4ff8-a4ad-58af7ed6a063
2b32731d-9565-4360-855b-3dada576269b,d8332190-f144-4c99-a834-0c54e9e12f77
10460529-cb1f-45c3-ae40-10f808d8dd44,182126b0-b9d5-41a5-a5b2-fe1d12f497be
9c4242d6-3581-4670-a408-4d5d7d42d848,08077226-87b3-4beb-9617-d57033ef111f
47df9cb0-3247-42f7-b636-019d919b756f,7199a606-1274-4c57-a337-2cdb5dcb0dfb
7302d05b-8e10-4d0f-b32b-b9ff73d66b3e,08077226-87b3-4beb-9617-d57033ef111f
f53a132b-f2e6-4b24-8575-c8131f79d27a,e0574d61-be7d-4cd8-a996-e4765849bed7
d106788e-e0af-437c-bfe4-622284000586,b42fb80a-a4f7-4c78-b49b-4af8da9dd0ac
dcc816ff-008a-44f1-a137-50e2b6c3987c,5d7cf5c1-5ab5-4526-8625-4b3be4eace1c
b8c6de42-8227-478f-85b4-fedac47fa472,48f9ee35-c57f-40c1-9ad1-8464ba7edab2
201cd4e8-2c32-467b-96ba-5de7d31b5a2d,8eae1027-a62d-4307-9f4f-e9ed8616f567
6ffab451-530f-4f3e-a3eb-d539057c787b,7fbe119f-0ec7-4bb6-91fc-8233e85b3981
2cb1b9f9-91ff-4705-8b33-59b6b7de53a4,417a5a1a-c254-42b1-a6e2-cefca8c9c22f
c2d0ee98-5d5a-476f-8ad0-2146689b60b3,2571f18b-f003-46b4-9efe-6330d0848bd5
2ba5f2a7-8dcb-497c-b836-1291b21f447d,b198c094-8b57-4c0e-9ff5-7fcbaf534dc3
2bbb8af2-a4ba-4c3c-9547-826c2ffb171a,6f3214ee-6f40-4cdb-9d73-8256ae5747cc
9bb35287-cfd3-40f4-bd99-18cfc2278c5b,4f843326-fa5f-4696-acd6-7d9c501b4fd4
8f7e71cc-1609-4679-933e-553e4ab2dd34,6b8870d1-be74-4a89-a964-278896ab992a
7118d5e9-c8fa-445f-920b-fc14c28c7972,f15a043b-9275-4045-ac21-ae8ac658dcac
738836ed-7a37-4b4b-a12d-02d0dde5ede5,f33b7947-87b7-4284-9f37-8e50e7e83a23
5dba99f4-0120-49d7-bd54-0f3bcf65033b,bdaff4e8-bad3-4b1d-8a40-32842d20bbe9
d9a78a42-f863-4e96-a424-f2bd4a1540f0,54088331-11ea-4953-b604-688b5ba3e548
7d928765-ed05-4a42-a5e8-3bf53746f8ac,7febdd53-8991-4ac9-9fea-8ba7eaa7ac12
15e3548e-f8b7-4c2d-8b7b-3b8e97aee191,1f13a828-7619-4b17-8975-83121e1b5de9
da3596c0-14e9-4388-b516-e9f5c8907c7f,0267dfd2-6c5f-48f3-84a3-e6b984542d7f
7c6bc7b4-df56-4c3e-ad22-1ed6188f7d2d,d488697f-3346-4b79-83bb-83b7ad0f7eb2
7c8e50ba-af61-4b2f-ad5b-881753efd08b,a01b8eb2-1755-4213-aa4e-5693384dfb6b
e0f179b5-e779-4e08-a882-4ca2208cbcfa,914442fd-769f-4b91-8dd9-acad89c2fe3c
e8579038-2eb3-4803-9ed0-97cc00356a74,cf0b4c5b-55bf-42b1-a369-17163805c99e
f4d60ba0-f6e1-4711-a155-bd1eab956cc0,fcdeaea6-3c4a-4ef5-a9a1-6a3b89a2d16c
ef6ea267-14a9-470c-ac76-639e88312aa1,84460461-641e-48f2-bce9-e4a85353e2e0
b98b5925-f862-4e39-8f15-231ee20b4cee,42a208d0-c20d-49cb-a467-dfad96013493
af2f9025-2c58-4e6e-84db-258b89a9de1d,f2529d1f-054a-4f20-beb1-bf9810911714
c6975e74-d6bf-4cec-9d5b-17b3c92661b3,7283c00c-8d70-4e2d-af23-c0e09394dc31
95c74734-486c-4410-a2b5-5b09a34a007b,2e868a8e-a5e0-451c-88c5-c9c8b74690a7
90f12267-26d7-4fd9-acbb-3e40220378ec,a92147df-e4ae-4f02-a22b-2bab56959e4c
869026f4-bf25-44c4-8f08-3474a6bdc19f,9326cc01-3b3f-468e-b3af-4b49f9d639e5
ec54b3a1-eb1c-41f5-b9eb-d9b6357fdd0e,151c2a87-40b0-4344-a430-3e8169668a5a
63db5eee-9118-4995-af3b-6ddf622320f5,59dc06b1-4588-4cfd-ae92-cfab89f9facc
8f01db91-731c-4308-91d0-20d9f5d82501,3f920591-dfa3-46d5-b2ed-a9bbe2fc77f4
05081bb3-83d7-45ff-8d0e-ef96dac85e88,ebcb1bbb-7361-43ee-80a1-7958c029fa66
6cae51dd-2f3e-4169-b4bb-90cb19956af2,24dab9c3-69cc-497e-9120-6915b99cdb63
78582b32-88fd-4fc1-8289-9630b51b4fbb,a00cfe63-0990-4ffb-a5c4-14e54559dc5c
b4fbc46a-c488-4973-90d7-2d5b5d3913e8,b32ddc32-353e-43db-9b06-3c274baab086
9cf35731-5640-4e67-814e-ed80c70f563a,c3010745-589e-4c77-ada0-8bbc5d56f14f
d8321295-23a9-4c15-9a1f-0d774869db93,393eb5c3-8358-47b9-8994-437220bf26ab
5495fbaf-b944-479a-9bd5-9875a0ee2229,681be35c-f09c-419c-9b28-18fe6cf1b2af
42c65dba-14c3-46c0-9eb6-6ac13bb2d177,99abc954-2a03-4511-a878-64deb0ad5fa4
07f61c74-005f-4a6f-ae62-747462471648,7558313c-feec-4d52-86bc-5352978bc809
93c1727d-8c04-42ad-af95-84551a3f8536,6a33b47c-8d30-4d0e-96a7-cd7e11202f3f
993cc291-eaab-4fa3-8d3a-cad6a31b28b6,d47ab313-efa2-4fde-b7d5-4325f374d192
dcce55c1-cc6e-43d7-ad25-0f5bbdf7606f,e8a072f8-09d8-491b-8672-7f9dc22bc497
63ffb26d-812f-47e7-80c4-0f8a9821d93b,269c94b2-a4e7-41da-b998-499264a07ea6
3b97a6a6-61d3-4130-a240-d03000425ed6,d3b4a843-200e-4fa2-8797-d4277a718c70
b98b5925-f862-4e39-8f15-231ee20b4cee,6bb8a008-94c0-480f-bb75-f483e62d0132
a2fd555e-2101-4685-aaf6-a77d12e9b7d7,6d1e4817-afcc-4cf2-baba-4ce9ac5d2293
d052de4c-c7ab-4510-8552-4d8a18f36858,7c22c04f-c863-4229-a7f1-9455467c0c55
3b872b33-3277-4eb6-a089-b7acfb2410ee,d3383d51-1792-4d25-b574-9c6580bc04dc
3796f8d0-bf93-4339-a022-3ef677e0856e,2aabb585-ed95-4f2e-86d4-51ad461d8f56
41d98766-fc66-414e-9fc2-4e299a44f78e,8bd5422d-416f-4989-83ae-de8022d38cee
1ab8ede8-0d38-4c24-9634-83142cc400d3,c31fad3a-6818-46ef-8fb8-4e3f2b99b015
8d8ccef1-dbf6-4026-9319-e5876a24aa90,0c4862fa-627e-44e3-ba38-c845e873c5f7
d7187937-2807-44f0-b548-cd02f013d743,a967cc05-66ad-416b-8cd3-278c23b8b13b
da8849f8-876d-4164-8e5c-48a0f8233afe,ca53f223-13a6-4a68-8e05-b4e05dc8b015
818e463f-f913-4fb7-98d3-fe84cc24055d,2262eaa9-4151-4864-94fb-0de703238dde
e840c828-35b3-4245-a70c-0db86e8bb3a0,46b3b2b3-09dc-45e6-b77a-075fbfd6f5b4
a2837271-03a2-4db0-8f34-f84611a376e3,88924276-60a2-4acd-ad2e-6423faeb5ab6
df873361-3aa2-4114-a9a6-71a104a7e38d,d01aea61-a110-40e3-892a-4479390ee49b
4cf447d0-5a57-4e3c-8acc-fc0afdd81dd6,8801b04d-f037-48da-a8d1-1230af1571c4
79d9667b-864d-48f7-86ac-f33cea356127,9dc01cba-4865-4003-978d-f52148ec7ed2
65428701-e917-48fd-991e-64657fe1253d,72e5eea9-6ebc-4e39-8be0-b4c0fb8e5d2c
7fde3ed4-0d8e-4cb2-a3f4-4b2176363a6a,9b9e487d-021b-454b-bb84-91b57bb8f2dd
995fe2f4-388f-4f19-a4f7-133b402cf773,57f690cd-223c-4f53-b5f0-f4f542e386da
04beb6ac-0438-4cc5-8fe0-0df426eb6e45,7e51e309-b348-4d9d-8b55-85b21a76d885
1270642f-4e81-4a4e-a111-6ee888c4357e,837f9c21-c9e9-4e2d-8fcc-5da739a79f22
ed8c328b-383b-4b58-a37a-a9955d0cf019,a471ce9e-2e8c-4893-9666-1c9a203128fa
8c90953a-da7d-45ce-a32b-e5702445d1e6,bc8180c3-2264-478f-afa1-9f78d9c83331
89f69996-a11a-47ad-8ae7-2e02e46bceb1,3d50ebd7-0d55-49b3-8286-70cedccc7b8a
aa4ed9e8-1e07-4fb0-b969-6bdc48e7d271,60c229a9-d61b-478e-91dd-3d3362a29e22
bae75b4c-f771-4f52-b3e0-a189a9906770,5a50599c-8b8f-4ea0-89d6-71f6bf23bc95
6e9e442c-338c-4ad6-b9eb-fb04f39e3ca6,2bcb08db-dc26-465a-a9a7-3615be5ac53f
31ff6f2b-aad7-43e5-9395-efabfc676f2e,2c0bd5dd-72a9-41c5-93ee-027d220e22ee
7221a634-fa5b-4e36-b1ad-bfd95caaaf32,c9969aec-d88a-49b2-859c-2cb0e0c4fa41
648489d7-cef6-4ade-8115-743a285c8213,0bfc1132-7b39-4d41-8c0e-529709454c0a
4dbf9da0-e308-4dc5-9023-da258937d0a1,388b7bd4-d7a8-41e3-860c-6c30e453053b
0a4151fa-a68e-4edd-b63c-1645743bb329,5c38221c-45a4-4e0d-bd1e-3e4e54f9637f
ffacfa6e-3f04-44dd-90c7-a920419fe2ff,a9157788-dafb-4b5b-8ef2-0c90543757ef
b6667d6a-e30c-468a-ba7e-9a08006e10db,3fcee9dc-e423-486a-8858-8d60476b02bd
edc310d3-ff72-48f0-9e39-2def3b207099,21c6f0fd-df6d-4b6e-8933-0133621e7f2a
5611983e-88c3-4281-b3de-6d8ce1364348,a3e2cd1e-d700-4073-b404-5ba9ce8a9e34
fc26af43-4f93-4760-8023-56f27db0ee7c,8a5e3b14-1ef0-42a7-a40d-d92b0ff41327
2f8285f2-72bd-4b64-ab8e-c5adfbd943a2,205d7ca5-39f0-41f4-8758-a915e2644131
3f38e89c-54c7-469f-8f20-a61b91828139,f90c2a41-ed5a-476b-93b5-bda25ccdde09
51aa623f-03a3-4df2-b768-1f66c17343d4,73bb89aa-a709-49f4-a753-5c3a43e696e2
25eb9cdd-c3eb-47bb-b4d7-6cf49677bafe,d5f7e8d6-02bd-4bd6-b53b-4d62582a1b03
f905f0ab-9e48-48f3-9340-66ebf3fbb36d,0641e186-531a-41cc-974a-2e97b5526125
67f20fb6-3715-48cb-bf9a-73a35fa53c7b,a24ad8ee-d782-4167-a6e1-bf80c4b4a041
92c06068-f20f-4cd4-8db2-226bbefbaeba,7a9ad1f4-7aac-4548-97b9-ef8bfa593f30
2c0b7e36-9951-44c1-9bc8-96bbb8bf16c6,3a7c0d1a-b15d-420a-98b2-01e5d1e775ed
ff36f330-806f-4b37-a45a-d44af9c4e525,ad87c34f-9546-42ca-b208-5d46673a7463
d25a9be7-22f1-4f8b-abcb-aa9de2688ac6,93dfad1b-5ab0-499e-b298-e5651fb51879
b353ef08-5cad-427b-9b9a-7ad6a10b5023,7e39327b-2339-46f9-b443-ae6d145d0106
d180f7f3-0fb8-4816-bcfe-b8d2216185cf,3bff1563-48c9-4873-9eea-5b15e3877e0d
1bcb8c54-734c-4f45-b770-4b4f26ae3909,f2bd892b-edcb-4733-a623-ddf539ee7e58
44de239e-9b1e-4ce8-a4a9-7ab2acfa61f0,1a02428b-c51d-44fa-b842-d00a56a215b4
1fc1abb1-7959-4389-aef6-e64aa79cd35e,a757a32c-ac5c-4d32-a0b2-ddaebf45011d
21164a87-ff02-4785-9f32-5fd767bfdb64,16f069f2-e1dd-4cda-9cef-6410acaceedb
8d797513-27be-41d8-a19e-9819399d21b0,fbf17f9a-295f-4a0f-968f-fc7e44bd926c
e8bf6879-e69b-478f-bf8f-c3cb256fb546,07f17029-5151-4bb8-b4e6-8e2446f544bc
1ef7132a-115e-48d3-a73e-0aa67e55f2af,46b3b2b3-09dc-45e6-b77a-075fbfd6f5b4
0ee15f26-1d99-4ba4-8086-27a9488128de,c3d82ba1-9d15-4b5a-a17c-f4f071cddbea
52138a09-eb57-4f13-9d9c-7e299fb43154,2a3f04ff-d6a9-4baf-9542-efdaffb71c54
1fc1abb1-7959-4389-aef6-e64aa79cd35e,62c8c629-fd77-4dfd-8e7e-51b71d26c8cc
14b69f3f-b9b3-4f63-a2a6-703763a43f99,fe0a4ecf-1ac8-42f7-aa1d-4754c16d4f0c
6c601952-57e3-4fd5-a9d7-c2444c3ded3a,4feb216d-b64c-4dde-a9f0-6a13311f689f
8e45e959-2b42-4ae6-aace-935de658e52b,382c8a98-8e42-418b-a2a3-db7cf5696825
8570a6d2-f666-47b7-a256-b4b6a2062a4b,a70e311b-41cc-4f3a-9276-8d01404e013e
9ff06f70-7335-475b-a786-6a94d21e960b,9035766f-17d0-4659-a3c9-5aa4c5cf10a4
f86f1cc3-4acd-427e-b7b7-0d0fd24ece4d,9ee5c91b-cbe4-46cd-88c4-06120861c489
86c57e26-bb9b-457f-99a8-de9e7a96b385,87a09577-66dc-4793-b2c4-2edabe44a90d
d0d52836-e85d-45c7-8112-080e0bfe9a83,d59a7b3e-d5b0-4db7-ae95-85cc7c1cce1f
6f29a314-e919-4753-8359-7a530bb44b75,815558ba-5d07-4d3e-8b3a-e7714c4dc583
cc83fdfc-c853-4673-9be0-3d594c9c120e,c8b4f864-fdb7-4b6a-b793-b11ccd16a293
6a0c6024-e646-47a5-a736-aac79330fa18,4cfafb56-0237-4878-a0a6-7199a60d8ccf
328058c0-25bb-4074-a3ee-0b61afd23261,79276c8d-b842-4062-ab3e-74bdc28ecd37
869026f4-bf25-44c4-8f08-3474a6bdc19f,b17b53e6-2029-4baf-9111-6087351402d7
d5969d5a-b2ef-4f85-8995-0f9e66da837c,ae779f95-60da-49d0-a473-2b25bda74838
d2ba7170-aaee-41ae-aeb9-041ea51a5d12,0e73c74f-756c-41dd-a19e-48a537dfd233
cac8e97e-db44-4506-ac03-b06d341c37f5,05bdf73a-e006-4e88-ae89-5379be34bffa
cd8d6175-9c09-479c-a2fb-9060a9f36ad5,aaf194c9-3daf-48a8-b545-e6993a994064
3a9bf1ef-d135-46ce-9a4f-5f2956d59cdb,9327f897-e206-4b02-9428-6eecef2f2a0e
6e643b26-63e6-45d2-9bca-a1f5dc7b7cc5,470323dd-4c25-48a4-9df0-c448c0123314
50fc4a06-ce2c-4ad4-ba5e-af9fdf05b66e,44efc3bf-c27a-46e9-977a-6fc43538e8a1
c9eb1b6a-6ab6-4fb5-980b-21ba18e141db,0ee9d175-81b7-4765-9e46-7c66f0a8b6e0
92207251-7121-41a3-9e63-4467086b07de,9994339a-41e7-4a4e-8d79-a9918c3ab7a2
451ffcb5-651a-468f-b4ae-bbff1462dd5c,d4fc38de-34e2-4b90-b5de-cbdef156188c
80418334-31d6-4a86-a551-72c47f294f04,334419c7-bb44-4674-9e90-abbc1cbbc29a
9739a757-403c-4c94-bc0e-793a9c436c7d,969d3acb-4522-4566-b2a3-56b61dafdc8f
af185d45-8cdc-4316-8468-f2b7b9d2222d,adf80042-278d-4181-be0d-683204b89b5c
06be964d-80aa-4e4d-9606-daac87c10745,ef4629ce-7576-4675-89ed-d83a608dff46
a7a3d148-f795-4505-856d-2b5d841153d5,1345a1b5-545d-4a10-b9ad-80988dec677d
baa868e1-9291-492b-89c6-e73be8ff077f,2fb258af-928f-4e96-adb5-993a916bc609
2fd241ca-fe6c-4d49-a56f-783a598c0edc,8ba2d6bb-cf61-4119-8dec-386d776efe2c
9e5e9622-033e-4e32-ab4d-5622c0af0424,dd6baabb-17a9-466b-bd56-d7327663e8c7
78acfacc-2602-485f-bfac-23a197bfa7a3,02386060-1191-4f73-a55b-e0dfaf1a3ed3
839aa122-9766-43df-b1e3-70f3ad4fa167,47a2329e-8726-463e-a505-f40838b53ad8
d269ea90-ccb6-4731-b142-31dc66b0fbbc,de4749ef-b986-4064-ae9a-7099452caebb
0b5e834b-9f84-44dc-b119-f1d7a615b9a2,c0f02bdf-a76b-4bb5-ada6-85835d47cf48
b5793fed-9987-4967-88e1-7198c9457a58,825dcf13-527f-4fa5-b2d7-08359fb251aa
94ddc379-ff02-400e-843a-f44f5080d4cd,0d4f8e5b-f72c-411a-9f98-1afc45f9cbdc
73c06f03-babd-424f-8055-0452fe250578,42623bf4-d966-4a44-ae8f-6c134bf97c37
b2d45445-4218-4d68-ad02-f774116b12e3,74c9c512-7aae-4d43-8d6c-5ce0f5c5bda3
e738ce1b-cb10-4ef6-b924-c8be953475a8,493cfb8c-7438-4983-bc7b-d242db902bcc
b39bc78f-35b4-49f4-af5c-6e7243641ca4,c5a68c0e-59a4-46fd-89b6-195a372b7dc7
2540b8da-43b6-4e36-afce-8b0ae20fbe6a,22b5ef00-0ed6-4f99-a665-109e0b47b192
3a70db37-6b54-4dfd-a84c-28cf809709f2,1edf2a28-e70a-477e-970e-3ce6e1c54058
ff0276b3-4fb4-4052-9f96-acee78be6419,410647e2-f0c3-4fe1-a39c-19c6d11558b6
012b192f-9eaa-4d78-93da-255a6ce3e516,239e391e-a2e1-46d1-bfc4-d112bd9c5445
9eb3316d-4f01-4fc7-b5d5-6fc35da9e203,2a318c93-a361-4f89-941d-7277e0508442
3a905d99-de0e-411e-80f5-71dc6eea2051,61c7297c-fe6d-4057-be45-5bf316e0044c
7d30f686-c8c5-445a-940f-145e86bfc09f,7c78c96a-1099-4e46-9600-52a2c11a76a8
385c29a6-53c9-415f-b23c-289a0421adac,6fd1f9aa-a4b9-425a-89c6-71f3e1284309
bc780c61-7fad-466c-ae4d-314769f7f2b9,4a6772f3-b607-4bb0-8024-181168fb5903
ae1c8184-c513-49cb-9e02-2373954bf232,b130a263-44ac-44ce-b3ba-5c6a7036f77b
63c1cfbd-6966-4a54-a861-e65b212a299f,3703ed37-a5b6-4e0e-9beb-77a2ff4af46a
ce896c8b-ceee-4039-bf46-b52784de6031,313e7f46-e816-4fe5-a29d-29a0449330b3
f5cec344-49ba-4911-bc34-7c36c9c2c765,c6564418-2dd7-431e-bb3d-db2e6d6f9d66
75c9eaf8-dffe-4d33-99db-dc31cbad8914,862aaa43-b722-40f4-b7c5-9e1e11b147de
52138a09-eb57-4f13-9d9c-7e299fb43154,1f37a895-d394-4261-ac84-08089c556af2
4647749f-e7ef-4924-a1a2-4e826293ff03,0c7382ac-598e-4c2d-a7a5-212f5b74358f
0186eadb-5221-4cf7-94d0-263a0557bbdd,2a5d4c60-1f8d-4a7e-87f9-f64aec40ee25
d3344d54-6f51-439b-a7f8-0f4bb2c368a1,7270881f-ab78-4a98-a095-a7ad15783a9c
a5bd8ae0-7f58-4805-9a2a-92b77fb7be85,e6719522-8dfd-4b06-8021-18b1b3f9a6f3
0aa836c5-4fdc-4c9b-8428-1aa2687f63cc,158e081d-cb3a-4de2-9e6c-cd1776fc4602
f9ba8393-ceff-4eda-aee3-be17c286c787,e28f1d29-b6d3-4a34-8529-4848c6a94ca6
e93e9d2a-3107-4a1d-a292-dce25b94c846,f9a45882-1a3f-4a65-9510-95e4a7d3d486
5da24571-92d6-48b4-9bb4-03500f81ec44,d87b9d8e-fb9c-4b86-a626-3affc0024145
d1726519-e3fa-45d8-a4ae-9441602f2cd1,379727ff-ebcd-4866-a0d4-a21f56c9235e
f785f563-8550-4b9c-9bfe-bbafc9f2f429,97892aaa-0e35-4352-8a91-1e2bc6c7d22f
42fbeed9-bce4-40da-a037-faa3e615706b,2b307a77-c343-4d1a-b923-080020d08a10
81a3bddb-c1eb-4fae-971e-6e7939060a57,22362b3b-df7f-4341-aba9-765635a161d7
8bfe64e0-865f-4fb6-ae3a-d4ed4689161a,d9637a86-2192-40df-b7be-b29061cee5c6
da098f1e-0134-4e9f-8014-a01699624f87,d1482785-92fd-4b75-bcd6-bb91c69ccbe1
4e8ea10b-1cbb-4a68-bf7d-21a783f94a96,eb754e80-b440-4fa0-b7d5-af00dfdd1450
177a1142-6ca9-45ea-aa59-3eefc05bb11e,7d700213-d9b4-47dc-9f93-2d3227789815
580cd89f-41ee-4a70-af01-9d0914ebb472,420137d2-871d-46db-986b-36b4cdd18823
b937d725-dc27-436b-b377-77b221f1115a,39eb9b63-94ae-40c3-bdb5-b78856e75b67
a4c8f97d-f96f-4510-af59-58250f02a40c,e7bce575-e734-449a-9def-291ee70537d6
6fe32d5e-9c4b-4e3b-9592-a25437144bbb,aa856823-31b2-4501-825c-312320815b17
797e18f5-b75c-480a-b8f7-326dd697e877,18f0e244-a0a5-4416-bda8-92bad5f01fea
0ce3854d-b6a8-4ec9-a4d0-62265260a9b1,7ca60bf1-91a5-4ef4-bf4a-8bbd50be64ff
fafa08ca-4279-4a7b-9585-bce7c3bac692,21131c53-b68b-42f7-8070-919f47b1f491
945d4247-f927-4475-b49b-1362888f6bc7,3908c501-5e1f-4fab-91e4-781d0183d082
04f11c60-52a8-433d-ab9d-654f9b340479,739adbf4-3da0-4b82-9cc6-22a2964080df
466dd8f5-f1eb-48f4-b3df-e1af9e410a38,376f2348-5201-4166-a974-9dd0f86d187f
0cf4bf0f-0841-4ce2-a10c-5ee9defe6c7f,db523fba-7087-4538-8b42-3bbcf61c9066
6fc44409-a9c5-497e-9a2e-18070becbe1b,524f74a4-e806-4e9a-a480-7326a49bc264
fd78c986-4077-4695-b254-952b6686f137,ea649269-f3cb-44f4-859c-2330b98ffe51
4e86e293-9e2f-4a05-b2cb-2f3c1be36380,63b48766-620d-4000-9b4a-ead5a4c8c961
7b4abb55-355a-4bab-a9b3-cc89d61ecf59,6e8b9216-e119-4f48-8185-e38c59036716
d106788e-e0af-437c-bfe4-622284000586,772662d9-ef93-400c-a473-6809c957ee51
f2f075c4-b273-4634-9a0c-512eadcc4f39,ebd3e863-f250-472e-b1ce-e0c1ac637962
81988bf3-d0c3-43c5-9527-17c7bef36829,f00487d9-3546-42eb-8b01-911556816f32
fa7deb3d-f473-41c6-b7dc-e0186432e1b1,66fc23ad-ab70-489c-896b-1cb3fec86355
48f07be7-3bd2-4549-999f-bfd7c8397b9e,2a4e1bd3-856c-4c10-bfe4-04ba9ae58024
0ee89ad9-808d-4f7e-925c-4ca954c15198,0c838416-e6a6-4991-a1e5-d01895cf9906
c8d5dc85-a5cd-4cea-9086-ee595ef7848f,b14c71e7-ee14-456e-80d6-0990cd4cd855
d880d046-b127-45bf-a8ed-9a1dc36ca62d,06a534ec-f3df-41d8-9f1c-2746f303efa7
57ee6a8c-7cde-4392-b0e0-43122b330524,fb5e71c5-c01f-4f7c-a18d-4a35a9504acf
84d835c4-321b-4943-8f57-6cc7dbbbc4af,2efa9405-99f1-4b81-87d2-9343cf6e8555
7270ea8e-59d3-4c4b-be55-9c93a8b08f68,6eb67f7b-94ec-4dfb-87ff-6fced82774cd
e9456b17-b3d3-4ed6-bb09-543faa810cae,c634868b-3be9-4fc9-a542-cad8a18866e2
ee077a3d-e81c-4bf2-8afc-75dcae7346af,e12b505b-0e70-4cbc-bc9e-bdf6df6e24f8
6330dc4d-6fb6-43be-bc29-bf6c8376b599,69efc7a6-a0a2-40a1-8efc-5382fa42697c
b0f9a511-115f-4b44-9071-d8c2613e1a72,87922c13-56df-41c8-aebc-d160123ee116
13ef8ee7-a80f-442d-bbf4-004f035a914f,cea10cd6-0a8b-48c2-8914-07a4b43ce10f
fb552fee-442e-4671-93bd-cf27102a763f,a0cfb944-2a41-4750-85cf-ad7ead2eedf0
2a76c5ce-3926-43e2-8044-747e168845d7,ba733472-6999-4b46-baa7-c09317cf81a4
08489c80-1fd8-4300-94f6-2dcaca8d42cd,c8fc2830-c8b3-48bf-8ec7-3745293bb077
f91a4774-5bc4-43bd-a97c-df0560ebe9fa,fc2d8bc1-f776-4b1c-a103-f45273c81c22
e34173f4-9473-4e8a-ad5d-9611382f01d2,3d0d8fd8-6729-49c2-bd38-99424d267be8
16ab4d99-b266-4bbd-a797-b902e8635ef5,048a1466-8e35-42f0-aae4-fa72622f4d1b
6929ff83-ae87-4995-b1d7-f88cfec818bb,7f358221-0471-453f-bfa9-93d47898fdf6
f288a398-ae49-48c4-b1e1-539dcf72980a,a1d5487d-b865-4d23-a90c-1c8cd1bcc803
57054094-254d-41c2-9574-5aa89c920693,152e092f-0747-45f4-a503-040b5b5e85ed
996edfe7-da0f-429d-bee9-50f0c9fb9bdc,1f952dc1-e220-4180-a4ff-9ccc4984df98
f100a382-5e67-4ab7-98ae-97c464c90725,2da0b7d9-911a-486f-b7f6-2686b63bdbf6
e28c3401-78c1-4135-8238-690bf9f25f07,33531460-f540-4890-8249-7fdefabd2200
6a51a1ef-14d0-4139-84a4-872682e59e89,14f062c9-6fe0-4c5e-96dc-dff3d3223968
5dbab97d-80c9-4edb-b21b-5a5440f31a25,fac05cfe-76cd-4e19-8945-3bbaeb53bc14
7cb926c9-a3f8-4b05-a5bc-5fbc61cfa51d,8d7da243-c2ad-48a9-9cc1-bb306185c846
5851691b-0cff-4559-aa08-deb82e9d7f75,28644233-5357-44ae-af21-e0d4fa2c3689
82b9c228-2410-4809-9e9b-9e501fb0bbad,11836531-c565-4540-acfe-299ebeefd08e
800bc75b-f7c9-4b22-b166-f847e4960983,67cf1bab-4803-48af-b202-6ae0f62fba7f
18e199b0-099e-4b90-8552-54c53287082f,e3be3782-848a-48b9-b308-506d934c2b0c
f2f03678-7a81-4174-9531-84711ba3b7c5,53e85d8a-6a6e-49b4-afe7-3652da739f0f
9ce62e41-28d7-4269-94b6-9d2bfcb73fca,b963c3be-6671-4ae3-816e-3686bb7a753d
96304c35-07dd-40b3-9db5-9f7f9cd1f946,cd64bac2-b4cc-4f0d-9859-548125179a3f
126958ca-2868-45cf-ad46-a89042559305,a92147df-e4ae-4f02-a22b-2bab56959e4c
a2f36dda-91ac-499c-b5bc-4592002a1bf2,5b0b7f52-947a-4aea-b1a1-c84ff38c5334
1dad3d70-25e2-4562-9b10-7150c0f09616,f9348eec-72cf-45e1-883c-75caebf15b21
480dcf9e-baf7-4bd5-bee3-5beaa772d129,e245b33d-85f3-4cd8-afe6-2a151236fab9
8c9f160d-9689-4891-84a1-6a50529ab3dc,fb0ae1ed-6048-4b8e-8fb8-786e36083b7a
eed75ec1-d200-4013-bcf6-302ea106f404,f30c7a27-2499-4b67-a516-eccd8027d72b
05a32490-02d5-4d11-9a8d-8b9a6f4ebd55,7279b382-fc3e-4456-abbd-09263c6173c7
1aeb2393-d856-4ad6-b6a6-c923a1677b93,40dda757-1e86-469d-a9cc-a03a5c506085
8d40c3c6-6989-4581-b625-677f2d95bda2,8a779c56-9b42-43e5-9cf4-5c7c1a6209f9
6d5b296b-ba8f-4d8e-a7e0-4013f75d5b40,cf54e7ac-02c4-4962-9bb1-d277bbe78fe4
5e7d8802-eb10-4404-be0d-5280d0c0d52a,712a0d1e-760e-4711-881f-ae96e815f6fb
703893c8-fb5c-4374-af39-06b72d38e027,313016da-4364-405a-9a69-9a84a35228ce
1c7356ee-a32a-47fd-9d63-8c1926d091ee,80e450b9-cf79-4c94-99bd-65d7856b868d
4718bafc-9ead-43ec-8f9a-67aef20faa88,bc522437-6c79-480f-885d-75f5d1a2d185
7a7820b9-78a5-4af3-8697-967550ec2752,32e73580-2180-4a33-88e7-b8a3bade02f7
d1726519-e3fa-45d8-a4ae-9441602f2cd1,418f416e-d002-4ec5-9e27-75c7382fb269
0e14c881-7d12-4c96-9c5b-2dcd4153418f,14a26a57-0e58-4c67-96fc-a8f4a973ac2f
3249fe6c-3373-410c-b304-ead4e68f458e,36206fc7-2030-40b4-9385-681fe37e09ff
e1cbe0da-fd77-448e-a7c6-6ee2085fb6ac,dfdc02cc-ad7e-4282-8480-0ff8a97d1fff
4fdd9d2e-0eb9-47ee-8474-686904e092b1,b107d5d8-14ec-4f78-92e1-a90c2dd77fd8
b3da98df-fe87-4c79-8505-3c0846a07ca1,4c03f9ed-1b03-4c4a-b222-68529d869392
153f4d9f-d33a-4400-aa2b-38349b78b3fe,0db50520-b440-4329-9861-83bcb456d77e
d3476bb8-faba-48e1-a343-296185197efc,cd0cea34-2c9e-4b5c-9b47-c9ba1aa21619
461e3355-82fe-4b26-9695-f980a3e620da,c5ef5a84-d07d-433b-930b-06894bfd5c8c
9884abce-f6ac-4933-b136-05f4d4c9a8e6,76b870b7-5354-4e11-90a9-2ff22c00505b
14b53871-f4d8-4c07-8268-0bcc0f6ca61e,b94dd6c7-0d23-449d-b0d5-5615bff741cb
8f8879b1-c002-4bef-b418-f98713a6a2ac,107ff0ce-188e-4fc3-b1fe-073461871e76
ae00d9d4-1642-4973-b138-2767542bfc3e,6eb5eac6-72bf-4725-b730-b89f36c55f82
177411af-272e-455f-9297-341b05871bc0,0320a2f8-742c-49d4-a7f0-9ee85a844f02
3f4655a1-eef1-4d8b-8fdf-80ff9fde658a,e753470f-e29a-4e44-9f85-84c875acbd13
f71c012c-0cc5-4e6e-b388-ab8e518925ee,4844f1c4-b386-4555-9e37-03f92329daa3
262ec04a-d6aa-4007-8e25-1de3536451d6,cf480d9a-32e0-4328-b8b3-056ca29388f5
0cbdc15c-347d-4a81-b4ee-0fc6ae8bb5b9,e9193343-f665-43f8-a918-831a07581560
6de2e97b-2794-4bd5-a7cd-a6aabfefe864,047d723c-ee77-4c21-81ab-9264f2cf2f22
afb35b07-1f35-4ff0-b898-becc8d8a61f6,214cff91-1ca1-4ea2-b906-b2d48b02e6eb
c1338761-b8a5-45ba-a751-514c1a80c1b3,c850daf2-e08a-4d21-ab3e-434e639f6a4a
24de002b-3483-4fc4-a82b-2bbdba7e7a51,433717cd-2839-4467-a862-640c42ed78e7
04d1ce61-56b0-4ee7-8870-b89e21f7d5be,3cd2d637-6cc7-41b7-8935-f5cff9982058
212e0529-0085-4698-9daa-062bd77d92b7,5cddab73-04bb-4c10-ad8c-afb1bee935af
9a2a4d3a-cd69-4eba-8b52-5bab6caf39ed,5296ccd9-cd33-49d2-b2dc-3bdf47f4df91
a5103599-c591-4181-8ee5-df297b2fc7f7,6447501f-9864-44ec-bd5c-e4146f0c0561
8f58d94b-c697-4175-a105-7a93ee2588af,d7eefdb1-fd1a-4a43-a7a7-f7182749e651
dceb225f-2ec8-4330-a432-b73c09b37f30,73d3da1f-cb11-44f6-8853-5e8a9629804b
ca46b311-6266-4d48-aa55-119b3ecceaf4,22d70ad2-6999-411e-acb3-d1e294428b6b
7b867fe9-d9f0-4f1d-8072-cb682a3702c5,089a76b0-1a26-4a43-9870-3be02b965017
a65e2180-a813-4d1b-8154-07c9d438abf0,3c64cea3-7240-4fe3-9456-ffbf24bd4891
e2e0ad62-6ca6-412b-a1c1-31a0277299f8,ca29ec80-b043-4989-9fc8-f89f7c43a76a
f339009b-770a-4103-95bd-512c3b489681,77cb91c9-f048-4c33-a4db-4d06f7194556
1eaef818-3de6-4ec0-a907-da8ad6a2ed9d,3ab92a4f-b5d9-4a34-b42f-117d1a6004d7
ad8da663-0f34-456f-8734-9bf9e862fda4,505488de-da2d-42da-8166-99902cb097a3
5b80aa3c-74d8-465e-b417-1225a5eb54ba,c78824ee-e954-42dc-8f09-4d812a25b1e6
bc97d47f-b08a-453a-9218-95cbfb1cbb9c,54337663-29ed-463f-bb9a-db588b0549a6
078f31c5-613f-4659-b14a-fac72a0d7821,7ad61d6f-9149-47f3-8b03-84919198037c
cf1180a3-14ae-49e7-b88a-42b5edc9def3,cc8ebc81-c21d-416f-8ff2-56b585f84e40
4da4ad51-b8f7-43f1-b55e-9717c01e6107,028ca400-1a78-45c6-be65-a5f135f71977
8d9b3722-f961-4883-bdd1-a531990cdc35,17d56e21-c57c-4af9-bd9a-9464ae1a7225
b01f654a-edb0-4ccc-b0c4-8c0f1efc8471,f78e35be-3318-422a-a6a5-060166b7fb92
de3e2eff-b4d9-46f5-b38a-03190abee081,316f0381-bdc6-4be5-976e-97510d87ea97
716fb121-1853-41bb-aec9-fff5a8175c2f,18db5352-e2ad-4083-90e2-6a18ef9be1ad
c608e68c-2dfa-48f5-94a4-49edb6e9ac86,b1b90609-2b3e-43ea-8ffa-32585160f6b9
16f67afa-6f8d-4885-84f3-7eefc46f3f05,ac24b84a-489e-4873-917d-00cc2184fc34
d96b027d-1424-4eca-a102-987e2731a5ca,7af29545-b8d9-442e-8ca6-5fd56d4f4d1b
e2e0ad62-6ca6-412b-a1c1-31a0277299f8,f7217ea4-54df-4e28-8629-7798d181fe06
3cd24e80-1959-4c2f-a48a-a4e39509d716,f54e7dbb-4aa5-4ac7-b907-e5de69f27cc7
698a3e34-d674-4b1b-b75e-e47792cf2e60,42bc44ce-b6c0-4261-9522-84181ce87266
03196d0a-a549-48d0-9085-ce14aea54b65,f0ab8ca8-624f-4076-80a3-733954428c81
dae8c146-8c6a-45f2-9d96-5507d25f5ddc,cb818362-a6ae-48c0-9770-3145898b07c6
1c6bd888-b642-4d93-8927-1dd06567e3df,e2791a98-bf42-4f12-8b35-f001ee4bc40b
34bf75cb-596f-4d30-ae2e-f3b72fd5b84a,8cc30930-78ef-49a1-9944-e75ee95cfff9
66accc1f-7efc-4f44-bd93-cd7a427ddda1,e45e5929-f5bd-4d90-adc4-d0178582677f
533119e4-dc33-405d-8eac-10388c6299e6,79a799e3-4969-4059-8d2f-4b67878296ff
aed9520e-05ad-4187-b4ba-3f52de985f49,ab59c084-9325-46d8-acc2-7bdcb431f6a9
84380384-6d9c-447c-829a-318f6ece383e,f4a84475-e272-4f46-ba51-8bb00e486a5b
f71c012c-0cc5-4e6e-b388-ab8e518925ee,6963a4b2-7ce5-4f60-905f-2b6bd941cc74
c2db6fa3-5b36-43e0-b8b2-1df8de353b01,b7373324-c75b-4196-8076-b7360a36603d
44332d4c-94d7-4e16-9e42-6c69d6add535,d7105c59-4601-4217-a743-47b056724038
07f61c74-005f-4a6f-ae62-747462471648,939d89fc-94b6-43c9-bb69-429178e329cc
b0a9e906-102e-43f8-b142-0a4ad3880e01,c0d488dc-fc68-4f1e-8b09-f42915df9128
ef8dce61-aa9e-4d5c-b1f3-1e35f541bd3a,d853ce45-1681-40f4-94df-7ac443715242
d5a73110-4960-4346-a1c1-1feb5d714620,a1730bd4-01cf-4354-8361-3002eb976443
8d008632-aa42-4989-9a11-460f1e9b9dff,4995bfbd-5930-4639-b84f-18e15b39a646
557d1f91-ffb6-47c3-b9af-8b7101a4d1fd,9cc72ca2-81fa-4627-8653-44bd4a1606bb
9d35bb5f-ac8c-4d0e-9880-ef3f3d1a6013,a29c4e91-e9e5-4c10-8656-41c4ec05ace4
2bcfc196-dd23-4080-a01f-3245f63cdf04,caaeb479-2f54-43f4-b351-4665e04d23c9
28f7b3fd-a862-4b68-85f9-fd9db2c127a0,a6d7b795-3c5f-4fdc-a894-73fe76874f5c
afca6116-017b-4f3e-ba1c-3270d084f9ca,e95f1b83-4658-42e5-866d-3e6c93da9198
7eb69f82-b966-4676-97c7-7dffe58d87e4,23c3a50e-fef6-4392-a986-91756c7933ba
208bd78d-82d4-4bae-b31c-dc79ba0e14e5,8c56732a-2219-46d9-adb0-9e13e5f93f4f
d0b34dd8-e56b-4805-8168-fa412afe3599,e1656aea-241e-48c7-a834-e4239c6bb8f8
70f80841-1239-4dda-9b7d-6afdc4ac3377,485fa20f-aab7-4298-8f0e-1cb5b86e3d70
9c70c283-7cfe-4040-ab51-921be88cc644,ee40811a-4119-4d99-a862-0758563215dd
25b23b0c-b11d-470f-8c8e-08f039481e54,9a785c87-979d-42f6-a5f6-5fcbf6b2b1e0
3f69c949-f48c-427f-91e9-34aecdd9a839,a86073ba-9213-4ab4-b626-682509a21667
db3bc1f5-353c-48f7-b05a-79f2cf6635bd,e1f182ec-9686-4a93-ad9f-21483cd63293
49e98e46-8487-410e-8b78-1e2efef21e17,e9f8906b-0085-47d7-82eb-d1a0e33059f8
912c3a5b-8576-40b5-b464-6d14d336bf4c,894420bc-a82b-4e69-83f6-58dc48c6db2f
43349a9f-93ef-4a36-b3dc-474c022a0a0d,78feb129-5153-4f36-ad23-3f0c9261657c
40d2ea45-3e49-4e03-b2e4-c3b8b0266f41,72303231-4119-4899-b1ee-481138489a9a
6de9118d-8215-4306-96d9-38f09b644349,74455ce6-12f0-44e2-a3dd-adfed970625f
4ea25421-38c2-4d3d-b211-07c1fe35311d,20339a74-1a41-40bd-97e0-ac611dcb6908
80c8acf2-3d98-4ea4-bf4f-c7f91caee100,88ad504b-cbdd-43ae-94fa-796d54f6a9db
5dea65ec-be1b-44df-bc37-7c7369d2d5e9,2cb984c1-91c8-4483-931b-b4b16c928f6e
d345d84b-92ea-4824-a6e3-807bcce92518,c19a9d54-16ec-47f3-90be-3cf601e6e30c
fb3cc0f1-3469-4466-9b7f-99b5d8b4a615,cb818362-a6ae-48c0-9770-3145898b07c6
9e27d05f-677d-43ec-b256-b1ed24a7c248,21c73a8d-eec5-4c7f-94ad-863eafdaadba
b8dfdf92-e11d-4b75-8227-7b767e5ac999,2a9675be-f11e-4298-bf01-56644e8af236
f2c4553b-f351-4121-8b23-bce3ff48f12b,23307823-47b5-4aa4-8213-d1417d5a5315
196a38b2-1a6f-4879-a8db-b3041fa883d4,365547e5-99fd-4642-89e6-298f608529f6
b6d34949-2de6-45a0-8c69-551a0deb29fc,c630debe-900d-47b8-8869-05e1ecd4394e
3ad7f6d5-cd32-4371-9ef3-59e0110461c2,ec3f52b2-6bcb-47d7-b1f7-b0a014bb690f
8c1d5b47-8396-4f8e-ad86-617359f010e1,f71e9937-9784-46cf-8b50-c3df31122a18
06844d80-3773-4941-9756-73ab66ecd4c5,6637b96c-0196-4041-9db1-36db3758da7c
e99263cb-0071-4182-8105-cf32f38b9551,fb2a9ccc-d16b-4ccc-8685-ca3104f60595
02009c31-4630-4d61-9495-3cf92cca665a,6d29d430-6eb6-43fe-ae2a-ce86cc86fc25
05b8e0bb-d126-41e2-9c2c-74482eba5f2b,cbb5f14a-55de-4321-bb67-1cbb5c979ba6
9df82136-a9be-4149-8b1e-debaa7979fa8,f15b2fda-fe49-4479-9a01-8f792e7ac3f1
1270642f-4e81-4a4e-a111-6ee888c4357e,c02f9e67-7c0d-49a0-922b-0abebb1e7a2f
9873d967-6a80-43da-97b6-636bd515c537,3a6d8d3f-ccf4-4558-a183-a47ad28cfa83
b985c1bc-b02e-4108-9613-bee55f31baa1,beb2f437-0857-468b-bbad-85c40d26f013
a324183d-7e70-443c-8e62-e8409fce12d6,c31fad3a-6818-46ef-8fb8-4e3f2b99b015
6f29a314-e919-4753-8359-7a530bb44b75,7d578041-1adb-4ec9-8c71-f22f87441896
dc7bc1b8-f043-4483-919f-1a0b56a48504,6ee7ab7a-cc17-454b-ac30-980f7dce258f
db1d7de7-66a6-4dbe-ad43-a2f0bb08bf35,fe97eb3a-d3c5-4f28-8678-5d5850a0636a
3b2c24a5-1aef-437e-9fc6-c34167d7ae7c,cbf0e44b-2a98-4b69-a069-ec265a36b790
32bae342-3c4a-4b20-a9e1-341fc41d0405,68a4590e-c851-42a2-b567-bb6ff1070d2d
683183c7-4a59-4ad8-b4bb-8e24ee2cfc7d,bf3e862a-ed79-4a00-8e76-59f14b55bcef
3465b667-3010-4fdf-b7c3-e994a526c5cb,f267748f-4708-4a2e-b0ec-af020e796dd5
8aabf714-93c8-43d8-a861-e9577d8ac231,eb33cc59-009d-4dd1-bbcf-d8413765e02a
5ecd53eb-33b6-4e45-a120-b6bc2349784c,7cb5147d-b657-4c74-be5a-fe1dfd3a738f
fd574436-13d9-4fc5-93b1-06dd6c5f3753,7f76e799-8da7-48eb-bff2-03aa7edc8725
2cdb1d9a-cb31-4fab-8f3a-37c5e1ce5d99,4160eb90-6698-4d84-a909-2865b8d809f3
04bc26c4-ddc5-40d5-9c7f-7062edb9b154,eb476bcf-7a87-4ef9-a6d4-a79b37f1a3ba
d58fd15c-120b-4787-92cd-4a9818fcda9d,88ab4466-5d66-424c-9ff4-9dca4bde71a2
1cdac06a-82a8-4445-9d91-91bba48972fe,7b206ec3-3b8e-4d0b-b117-5002bb7f71b8
ad718e9c-9e96-4631-a8b9-4bbb1195e07c,8d636374-7f9f-4edb-a747-c7d1ae646e7e
e602ce1a-a23b-4185-8983-429ea027eed4,33293922-6157-4bf8-aa2a-e6747f240406
7ba8a23c-fa1b-4f6f-80e1-ba9e4861ad65,5438164a-e028-485c-b704-4f5d6ae218a9
470e055e-7f90-41d0-976b-fc692e0e178b,6edd22c2-c29d-4aa7-97bd-318c7afb55f5
d3476bb8-faba-48e1-a343-296185197efc,2cd9d06f-f0f8-4543-ac2f-6fec54abbe0f
0287e4b6-1eeb-4942-ba11-17303f184f84,a9bfc16e-c3de-44b4-86f3-6eca18d774ce
98f23f76-1257-423d-b656-099bfc00c3c7,8d11f5af-0fa3-4cba-976d-8a64d969a9a5
ef52203b-e397-44c5-a02e-ddbee9ff6025,42f2500a-b854-47b8-8c87-b9e08a89c239
a5226195-a0e6-49f1-90db-a3894cef6bef,812c916c-7fd5-4df9-976b-fd0154063c17
3bd70eb6-c009-4ec6-afc7-10192e6367f9,155f4ed6-4091-46f5-b5e1-ade439258b99
560d1c40-4b7f-46a9-95e3-371426ec9723,ff3065f1-b2ea-414b-aa9e-c7565b1d3005
78e9ff82-a8cd-4767-bb44-b86f982da0d3,f6889931-31b6-4720-85cf-0608a635ce87
0ebbc90d-5168-4d02-9e37-1bc700edebbb,0b353866-c74b-4bcc-aea7-28da077ce6fc
f042ca69-c885-4496-ab43-ed7ee3aa76cc,de82d1fc-664a-4314-b435-4198f466f57f
d1f1a25a-bb53-4a18-b91d-99fe8fc4d512,b872f1c9-70e9-4b4d-bfe3-ddf2348f4361
98203fe0-3187-439b-b70d-e54b5287522b,baed2651-caa3-4dfb-9141-7695db71e7e4
7b946b94-a4f5-477e-ade4-a5f01012d23a,9896bfc2-e5ca-4dfc-9a07-7e40245b372a
e31ee99f-b49f-4a0b-a2b4-0462fb060c10,60c11acb-0db8-46b5-83c6-d1ae660f9ec6
0cc0bae9-ab91-4e80-8872-ebec9c3e8a37,bdbdc5f6-4efe-49e4-904f-8713d7785fa3
2052afe0-f690-47c0-a2cc-773cf40d15e8,7b4e878b-f2c9-430d-ad27-b191efd7e998
b78ed5bb-354e-4db7-b9d0-17f77a4537d7,8a49e014-a1c8-4b14-a2f0-3e7229010a83
596bd769-893b-4543-9277-d0e4f896cd83,43ee75e7-5448-457a-a163-f678d6db2d67
0186eadb-5221-4cf7-94d0-263a0557bbdd,bbddf1b2-ac01-4451-9587-5d67d7f90611
7be354df-c2f0-467a-b07b-f722ed3098d6,c6ebcf9e-0068-44b8-b83c-46055bf5fcdd
5f76ac87-dbd6-40cc-b29a-b39de870a320,91b040eb-c0c6-48b0-95a8-95e0450755c9
5efcd1c6-08fd-4e12-9b4f-5f2057e45697,75dd9d23-a45c-4c59-b0f5-9fca2a3037d6
04bf2223-a4e4-4e51-99b5-cfbdc886e7c2,c6d75c1d-f421-450f-b041-b86783af1dba
7cdd9f9a-5467-42c7-8cca-203d20c55413,eceb31cd-1a89-4db9-8c0e-e3df40f78e53
c8b6dff2-cc80-44c8-bbda-a067d7122df5,180a0819-a19b-4423-bb62-5ae45fb48404
752dfe8e-74db-4e2a-a91a-e0140a8ea640,4768b226-1ff9-4f92-b467-58acfde12d4c
d03dcd56-5277-4850-95dd-40a613dfdcdb,8db3805c-8940-42ff-82c5-3dc8a9ee4e0d
b216416e-c9f7-45c0-812e-2e7c10318ec9,167a1150-2910-49ba-9dd1-b2905d7d76b2
3619f285-9316-40fa-8576-e578b5c5e2b6,4e1a938f-0219-43bc-a550-24018e292f33
b15ab5ce-4ac9-4a38-a83e-232742cb115f,ec3c9c5e-5406-42b0-b9bb-3658d5b11567
6017f7fc-98fd-4f19-ac08-cb8bf623523b,de50784f-583a-48e1-9b16-876c5aab24b4
39f4b612-eaac-4710-8269-a1b9cdf419e7,a967cc05-66ad-416b-8cd3-278c23b8b13b
6ef0e03f-0d01-4a87-a977-244d7783974e,36470db5-733e-49fd-a581-c17dc0678511
3ee0754e-077c-4843-bdba-bbd76572fda3,969e31a0-c156-4055-a8ff-b5fd8aeaa47b
9fe3a280-c62e-4223-bdb3-17f440c8e159,6f7fd632-e0e5-4921-82b7-1d650ab66631
3a0cf560-94f4-44c7-88fa-cf58da1da10d,f61b35e7-71bc-44ff-a3d1-7cd21ad2c919
4b906f3b-c9d7-4101-8492-cb399e9a9236,c435ea5a-5087-4a6a-bd83-7822de9e001e
fb587b20-f2ee-42b9-80fd-3a5a546d575a,4fa440f6-ca53-4291-826b-78a64d53a3c9
efaae7d3-f792-4257-8faf-676a53fba0e4,e582b42f-fcd0-49c5-97ca-0afd6261c2d7
5922eb2f-bfe8-4aa5-ac74-bb28a36d23f4,853693f9-dae6-49e9-8825-beddf5b3dc04
b9d60be9-4b74-47be-9cba-10bdc7fe515f,777489a1-0e27-461e-bb7e-b53b7475bd45
a86d0115-10a0-4911-b860-ed72df17839b,3d4e2709-2290-4a3b-87b1-1b23e67f26e4
42277537-9820-435d-8ad8-614c9b688611,2070f971-37da-427e-adce-1b0857fe0c1f
03805daa-e25f-4624-bb03-8d33d5601512,b063b7b7-9718-4dd6-9ef1-6000d5f86665
4cc9ecc0-ab24-4091-a65d-8e58289ff0dc,01b446ae-20e5-4ea1-abe5-b8d0d589e00c
6a439caf-d8e6-44fa-a3c4-ea1de83526ea,f5978087-7e47-4527-876e-8c258dc788b8
8ac01877-8db2-4a56-86d0-246f41fa78f1,3549fa7d-69e6-4bfb-9da0-fa38b4f32116
ecbcb41a-3e0e-4fcb-81ad-b664c34af0ee,9c32c4e4-0c39-4bc9-9455-663c30ab4779
5e4295c3-8e3d-4a1c-8211-606359be89c2,eadd662e-3d79-4fe6-9e9a-551671ab5470
57fcdae8-4219-4bc7-8d62-e4517ba767ba,d7ccb565-b5d2-48a2-aa37-01f991fe8729
c4f07f34-08b9-4c4b-a298-8087044cdc36,88f6bc36-9595-42b0-b857-6e14cd9d671b
6c144658-5498-44e6-9fb6-38db74c3600a,447ec5c1-3b6e-4c59-87ca-666ce99b6fea
2179e346-2b21-465a-bd7a-d6f740937ef8,52331e3f-562d-49f8-82bd-a7c1dfa5fb79
4c275dfe-236f-48b3-8d95-3d5771124fca,b5489ff7-24d4-4679-a149-54dbb12c9eb8
8e5a70d1-8ae5-4cf5-9ea3-adcd8c95e18e,2564e1da-f183-435e-8635-0f7fe3d17099
7bdadf6d-20e3-434a-afaa-5165afde5979,87fd34a7-6143-45fe-948f-31551e8ded50
bb846654-ae12-46cc-9be2-e991289c621e,70daaf59-f81a-445e-a14d-941d42a03267
bb31d2ed-2723-451f-9bba-3713f6ae8d7a,65e49cec-a828-41db-86eb-d4b1c807fba9
25049d64-5f84-4900-8f88-c9abd74026b5,b8df4ef1-5ce7-4d8b-9455-5e8c0b24327c
5f65140f-f2d1-4136-9f76-b12e8657405a,607bdc32-ea95-4839-a461-cb0ba3dda12b
98a88e13-1c81-46a0-99f7-87140aacce7a,e72e7b04-35ae-416c-80e6-f1280c8f49aa
69107924-e412-434e-9923-3534a32605a9,408d9d8a-d176-440f-b0a8-1c61d4079b0f
3a05ac43-ff86-435e-a4a9-86bcd6dc0d27,19e5509f-3bc0-448a-8487-2eced0a47dc7
54b8f21a-16ce-4c98-9e9e-5d4f36294d9b,f0c02e55-cc4c-4afe-869d-e50440e708c4
ffacfa6e-3f04-44dd-90c7-a920419fe2ff,bd5fa7ce-ad5e-41e3-bdd8-c6ec90426fe1
7f1cc969-42bd-4eef-9efb-95df617271d6,dce521bb-b5e5-4d61-98b9-24259c9ff5bc
2d633aec-eb49-495d-88f5-0df28eb79138,ebf5d695-a7ca-414c-bacb-7a782a3abe93
7a1d41cf-9c95-47de-8b8b-e8d5b419a1ef,8a9f7d2c-7cc8-4932-b02a-0bc0a3799a30
d90fe2d0-2156-4d2a-8346-b17f12b6c8fb,562365a6-683a-4d9d-b3d4-e012e411b9ee
8570a6d2-f666-47b7-a256-b4b6a2062a4b,1de97d84-0294-471c-a079-e986efa070bb
ddf0fea0-f3af-4382-86d2-80feadf6ebe5,2c0383f6-b724-4cce-8632-54853e89eead
1bb82363-75cf-425f-84a1-1e133d95ad50,1d3197cd-6dde-4d55-a54a-3e2c09c6a895
e115a731-d33b-484b-8600-0e0761eb8b1e,370cc559-2cfe-49c3-9ce4-923cd31971e7
d0239432-03c8-4b03-989b-66804f5dd3a7,c850daf2-e08a-4d21-ab3e-434e639f6a4a
5667a406-4dea-4be5-8046-88ef3019f43a,6e74e5a8-88a6-48ba-99e0-6d557c8c31a2
a557abcb-9bd1-4b08-ab43-0e03206aa960,40150c08-9557-4826-afda-a4b89e620cba
1c3ce0a3-84bc-482e-ac2f-2ff10dc1bfd9,2cdf8cb1-aa2d-4dcf-9e92-109f924b2561
3dcb7ecb-b27c-4a1f-91e5-49f00d816e32,b658f7c4-5590-46e8-ae1f-19226485f556
2ad15a3b-4aca-429a-ab55-c7e3bbffae31,123f3024-9951-44a5-94df-b93404d8b20e
0c313084-1d00-451a-b8f4-318a212d2cc3,9c12b209-5b06-430f-8cd1-fec603c1d699
b22345d6-f59c-42eb-8402-a651ae629593,0df3ced2-c206-4ad4-a4dd-6a6b2de06882
299b7ce1-348a-44e2-841a-7fa04cfbc320,1203071c-f56b-476e-b28e-fe8c7a1065a8
aa4ed9e8-1e07-4fb0-b969-6bdc48e7d271,7171dee3-1c5c-4230-afbe-cf797dfd5c3e
31eb0dac-7e32-43c1-ae03-b30fdf2d9764,9efba78d-d265-4c56-a048-df9e9759121b
9c8bc568-0b6f-4db3-a6ed-0cc8bda7d147,55d81cc3-8a22-427f-b336-0022279e507f
2eb94d91-2503-44a8-8ff6-d36b6abff28a,5a288313-7091-43b2-b08a-0da511bbb23c
0f7250c6-c1db-460b-b349-7ffd2a2ae60f,8151d572-d717-4567-a9ab-edc904ff893c
cfb15be9-905a-452a-8c57-a780ae5db06b,42287c98-dc40-488d-a81a-e2ab9cba61ab
858a70a7-1876-4560-8f65-94c3178762a7,e12b505b-0e70-4cbc-bc9e-bdf6df6e24f8
5f65140f-f2d1-4136-9f76-b12e8657405a,390c792c-c17d-401e-a5df-ebfdd9e51cab
d3344d54-6f51-439b-a7f8-0f4bb2c368a1,c89b86be-9639-43fa-a97f-531743eb233d
1fd7be30-0de6-4070-8f2d-f450583b96dd,5c2a73c6-bea2-414a-8662-6bb85def518c
d4210eb9-adf8-420b-8eb0-a19cae5c2e13,68208265-972a-46a5-833e-a39e0e15f33b
ade94838-da82-4c3f-a2e1-acc188bea917,d7e60ed3-99fe-4db5-9f55-1630ee6c5240
333b597b-5427-4fbe-931a-533f849c9de5,e36a8a9e-30ff-4608-9fad-789c60efdb6a
5028003b-fee4-4057-9e57-188a78dcda0e,375e87b8-685f-43db-9bcb-233186a39dd5
e5fc4a1b-5418-4c20-9774-cffc6ba6b5b0,46b3b2b3-09dc-45e6-b77a-075fbfd6f5b4
8847d1da-a163-4e67-a347-9a3160285844,076b1b09-68e0-46da-9862-4bc91862fa45
bc2c312d-7812-43d8-822b-df609aefbfa0,c02f9e67-7c0d-49a0-922b-0abebb1e7a2f
4cd3296a-cca1-4b15-99b0-9e57e148449d,aac97b76-4817-440f-b510-a98b7df84ccf
4cc6de58-dd09-42a7-8afb-9024a10f3844,346b6c11-adfc-4cde-8b54-d9bdfe72e780
1a8e4b74-4010-43eb-a9a6-82f2ba665fc5,833ae86d-c023-4c42-aa92-49fbfc7caed6
c26e4cb4-4018-470b-b948-f07acaaa4c05,a34844e4-fb88-4097-9542-357690166dda
93079a69-0828-496b-a88e-9006f51db6d6,e761acd7-9b53-4805-b8c8-e364c53efda0
a67eb1ac-5432-43a4-a7c0-d3ee15cdb43b,ce4671ef-9946-4c0f-9f22-0ca6da242905
b662f68b-d56f-46f5-adff-f9d970487049,f4bb9604-9539-4a85-ae82-5b55a8c5b22d
f0b71e68-7326-4a1d-9271-c6310c5e73ac,e277d15e-49be-4ce9-b852-1add25c9268a
3b872b33-3277-4eb6-a089-b7acfb2410ee,5ab9e122-4865-4a45-891f-64640c1ad681
dbdb38e2-f601-4c02-9dcb-8da37e109b78,7086398f-fb79-487f-b12e-fa975816dbe7
5b34a993-5caf-410d-b821-33d8672c8e07,297823b9-3c8f-48b9-af8c-9fae665228c5
42630fd7-28d4-4c43-a298-d0a8bbcdac4a,fc2ad74e-f146-4041-b871-ea7db810f7dd
8097539c-0f25-4529-90f3-54ea6b9e0462,6a8851f1-d939-44bc-8fda-58e1f0034f17
af95e475-7ac1-41b8-aa4c-e817577767a5,99eb98c0-57be-4201-a292-d9157338d29e
e59d20d7-da6f-4d0a-ad1a-9fabecb55ad4,6b846084-aa02-4b80-8a14-84336603a3f3
fccbbaee-35f6-4ef5-a408-30ae58d98717,f9e2b8b6-b1ea-451c-9268-ae3d7dfcf00d
2918c5d6-358d-44dc-b6da-c5da646a04b6,68474e75-f188-4432-815a-825d23b7e6f7
7bfce0e9-4b20-49b8-a983-69f681f974a0,c41f83e5-4c17-40cb-b8cc-6f63ab02ec8b
7b21d48c-281a-420a-8572-2f69f1510733,1b040e68-39f9-4b30-b7f9-95f23947530c
cfbe5d7f-b4a9-460f-b72a-071988789687,b147a56b-d85c-4a88-889a-253c616e477d
98a88e13-1c81-46a0-99f7-87140aacce7a,37039d50-c2d3-44f7-b0ef-9d2c7d7c0b4f
8dce52a7-758d-4a76-898e-7308ab8b9092,ceda4c3d-d61c-49c3-976a-3cbb3f84f65f
022328b4-c6ab-4609-93de-7b0329a8fb2f,2c0bd5dd-72a9-41c5-93ee-027d220e22ee
c326fac4-9114-446d-9bcd-a73d36a957cd,eb071494-4f15-4ca4-96fd-c02ade161f0d
34259744-d0c6-4453-9845-9a8001578657,0f4a6c93-f4df-4f33-8e3a-0c47c328acd4
36584b52-0766-4af2-ab86-99a13ef24c95,318451e7-fcf3-43e2-886a-df8776df70de
58366351-432d-4b08-a845-f25046b9d5bc,56335b42-452f-4f89-a27d-d966a583b89f
2251160d-0672-4021-a826-4d692f7afba3,75518366-2793-4fab-9db0-08dbc9ea5b08
bb203e2b-6220-4507-8c33-51f6758bdad1,f2be7172-a9cc-4a58-80b0-0ce1694a9d49
e4acc0fb-622f-412c-90fe-0485166ad757,bcbc98ca-be06-47d9-bc16-300dcd649150
edb47c91-84a8-4ebb-a9b7-7db9af7f8026,8801a8df-7175-4257-9192-9e1b529d2afe
acdbf4e8-4494-40d4-bbde-f4d5cb4fa1ca,686f5949-5b4c-4b44-99ba-80a8c9725491
c88e5567-17aa-41b0-8d92-cfb0d39e9e1e,bddcee48-8cd4-410e-9e76-07e797e1423c
ade099a7-6e7b-4c63-8c5a-8c334371ce27,b11e550d-ba31-4795-9bd3-61a114dcb51f
e98161b2-cb6e-45c8-8ac6-544e28f2edec,3d953581-1b20-4269-b4dc-dc40336cf2b7
a9d4806f-715b-4be2-a0a5-a1e08a268e60,248b2ddb-a745-4a4c-9ef8-06d29a184809
e81857d9-7b85-4da3-97fb-6f26bf286cd5,2d2f8532-4df3-45be-976a-a25bfe6a1fe6
d4f080cf-3afa-446e-8cd5-ff7433c19e3f,d17a7485-57ff-43a2-8788-21f81dce6fbb
6cbd5b79-f53d-4d50-9561-3d306bf083dc,6447501f-9864-44ec-bd5c-e4146f0c0561
4b2b80e5-6264-4ccb-8f1e-da3df51f17f3,800ea963-b8b4-40aa-962c-ce4e95d9aad0
28a56758-3ec0-4c80-9563-9d40aba0aeb5,80a9f2b6-64fe-4fa8-bca9-beff42bc15d5
9af59624-f1fc-40d8-aed1-77d00d2e9048,ead9fd79-8667-4564-9cf4-96abc89be351
ed7bc213-759a-431b-bb7f-fd564d9ea8e9,d74896bf-8415-4509-a91a-f1deb2139da3
1ec3483f-b5d1-4877-a95f-b41f61b1e3e8,5c3c9b70-c750-432e-add2-6b0fb1ea7694
eb99aa37-5dcf-4f43-b7a5-64cdbf9827ca,5691e4cd-d86f-46ba-88d4-f9c929096b9f
295d624b-1762-43d5-9f0f-5f76ade12d8f,34392b42-3f85-4702-b688-2e0adaf20022
4164f97b-7c76-41d7-b99c-bc02e710e977,f908c5a2-9721-42db-8cd4-597f2f97a2ae
50980f83-1586-49a1-b225-3819d84e3889,45fbc5f7-38f6-4fc3-9cba-70975ef26b28
ce91ecda-ce50-4b3c-a684-d3a270c2851e,f5deef9c-9a3e-435b-8255-76f2da5cdc4b
60365acf-59b5-4f22-8097-424f0b5534d2,d31ea7bd-6b8a-4241-a65b-b510b904d1d0
8e5a70d1-8ae5-4cf5-9ea3-adcd8c95e18e,838dcaef-c917-4fdf-bcdb-9c440ef82807
ee371442-160f-46d4-842a-5886a5f930be,90717031-2b6c-4b9f-b27e-c55f501b18fa
f4e39bd2-3bd2-49b7-9282-37309bd80eb9,b17b53e6-2029-4baf-9111-6087351402d7
9d261a53-d347-4b27-a4f4-858eb4530672,f3e94690-2b77-46e5-a922-519cf5ee24a4
8a32ff1b-d448-429a-a3b2-e24e00debe1b,6ef5c5ad-0f42-4bd6-867a-f39b0bd71577
eb445836-7cbf-4598-a4a0-0bb77e92b92f,00218fd3-d28e-4941-a701-7842c38d20e9
2f6b82d6-91ec-4c77-b620-9eb175bf797f,b318aea9-4f40-4ac2-9402-8f3797b08a15
8049c08d-6396-46f1-96ef-67c1ce02e2ba,17f3286c-26a2-4875-9203-4d83e766ebdd
c5959b31-1d9d-4746-a1c8-1e3b7bba8eba,aa95bc3c-11a3-4dc4-92cb-7c23ba2b9a91
593f242d-66e9-4cbd-b8c7-6e51c7a53bd1,15642846-be3f-4955-becb-fd21adcdda10
9bbdd214-80bb-4c0c-876e-8dbcc1a7c1e1,c4ee33e1-b1bb-4c2a-89c0-c955f3d51c63
55222685-d4c2-4441-8b87-aa0553fc5afb,4f263ac7-7466-4450-8d0e-79f612165f27
bf0ca44d-fb2c-4eca-943f-95b375b140d4,121dcb7a-8ef7-4e0b-865b-9428581cbd4e
0fde6fef-f9fe-4a4d-a8a1-4aebc85eb088,cca8f415-e30e-4463-beea-3a0051743877
a77ea7a5-fabd-40f6-b284-62b4dadb7e82,f5894045-cfd2-4d4b-8e53-be6b90888844
1285a0a2-01f3-4dac-8037-cd4f4438c6d6,00d367bf-94f2-47ec-84d6-071b0bbe934a
0a753de3-1000-4b97-bc79-f8be8c60a29a,ab825da0-b950-4303-86d3-7c4331102e71
b9b59e72-a177-4393-b034-5798946859b5,bcec2f7e-67c3-46c3-b264-fc75ca68f623
6129bf26-43e0-426a-b1c5-69b77291652e,9bd49b8c-e653-4dfb-9f11-c15a2506dab1
cc03ef9d-e941-4d85-af46-ddca361d4dfe,1f7c80c3-041b-4fd6-bf55-f4faca411d19
bac0b452-6d66-4522-b42b-47a69b3a0483,05a82884-ed2d-4962-9b15-baed73a4b162
793671cf-9f91-4329-9c04-be36d02561c0,ab825da0-b950-4303-86d3-7c4331102e71
235af718-32df-40ea-964b-5076e894b547,65802fd6-188f-4860-a0ba-edbe7f985c42
3ce4698d-4260-4ab1-a66c-6452122bf67a,087e2028-4e87-423a-828f-c82e33930a04
41c0bb1e-5e0d-4998-b39b-d02aada7e740,95a1c87c-5803-4ec1-ba86-9add10d6b84e
dde6228b-2d7b-4585-b0c5-e9e32acc2d6d,8ec7e68c-6447-41b9-a2ee-8e913330900f
0eaa3bb1-c6df-40a6-b887-e87b467420dc,6cdebf18-e406-4787-9c6c-f95c80f24fed
fb51716e-cb13-4f79-af10-2ac7df7f20b9,df8d217f-4da8-4d4d-b249-bfaf5cb1dfc8
af01bf88-8da8-4a40-b36c-107274a5364d,3c341582-2668-49b2-95df-ce5450363b31
e614dd0c-1960-4936-bc85-28e45719c7f4,a8efca53-7074-4e69-bee1-43e908efec99
24657ffb-08ae-465c-941b-b2fc3a27fa8f,31d93e8f-2412-48bb-82f1-06bab4f524f3
838fa6e2-0c6c-4adb-b608-21fcdab282df,fb5e71c5-c01f-4f7c-a18d-4a35a9504acf
f339009b-770a-4103-95bd-512c3b489681,cac49a3e-8bd0-4e01-a6dc-98e12d70d742
573ef1c8-9271-45aa-9e2a-7640c606187d,fc314fce-c78f-48b3-b7fc-0a94a5b8679e
e59777ee-41bb-497e-a8c2-e313a2654c68,ed53c22e-6354-4871-8794-3d2a82450cb0
b2042519-8ea1-43ae-a05e-97369dbd0900,bf91ac82-01b8-4357-bad5-bcd6fa8c0fb5
700340d0-289e-4a0b-81f8-0e8191d3ba5c,933e035b-d67e-49c8-850b-a5898ff39a83
dbad2aff-9dfe-4b1d-953d-d2795e161444,6d6a6e44-aef0-4265-a9fe-776faf71d93f
5afce435-b137-4871-8237-56e804a75147,fc41fcf5-b38e-45d4-b8c9-33f5fa529a1f
b3d6b94c-4b99-415a-968a-31707e7181e9,b737dfa5-a97d-449d-b936-c7c4d57d8646
7674b996-2c15-4819-b19a-3133a620e292,7d9bc37f-a848-46fa-bcf4-9b73bf212f10
b7b89f28-e643-42f8-bb2d-71b54db42b6e,2d622412-0e1f-4239-893f-fa733a45e716
aa94ca64-2e6f-41c7-a042-015a8d46116c,ebc656dd-8cc2-446b-bb04-a10970e1a504
e1667c85-8d81-48af-85a2-a5d3154eaf5f,c506563b-5136-4506-ac5c-dec215f539d2
d4f080cf-3afa-446e-8cd5-ff7433c19e3f,1d0bdf45-6d5f-469e-ae6b-68cdc1e705c2
ff2b1f6e-863f-42cf-9b39-aff8efa25750,8ec7e68c-6447-41b9-a2ee-8e913330900f
9d1765ac-ad8e-4d41-87a9-cf3d895b13af,7481f25e-e4c6-44b0-8194-af0b40a88305
9287f82a-0766-46b8-b9f1-5db3c2aac0cc,313016da-4364-405a-9a69-9a84a35228ce
30d554ff-e69a-491e-b212-4ba9ec8d3c4d,04556602-2ad6-4ee5-b764-f4c512c7d900
2ed3863c-2daa-4727-8879-319b4210344a,679b1fa7-1d9d-43d1-b110-c5fee2ed8357
88000106-e3cc-45bc-a45d-cadc0feef943,26df473b-f65b-4990-9bbc-be7f9117f6b9
b415c0c2-d440-4faf-a504-ce04035df761,c6eebe37-160d-41f8-b864-9ff57185efe0
7b3734d8-b13d-404c-8776-63a0fcde7a8b,fd71f27e-c844-4162-a087-257c0422fdea
1c47d02c-c04d-4ca5-a37b-3c03a14be65d,586bfc72-7ade-4f0f-9d8e-0140d4fd5c91
ab26b962-7e41-41de-b194-de3ed6b67b17,2774e741-2b57-45eb-b103-fd72cdfdfb69
ada6ae1c-cee9-46f7-b081-74e216a5eaa1,20954aaa-21c4-478e-b5e4-bb3ec87fb851
6324b5da-8541-4773-8e51-6b9144f5bad9,63cb0d61-686c-4988-88b3-d62aeac238c4
78825fd8-d3de-4e91-bd49-bf1ed333d346,d108a701-a87f-41a3-866b-f128a07c055b
608f4235-78ee-4c16-9b79-a493af84b5d4,5a8ef562-18ff-4344-9e9a-f5cc3b09952a
6d674218-a3d1-4d17-aaa4-eab30fb9cd5c,66a5de2e-33b2-471c-b288-92ae98689465
158e0ff5-0de0-4492-9b31-0bf9c3e1c112,bbef6f7a-69e4-48c9-ba20-085eb3193cd2
8efcae7e-e369-4bde-b1f6-4fdcedc77c42,8d5854bd-6192-423d-8e4c-7c90099b4585
d269ea90-ccb6-4731-b142-31dc66b0fbbc,6fa4a06d-0aef-48ed-9563-3829cd16e7c4
265354d5-dcb0-4efb-8465-e325c6cda89c,fce4b360-4b14-4bed-8ba5-b9bc41f14d43
074dd68f-b31a-41f3-b71d-4fbd0cd9b42b,f68d7c34-9e8d-413f-9f1f-551eaef4b911
d694b822-efbe-422f-a1ee-a4725cb09839,d3ef0f80-965a-4685-a71d-484aecf75448
61c239ae-c9c8-4d89-9974-75abf35cb010,7e8ce900-c162-4b96-8f26-e0b9a1bda9a0
176661c1-1415-435a-a4f4-6c0200a5ccfe,65e050ef-7fc3-4376-94b2-82d003fd15a2
0b495b84-fe54-4f55-aaa6-699d1416557a,82a227bb-51cf-478f-aebd-158a313d2a8d
b007c27d-a969-4b6e-b17d-7ba59c613bf3,723c77bf-dd63-4012-bcd7-9ee0fd09ffe2
2f3350f6-afdb-4cb8-8827-ce8ca3d2b1e6,b317b490-4d77-423a-998d-52f0628d936d
c81e5749-a449-4120-92e8-8c031677ea88,c6461518-983f-44fa-81e2-4ce2461d073e
3cdbb9ca-96fb-4cf5-8991-7a20485d6f8a,a11a63e1-db73-4c5e-b447-a7102186bad6
486baad6-fdb1-4656-90f4-ab68d9a4c81c,3241c0cb-7781-4789-82f0-495eb02e5df6
b9849164-8ec0-44a5-bd2f-581f18fdb7e5,34392b42-3f85-4702-b688-2e0adaf20022
4d072afc-866d-4430-bfca-cb50e34d64ba,cd94e373-5d2c-46a8-9d6e-a72943e533ed
38abe5ab-271a-438b-9f96-c2d79b60bedc,c634868b-3be9-4fc9-a542-cad8a18866e2
e840c828-35b3-4245-a70c-0db86e8bb3a0,6ce5b1dc-2164-40d4-b6f2-0d9e8da1677d
4b2f1a3d-4653-4e93-af79-4eef22f5c183,c96b897d-1ebe-42e0-8caf-7c70c6dd7361
141e6318-f27a-4b2a-a5d6-5386095069ef,66d7bcd8-a833-4b68-8284-c671db83350f
7b4365da-52e2-47df-83c8-98b004f30dec,2ef97f95-c926-48f7-9ba9-65879b0a5d5b
a00a7550-efa4-40fe-b100-9899254cc2cd,20aa0858-e4fb-4b13-83c4-ba18cd8c0ffd
6ebfe24e-f8cf-4faa-b6b0-6aa3d6e561bc,0fe43907-2e82-4bc4-9f99-aca6be3ddd5d
b6912b8e-a255-42d0-bc08-40cf4b70c352,3c64cea3-7240-4fe3-9456-ffbf24bd4891
75f6326d-7754-4548-8986-12e5a57f249a,ccf3e029-0725-42c3-80b5-e07d8aef4eb3
44762055-d205-4e01-8a65-b39003ee5dc3,0bdf65a2-6e92-43b4-ba79-7bfb6ec4de5d
177dacc0-cd5f-4f2d-97bf-b011a055cbc0,b87f8400-4232-432e-ad60-61e73ec99e86
fa89b70d-0fbc-4d43-9e3c-5f62fbd17421,a835d80b-07ce-49c8-b350-18683c082945
cd8d6175-9c09-479c-a2fb-9060a9f36ad5,f50bcd11-d455-4b6d-96c4-c33be5b0b1bc
9bff843e-4517-4d7f-a66a-3b902dfba723,c7151001-18fd-462c-88a8-c23b18a9b6e6
375b8be0-4ffc-4a6f-950b-acb83fb286ee,797228bc-e78a-45c5-a538-47ebaf247679
1094c1a2-6ccd-406f-9615-85aab1b16d3c,2bd3f06c-94ec-4186-8fb9-97b3a20e23fe
f9e0d35b-e87d-4902-9660-b0d47067aee8,80368c4e-7549-4fb1-bc05-1b2e50b09e5e
734e7f89-4e06-44f7-82a3-f1e877fc96c7,ce3bfc62-e9b6-4a4e-a366-13762da7b7c6
d91b4ff9-00ec-490e-8168-493c20500f04,0eb12804-fdb2-4788-8790-44edddf73f90
f2fc57b7-e2fa-4eda-89a4-c5a655212da0,daccfa01-ee6f-4d31-ae12-2bcedce667ff
147bc73d-4226-4bae-9d89-3bb1d719fd54,662ec486-1244-458b-9f40-69032b5f29d0
ef1c29c1-fb60-4543-a86e-53daf5812f8b,084d1af9-4b38-40f5-985d-d01fc57d7170
071d95da-0664-4994-8159-c35c8186a2e8,3eef6e60-4a1a-4c28-be38-113535ba6efe
782e0c17-7f0a-4792-85b8-9fa12e231a9e,6d95ce59-3190-49a9-ade8-e6164ccf35b5
cef5f12d-1333-458b-a49d-ff8a4d9423f5,cd65e984-707a-47d3-84bd-87bb9f275de2
5b768bf4-4116-49f5-8012-566fd5156e2a,597ed165-6ce5-4534-8c9e-f63cc265263e
3fe2752a-7c60-4692-9671-bfbc556a1fba,735617e7-3501-4a53-973a-fe2b04b60324
264e78c8-1009-4c8e-b33a-df2cf5c79e58,386c8497-8abc-4c01-9a10-d24c94d3d9a3
95c0054f-c9dd-41d3-9fa7-1b8a1a5d9692,65c89c51-673e-4732-a1de-16d51d2bf1d2
a5093f37-c45a-4f51-9fdf-c427d2a7ed21,14da0c5f-c536-4d5e-a129-bc8f156f54a5
d87dba0c-3ce8-465e-8c79-d5bcb6f28482,41e68f2b-8bd5-41e9-b449-45e4a4ef9434
69bd3a32-1d0a-46e7-8029-05a32b3775c2,0eb12804-fdb2-4788-8790-44edddf73f90
644857f2-d4b5-4d56-89a9-172c95b35263,7bed5ace-dc5e-410e-814a-c22328642474
847088f7-2058-4c48-9fff-f13e74e2d58d,df1129a0-3b9f-442b-9593-9a806183f967
5a51b8ce-91fa-46e4-88db-3c0acd6afad8,9e45d211-c466-4920-9f1c-7c5f951dcb69
f6738aa9-682f-4b10-b10a-9e03fac6b01b,a3dd486f-6435-4ed9-af03-d6a5d7d540a2
b019a138-5ef0-4992-ae4e-5c357d740d63,210e28f9-c837-43bb-9ca6-b7212c9e0ff2
8cd96315-e6ab-4b77-8d87-6b34b5c77d46,0b1709f8-91b7-4dc4-bf78-ad13d0d4e93a
7c15ea1a-3cfd-49c5-a57b-ad43d2d31b19,4af3a87b-c94f-4c5d-9abc-b166ac36264e
b5ef9877-7914-4e57-8e4b-cdb9b07933de,7d849e87-eaad-4609-a866-7febef1a578b
2520739c-1174-4db2-8f42-cfed0a9f2316,0cb46831-4071-43ed-904c-04dac5711a49
0af70b53-4f6b-43de-804f-a6efb09877d6,2070f971-37da-427e-adce-1b0857fe0c1f
4975b3b0-faaf-4fe3-bed5-a20dc37b4f44,196770a6-58a1-4c89-a869-4e6d7ffeb08a
63663994-1c49-4fe8-ba58-064812b89c51,26def6fe-f38c-4c25-b662-83736a1ca0d0
4b49ba37-c269-4583-986d-5e21008ab9ec,5d876abf-cb9b-4f64-9e98-74da154020b3
cd8d6175-9c09-479c-a2fb-9060a9f36ad5,c6b7b5a7-de75-4850-b8be-7c8444d9c99e
511898e1-e325-411c-9a43-7de4c584cda0,6749bb24-da5b-4ce1-9fde-1e7c076c8984
7e63af5e-e13c-4bac-b6e2-8f3069357e95,7c0e5218-ac1c-49a7-b013-e0c4732577ee
68e920c1-508b-43a4-b723-573e27221bc1,3f642fc2-d12d-4f04-8c28-569d4a67219c
61131083-7cfc-4ca3-83ed-b018bb75a107,bae77e58-19ad-4ea6-98fc-e5e014ff0e08
a3b12738-6a54-4c39-a23a-d2808da24add,3a056b10-5083-4133-8400-833b8e870a6b
424425f6-8bb0-47f2-9686-59f1a8a9c718,9070c7e6-df13-4cf6-b2f9-ec8465c33640
49b8c40e-e630-442e-bf57-63621cd53b2e,80fc1987-9742-4b47-b09e-cf6e5c6625da
a1842764-3f90-47d0-a20a-f300d7d84eff,2339984e-1fea-4192-8d36-5f291be513ea
8566a4bc-3f5f-48a2-aa36-5e72ec34a972,963d1ebb-67d5-4fda-b132-5ae7ddc4e24f
a9384b10-1555-4c66-bd8d-c7bd470f73a1,ea2f3348-56d1-4a44-aa4a-10b46d746a10
ce09b3c0-2311-4af0-ad76-bd66d71ae1ba,abcb3cc3-f183-4abc-a66c-716bfd3c33df
c180aef6-9312-4f42-9f86-4cb7160a0922,3eb8b19a-c826-40c0-8cee-77b7af49f2aa
8afe052d-180d-4d44-94b6-2d2ec76006c4,722778ab-33a4-466e-be2d-bd33bbbdb9be
31ff6f2b-aad7-43e5-9395-efabfc676f2e,492bf56b-aa0c-42b1-b5c7-958b89be1886
9a5dd8d8-24e7-470a-ae54-3da600c80391,efe3564a-3e90-4d59-9838-394ede98c903
577c9979-5aaf-4fd6-94fb-b0bc04f8a03f,f669c4b3-eda5-4f5c-b752-ee6d9abb6075
dfb78dc9-380f-4adc-8270-fc575d53a0cc,6ee6ad1f-6d2c-45ca-9399-5a8866d73598
d03dcd56-5277-4850-95dd-40a613dfdcdb,badfc541-c86a-47e0-8f0d-8d2e0005b405
25714b59-6d7e-4d5e-a9a7-b531d2bc20f7,d52a1d93-2f90-419f-bfd4-bcbc1ed6dd72
6befcdaa-ea94-4353-af55-af670387cec9,2f27b5a2-9d7b-4738-8451-b075a89079f0
1180c8d1-e867-435d-ac5c-74cf071e2390,6d1be39f-11e1-4628-89c7-6eb04142749d
34d83bb1-3ec0-4416-aa83-5e8cd9671fa9,35f6ab61-5edf-4461-bd7e-224849cb792f
7e683b85-432f-466b-aa88-eb600cb2783a,41b8015e-33a2-4813-a579-d25853be7a2d
864fe297-0d3e-4b5c-bc4e-17514b9293e8,0c907ef2-5ccd-4a8c-8361-a14098e7df91
fc22f6ee-e5d4-482c-a57b-9a0a37ebced0,bb60d502-9fa6-4cbc-b563-a72c1fc499f0
a817a3a0-bd79-42b8-afec-201e226acda8,015cfc0c-affc-434c-9ef9-5cd7d6d2479f
cdc9fd6c-11af-49f7-a1a7-b1fe46527460,486b239b-8f40-4c26-8460-90c52fa14e26
fe904717-8cec-4795-981d-2c2f5a8c308e,96f4a7d4-c340-4a91-8470-c4d0588ec00e
ad962afd-1857-4ef4-9b5f-e63258399637,a6c030f7-c8f3-4f85-a441-20e0816ca6a1
fc26af43-4f93-4760-8023-56f27db0ee7c,294f2967-ea10-4409-9538-f3973720fb80
6816d8f0-3df4-4aa4-bc66-1b7096762856,44a760ea-b79b-4b96-b970-9c136e1efb6c
1f7b5955-d3fe-4b4e-a81d-85efa6edceda,726aafef-42f1-49d6-bc61-1b623106054e
292262ed-6568-49a0-add0-9069dd471dae,dcdbfd9a-4490-4803-a92c-c7e38ebdca79
3dbb3f5f-4f35-402c-bcd5-2c058c6fb171,2a62aaa5-8c8f-4c09-85a6-0eca7190546f
fdb95e8d-cb93-4837-8dd0-d4d8cbe06680,0f322bfe-0b38-4033-b167-d6656c5185c0
7a1ab4a2-4df9-45e3-a33a-1571de971e06,d9a521db-4b6f-4def-9281-58f2a42dd886
4d0ca825-5db0-44b7-a0aa-41a27d33e52d,d2224e16-87ec-4d08-ad09-2dfb178ad733
9270cab6-2321-4239-8b70-56e66468ce47,09e8ea27-4a9e-4c47-9363-ec6163f83751
b3048fde-a2ec-422a-974d-58753f4e1c18,929956b4-35b9-4fc5-bc72-24abd1ff1a11
d3a611f8-e24a-4143-9442-78b6df6896a0,ac3a6b1b-8fdd-4894-b960-889780a320aa
2540b8da-43b6-4e36-afce-8b0ae20fbe6a,e7ab2d98-1d9e-419d-9f2d-82125a1a38b3
f334635d-7b82-4694-97cc-db2c2104a76b,d4c28c40-d4b0-4639-9917-d7e8acd78b95
e6610327-1f19-4e64-b88b-e7bd11de4095,38bf51fc-d0dc-487b-98f3-0de3d1b10a89
5eceab0b-8719-4272-9f78-045c79f609d2,889d9291-6e9f-4d3b-ba79-a69a36000d7b
2482a977-d4d2-43a1-940d-861bddeae0ee,01b446ae-20e5-4ea1-abe5-b8d0d589e00c
16cfa40b-c223-4c73-bc23-34cd79572f58,7e28f0d7-6ef3-4410-95e3-6a44f38beaf3
002b5232-e286-4c66-987c-02502460ee20,cf155754-b03e-45fe-8308-335ff5c53be9
a5103599-c591-4181-8ee5-df297b2fc7f7,06067dd2-1dc5-4047-ae70-5a4731452bc1
67eecd27-ba79-40d3-804a-22a63fd468d1,9990e627-183a-4bd4-b70b-bf7391db3d3d
0edc8db2-5d95-49d7-bb0c-4c71be1936b4,dff4555f-08d6-418d-973c-d20c12af23ea
62f2fcea-e2ac-43b7-9bd2-3740a9769f2a,8d3d0c3e-e87a-4578-8fda-b59000f6326b
584dfa2a-6180-442a-90ef-811cca7cff82,152e092f-0747-45f4-a503-040b5b5e85ed
f216cd80-a6e9-4e4c-bc71-8d49bbe93975,07efb58d-c7d5-4d3c-836e-7f4bdca73c06
2e97f3fc-b94c-4c41-89cd-757cb658cd14,f92616ff-d913-462d-9ab8-ef70e79349d4
d910f8c8-f296-4542-9750-769be00b3a61,e01b32c7-2252-4cae-8753-eea69d53c3dd
9a86a890-f389-4a45-9782-f92e9ae3c56b,1d358522-5bd5-434b-94e2-78322844995d
0dd29542-ec6a-4fc7-9f1f-291dd0c67483,ae0fb02e-3a01-4b74-9078-321b783e0c8a
fb83623f-c3d4-44e1-bd91-6048fa8ae297,c84102eb-5387-48ac-a0b6-110f0b0edbbe
32a47051-f9b4-452d-a66d-0816f77e0bb7,9a721023-5dbd-4cfc-8a59-ac4197fd188d
4037cc8f-df9a-4a54-b1e8-f224b627cf32,7fe23ad2-24bf-4981-95a9-696a34118a3b
5d15597f-d954-44ed-b467-805029c879e0,f7dc3f08-59ed-424b-adfa-2bf023abddbe
6a148251-ce08-4b4c-abf4-868c185f0365,594d688c-c6e5-436d-a1fe-8af499efb949
9873d967-6a80-43da-97b6-636bd515c537,7ed3352d-1ed9-4427-af97-d4e0f6f1a311
3680e0cb-b051-4f46-8339-50266411fdbe,e201f74b-4459-4366-a8bc-d52354390738
53af5553-2df9-4f03-98ec-e1c9ef695d93,8627e326-921c-4c11-a4c8-99b157fab7cd
a0813610-6260-407d-9214-65e2e414f61a,7b6d2f95-a1fd-481d-959e-361f84005cae
ecc13605-dac4-4dea-b79a-6801ab11baec,3fb3ffa0-04cb-4f36-84ab-a9bdc9a473d9
555bc832-fd74-4ecc-8610-836f86480f40,c1216c87-e68b-40a6-9e12-70e12d70a3ed
a9b8e3d1-fd28-4047-967b-fe1db8c92f6d,3db0516f-06f8-46a9-95ef-97361a03218e
0f5025fc-21da-49ee-bc78-240d036d6b38,692888b3-cc2a-4729-a3f0-e8df3e60038e
5ffeea93-31ac-4278-ad8f-6a907a97951b,1c737ee2-2a98-4dc9-8ad8-22ce0e158128
e3e20456-cdb7-4e05-8b86-d8e379b1d09a,dbdb6270-7b79-4608-9b8d-dc9f16bb743e
e7b9f121-5901-4066-8364-b7c0c567cfa7,b66f60cd-f2c5-4376-956b-21162355c778
342a2fc0-545b-40f0-a48b-cfec23ebfccb,1356d649-0e17-4377-a9f1-790fb9c2545f
4a1295af-caf1-4890-a943-004e2b5d2dcb,77246d5c-e058-4a0c-8aaa-18055eae0a97
53ddf51c-93b3-434a-a7e3-c033313714ea,8b49ea3f-7897-4411-a5f3-527fff0f7985
17e86b89-ed13-4c6c-a7ea-f329d49a3b08,7e51e309-b348-4d9d-8b55-85b21a76d885
54ea2bbf-7013-41a8-a85d-581258b44a7d,dcd153f1-c344-4ea7-886b-e0ac238a4377
0f96980c-c381-49c0-8152-735ee9edf5cd,5ba9194a-4332-4114-9dea-5671e835f959
bf63bb14-d5b6-4f6e-95d6-ad8c10ec5ec3,6278c9ef-007e-4e2d-8d7a-8476a4b05960
d508ac6b-f05f-4ffe-a8ab-dedd94cdf9e2,8e899607-6494-4b1b-9617-b451a26537d5
602a5ee2-d09b-4c93-bc9f-e6c6a4474327,d9cb8c5b-0dcf-4aa9-8667-8dff7130bfc9
512c2234-6ec5-4837-8815-2970adf65864,3d953581-1b20-4269-b4dc-dc40336cf2b7
1ea1a683-143f-4cc3-9171-37f05087778f,1c54e9e3-bcb4-43bc-8eb2-74a48ec5e383
118ec8d9-9634-46e0-ae64-b008df1f1184,2da84133-589a-49e2-885f-e55f69a89687
c2f4834c-0426-43f1-be3f-ab43ca850882,b95f0b7f-1fd6-4689-869c-79b73a7abf84
3c53ff52-3a42-42a1-a95d-9764e5ac0ee4,43c60389-65bb-4691-9a24-1eb7df0ea7d5
95c74734-486c-4410-a2b5-5b09a34a007b,1cba9e34-4491-4669-9d27-6401e28ab316
9bff7110-8066-4279-b6fb-c64fecda3958,6f0ecc4a-e7ca-4190-a2f5-bf42512ffafd
46bb1bcf-a5f1-4fe2-8bd1-2c3eb32d3c16,814babbc-c96d-4c11-bdf9-fdb8856516b6
05557683-0ea8-47fc-835f-caa6a88f90f2,acbaa0ff-6b4c-4ab0-9879-b5ee994ec23b
7ade4dbb-a124-4b39-be34-0114aff95bb8,ddce8927-1f4d-4010-9113-8c0f87521a74
4c994454-9b3d-4eef-9d9d-bb2163a50710,5f32780f-2e78-45ad-bc4a-45cb9f2eb474
17350869-6621-4fd7-a9bd-ecfdf875f863,458ada4a-7608-4128-89bd-b310a050ace0
8db5e417-977a-432d-9f48-7f2310036910,a01ddd89-51f8-488c-9836-9c8ec9619863
42446af4-75a3-4ac9-a468-9072dcbe0dd0,75c89065-fda8-4abd-8618-8f73bd9c6f85
e25781f8-37e3-4ee1-927a-31326f5061f0,4fea877d-d46e-425f-ab04-86c616d3cdca
a7f56772-f81d-4c03-be10-d82b7e996e7f,11fed865-7a2e-4829-9037-261a37f80096
cad456d2-42ac-4b6f-aa17-1c9bb302b4bd,e753aae4-a9ff-4457-8c77-289924ffe067
cb9cb199-cfef-4c2d-95d9-09fba0ba3dfe,8a2759e8-9c47-4ff6-b354-51981da56a07
4e6f4de4-e844-471d-8600-4d67826efee6,9e514a56-2b52-471e-9294-fe935d32954e
50ec179a-1a52-48c5-8747-a340e87cfc45,65802fd6-188f-4860-a0ba-edbe7f985c42
7d640917-ceb4-4051-bbe7-22cdd57e6547,c37f818c-ea64-445f-939e-449d78915405
a7c2db05-9638-40e1-a9b7-66a59cce939b,96fb9738-0f0c-4da7-97af-b1d0115f4f6f
b09c516f-b959-4703-8dd2-7d88cb6c4f95,201679b8-b368-48fd-b321-90846cae477a
12a2d565-2ff6-401e-be28-07463b6d0c50,fc50ed3b-f13f-4c82-b3e5-37e4e8728a55
453a7155-c286-445c-945f-4956c2103c5c,5bbabb3e-bd96-465d-8a7d-ba250fc3b826
b3d391ff-c5ea-4478-8b52-a3c0f80a3f42,88374daa-23f6-4dff-be2b-3e7a75cf018c
cc708f03-8bd7-4661-a922-26966aa4f279,e1824aa4-ff75-4b67-ae48-b2c8b66e090f
01bcb500-1013-4a29-ab9e-871ae1e35685,e0574d61-be7d-4cd8-a996-e4765849bed7
37b780da-4342-48f5-9f56-f9bbd31c4688,e7b657a7-0403-465f-83bf-2304c9dc6006
a0fdb2b0-3282-4b16-8824-0ea0e4d097a1,e0629503-5388-4390-8a9a-e8267e765bd8
4338af23-6de2-4084-bb79-661e09537ac5,198acd8a-a744-433a-9871-389b05541ec8
afac6de2-0794-40be-bd70-351bd95355a7,6634fa86-78fd-4904-885d-0da58259c409
dcd9f729-eb1d-4ace-a7e2-aedc4a1ec120,3acf3e14-3b77-4a8e-b956-6d26fdc2d48d
7b4fcab9-0ea9-4120-85d5-1648a1a51c1b,61e04677-5418-40de-8b8c-87dc00f28c15
310cb787-51c8-4f5a-9792-b1c6f323c6a2,9903797d-de49-423f-b0a4-f3ad434b6567
c392b7c8-4591-4473-a23f-434b562637e1,dd90b78b-1e30-4778-bbd3-86f2bfbe2538
8e38ec09-3434-49a9-9d0d-708dda1b677d,eb071494-4f15-4ca4-96fd-c02ade161f0d
649263a1-c29e-4063-b5d8-66e3bd0cfd97,1163d035-67ab-41e4-bccc-b6f30ed59a39
0d59ef7e-c8ad-434b-bb18-65cd90630eec,d118c056-e436-4f6d-bb55-0dce93f73322
4429adc3-92a8-494d-a1a1-5b46b56ef531,f1b314d9-e1a1-43bf-bbc9-980de63ed4af
3c863d1a-1fa2-4eb3-9313-567e5a2c14eb,66a89902-7739-4dbf-884b-7679c156e3dc
d562d3ff-22c8-4fea-903d-0b46b9e3259c,87203fd8-1e4e-46a3-bbe9-0dcee3e5ec19
96854dfc-0603-490f-8d16-980b30733b47,d168eb6a-acdf-4d08-a1d7-a07105560b6e
47c8def2-adac-4fb1-b715-7125603754e2,2c9bce25-7558-4bfe-9dfd-0cb1b7ae0b4a
2c4c05fd-4ad4-42bf-b9ce-e2acabda7b12,388b7bd4-d7a8-41e3-860c-6c30e453053b
7afe0281-76a6-4eec-837f-3fd921cecf8a,af5c7d02-25fd-48f0-a58b-becac821b3e6
48ab8add-4cad-4b09-a1e7-00fa313c7f11,523e8045-7667-44ca-86cf-7706a7f5d1d6
06be964d-80aa-4e4d-9606-daac87c10745,b448626b-e824-4e4a-879e-8b495253d4eb
d5d15e01-0190-4d4a-8fc8-7ffd415b63d6,9c84eb51-250f-4624-9f6b-a77742dbd1d4
3091b871-9ebe-4538-9708-95738646bbcb,e753470f-e29a-4e44-9f85-84c875acbd13
4343fbd1-6add-4ec4-867a-0864d210e5ba,ab4a356d-43c7-4252-9f1f-c9f1dd370539
5678c529-7f00-424f-a791-9792e3007c4c,30cebeb6-c768-4fc2-9638-fce18c4a5205
7afe0281-76a6-4eec-837f-3fd921cecf8a,c95f3757-c9b9-478b-993e-7f43a6136e2d
ca53ae50-d2ac-4427-8579-1767376cdb5d,d263e0dd-4bce-4675-a52c-a4279bc742e1
1b2ae3a7-1bdb-4613-84dc-9126928bd4d6,17500740-1c74-44c8-8f02-d94650df013b
40dde3ae-6498-4219-8d53-580bfa2a697a,a28d250f-1159-47be-b16e-00715d34ff0c
554e8eb5-f896-4665-a750-6ea6f68d0c81,5ee9085b-c3a2-46ed-8e5a-6f00e8f4e9e5
7d8fa54f-1a53-4b9e-a1fc-716536512094,8e9c6b78-ad10-48a9-9689-360b7b5c53f1
4c4e6cf8-8583-448a-a182-07840c51c0d1,80b84c31-5da1-4578-82e0-4407ae77a71a
0a629ae4-0b33-424f-9cf6-58696f7a6dbe,1b4d538b-c0c0-430e-ac27-3e2ded6592c3
1af6886c-dc2c-4951-9511-33841a48cb4d,25bce9d3-9e9f-4cd8-bc1d-c638dd4baca4
ae5930b9-52db-4a03-ae2c-17cf787e2cc4,bc458285-6d17-45cc-a8a6-250f468eb05b
024ff4d4-d404-4517-afa2-2957e7be0706,8dcef5b4-b148-4b9b-8b25-bceb01312068
5ecd53eb-33b6-4e45-a120-b6bc2349784c,331e98e8-d319-4558-bef3-fa7878cfd7bc
b3f1345d-c434-4bde-a98b-f77229611bca,b107d5d8-14ec-4f78-92e1-a90c2dd77fd8
e972d9f4-983b-4862-b757-1b1f59774abc,c3af228a-a000-4c0c-9102-199d5bfd48d6
0ce3854d-b6a8-4ec9-a4d0-62265260a9b1,0b34491e-df07-41ca-a0bc-f4ab44182edb
97a404b9-0f1b-414c-98ed-4bcb82294a72,68cd564a-778e-4de1-bf3c-d8e6617efeee
ce3c25cb-4dc2-4605-96a6-e270356341e6,f6e81a9b-3e76-4399-896f-423d2516e710
2d9e33dc-92ad-46b3-8fa7-79a68a25e93c,211eb73d-31c5-418f-9b61-c172c8733db0
320a4279-0d11-428d-bcbe-f0f3e223ac1d,0e237b32-be28-4e87-8406-9400ff4ab591
62a36bf2-684a-4c88-a7fd-a1b19fef84f5,4fac56d1-fc8f-4c97-b68f-0a59bc457e3f
1b0a2b17-101e-4027-b93a-042574c2751a,b5e8b618-fd36-44dc-a4c0-83d6d8fee34e
63751b6d-6c47-4f5a-822b-4701578942de,e270700d-b0f6-4f2a-bae0-b8fdff2d2f97
73858d8f-81ef-46ce-9ad3-24516b04a66e,0c05b743-4be4-4e34-a678-c222fa161660
f1f51539-c0ce-49e9-9b6a-11e83de77c75,5058b4d1-847a-4a5b-ba25-06beaa02b815
f768702f-2877-49ae-8dfc-8422c2af2dca,68ce9e61-5114-45fc-a44a-6c78d5bbc536
b705bcf2-1ec9-4d01-bc62-437f340de686,c6747048-0d14-4f82-8f5d-76deee3f92cd
8a5b107e-e5e2-4ac3-9f77-43754cf4fd03,201679b8-b368-48fd-b321-90846cae477a
98937c49-b3f5-4eed-8d65-6486ba09998a,2e830413-2ce9-49c4-b069-77a1a958e066
e82327b6-2301-4859-835b-fa73a44321dc,045de844-ebc4-4b2c-a24d-7940417de943
0b6e8e54-ef0c-4087-8185-6999602f5e86,6bc4acba-619c-4649-bf5f-10245fba5a46
5e8da1ff-5f24-43bf-afc0-31d9e8d311db,999077d2-c410-4eac-8ffa-52b1a5c98ea3
2902f69e-84f1-430c-adf4-114d7f1e748a,fce4b360-4b14-4bed-8ba5-b9bc41f14d43
d216cd1b-3ceb-41a8-999f-59e070f1f70f,4d034894-95b6-4d51-bd21-5b2ae39f5514
0962c0cd-d44b-44e2-8dd6-3dbd3b917188,7312aafb-6486-4b98-964f-95241a7aad1b
4aee7327-63e3-453f-894d-8638409d1c32,3adeda36-434a-42af-9f37-f70649d2c778
22c2bd1d-a08c-4550-96e1-45afe6796258,f18d3871-8091-4d9b-828a-dbfa362b84da
72c555ff-6783-4cdf-918f-cd507fd38ce4,38bc1663-895f-49fa-8b00-e72b39586511
385bbdeb-8955-4357-a222-2313495efa14,2fa29ec3-3789-47f1-8e10-a1179089c09e
6375f443-5fd6-45db-a632-567b697833fe,5ee0af76-a809-4d8d-9baf-24508dc726b3
b9b1048c-2383-4fbc-9e29-8854b18b2274,d67690e3-799e-451c-9e10-83867253de13
ba8641dd-b10b-47ff-bb01-e4d70b8f52dd,d1d0c9ff-44c6-49d9-9968-282e096dc7c0
7d18500e-ddff-461f-8891-b8c9d0b35d7f,f2ec7f1a-c018-49f8-bfc1-b265794838b9
1ab8ede8-0d38-4c24-9634-83142cc400d3,b66f60cd-f2c5-4376-956b-21162355c778
1fc21706-95e0-4069-af12-d01a50811dc5,21c07b63-9b3d-4e2f-92b9-d8f26052f402
b2b9d6db-85e8-4f55-9377-5d44d9de2d27,2e3c770d-8c11-4d2f-8747-ecda1749ae8a
6d9ed36d-79e0-4c58-8d13-a24c04921196,77fc5cac-6dc3-4ad7-acde-a47209869fe0
61c45688-75c6-4e00-b3cb-dee02690d293,d1eb4394-8e19-417c-8487-84826cd48751
280da538-269c-4e4f-95c6-af197638fb75,d85be109-66a3-48d1-b26e-157fe06dae43
049df37a-34c3-4a16-8d43-eca0d284d4c7,f7f37701-1b5f-4c5e-b1c2-1d7778f82871
b2abb55f-2d0d-40fd-8b7a-cefe868543a7,296dbb12-13cd-4e6b-bfd2-e4e58bc503cc
22ca788d-413d-4c1f-b0f8-028b917f4631,7fe23ad2-24bf-4981-95a9-696a34118a3b
fd29fb22-d02d-4a95-8998-d84a46a8daa9,00d367bf-94f2-47ec-84d6-071b0bbe934a
dd392c4d-6d7d-4790-8ee8-6129bc4ad3f7,464f3741-4196-4de8-950b-15bf888218c9
e66bffcf-a27e-4f1d-9ab5-64b402325b4a,cdf4e0a5-d071-4be7-adef-a988c6287127
d3153626-b85e-449b-8cea-1aabdc8ffa08,0ab54b38-2948-45ce-b5a1-5018b2ddedde
8847d1da-a163-4e67-a347-9a3160285844,5b671775-8972-4738-9368-ee92cb150048
21ae96cd-eddd-4a0e-b2bb-ef0d7542cb3a,fec7d4c1-7de5-4c2e-9df7-bcc94815f30a
0ad214fd-9ccf-401d-85d6-0195601c9f43,9e8613f4-a9e7-4b20-92c7-e0a82a1472b7
d59b7c13-b49e-4d46-bcbd-54af753b17a9,923eedea-f6b2-4fa3-8fda-f2e0fd28bb8c
4201e251-0ec3-4275-8342-a252b353c637,61a02322-432d-4c02-8ac8-8a618196c32e
4be6a5de-d009-4662-b9a7-2f1b08eb945a,34ae18f4-1154-463d-8806-ffa0ff21208b
b89a6b71-fd4e-4d25-a862-fb68a9ac8354,470323dd-4c25-48a4-9df0-c448c0123314
c2ad7160-0039-46cd-882e-a1dca621d188,6530dd47-5b53-4a56-8ec5-b44b64d6a557
51c46b83-9566-4308-aa4a-8359c94f388d,d97629f1-0b5b-4fbd-892b-0840754e25a9
6441481e-3c9b-4f44-974f-70a8fd0f2e11,58ebfd3a-7c00-423f-bd1d-9246f44512e1
72067e8d-c9c1-451a-b6e8-c6e9ef7c5be4,d9208b96-85ad-485e-bff2-d68e89eaf10a
f0940943-dfab-4077-b997-e1521da2d8ae,ed2e2fe5-27a3-4c5c-b270-54972ae9c404
576346ff-adf5-4e96-a177-a658410efee5,381d7373-c7e8-4930-bb70-7e0005f5b4d0
da877414-24a1-419c-a288-064df0546aa1,096ce2a9-c69c-4f78-96d4-86b61a226637
0e7a86e1-fad4-4ed9-be56-b8894cddddcc,1ce57e13-c47f-4c76-ad8b-1cee520d6571
99252987-3f32-46a9-ab3b-f40d4d4dd585,22e54a34-a832-4b84-80ad-749ceff9521b
d0345b3b-e8e1-4075-ab3c-9fecd2205de3,173bde72-f880-4e7d-b5ef-b1b7951c7100
355f6b32-10f4-49ac-8688-980a79f6890b,d00cf614-fe35-4b52-91ee-ed7c5acbcd66
7a30a86e-2197-42eb-b3a6-20d6441d356b,763f7447-0ced-4796-a913-258ecb3a23ad
65464264-301e-4832-b5eb-de36e5bfdc0f,ad6263fa-aad9-45fa-a285-d7d488b0d2a5
a4c06385-ebf0-4c5c-80f0-58583ed721c0,751007f9-5626-41b3-a22f-b89971fb65b0
c322252d-9cc8-4018-a942-885dc0f37868,f82d376e-dc8b-4fe5-aa92-8346bfc3bc32
291abe27-6569-4005-9f70-87fe74fb1bb5,b7948e3e-1573-436a-94ae-7fa2ba3112f5
34992801-692a-4647-b0e7-3c06b624523e,0ec16dd6-532e-4c64-8e54-66a03d8791cf
e1db2421-71b3-4567-a786-4fecb351df1d,853693f9-dae6-49e9-8825-beddf5b3dc04
cff3862e-9e6c-4b37-a3d7-3562db330450,3fa18058-0787-414e-a31b-751d5e877d3a
3802a2f2-0751-4cb8-a233-2634fd425c7d,3471f565-d890-407f-96f6-d024ec302eb8
eb519879-10a6-4e3f-8ec9-b67b041a1141,26f13587-0e8f-45f6-ad71-65be23e79e79
b6ac6437-2895-4023-8dd6-fa2429d674e1,10bc5055-b617-47c5-95d4-6a53a633790c
e153df2f-e172-46a5-b7c5-7ac69e81cfa4,a9b70032-5cc2-4e29-b1c4-6c7259e9f190
e2492824-60bf-469a-b05d-fe7e5b2b5917,a5715f5a-c7d4-4e26-9115-5e0ed0f638c6
4b2b80e5-6264-4ccb-8f1e-da3df51f17f3,45983a0e-d548-477d-ae70-7669283d312a
e8eb28ef-9a06-4a87-9b26-9a4d834c5b02,d2184a06-2489-4d0a-8fe7-3014a366b92b
3d6e2619-d2d5-43ff-907c-ed2673d0bc46,b961e5ab-693b-4853-a69d-82e106109f62
847088f7-2058-4c48-9fff-f13e74e2d58d,1c54e9e3-bcb4-43bc-8eb2-74a48ec5e383
6f7b3fef-203b-4ea5-b339-bb071bd5e904,cc0ea2aa-538c-45ee-91c6-506aec19cb1a
dc3cd554-f199-442b-a29e-3adf424f3952,dca448d2-f02b-4a70-adf8-b873b340bcfe
6ace6d4b-08c8-4474-8d5f-5ce8550e71d3,03aed0dd-90b3-4d1f-a241-fb9bd9e51638
815c538a-ae7e-4e88-97a5-ec169a4b2c3f,a06c0e6f-6224-4433-99a1-524ecf1953f7
3e92f89f-b27c-4d06-97f6-992bb603ebb5,bb62b4e0-8009-4502-a7f2-6ff86e86f42a
b830caef-ff3d-4e64-a180-81555a42e49b,f5fba3a2-66b7-4449-ac4a-3017e242d830
1272f37b-3cd3-4b16-93d3-82dcdc0a53d3,ec576222-ced9-4841-abbc-9689993c3fbf
052fddd7-4647-41fb-a7fe-e1697476518d,9c4fef72-9c2b-4039-991f-845b98ec5e31
15d9b626-0bb8-4d15-b387-62fbaf0d970f,4f33cf9d-a162-416a-b028-4d31a9c5f303
78c62215-c10c-4659-9fea-c9ff0aeae441,d176d237-038c-483d-817b-8240f6cedb2d
06ab6e12-660a-477e-8f0f-4ddfa796f46d,50f21ec3-5fa7-43b7-b49d-ff7ff8f1b7b1
ef4b4635-8cab-489c-b895-108feef12591,a8802cab-ba19-4b1b-aef5-eff500f13834
2c6c5101-4cd3-4275-98a0-9f3c1350bac7,6ba9c19a-89cf-4572-b26b-6ee2cb88a72f
bcb55fdb-58d3-445d-962a-cee7d0ace8c9,f6fe8177-9d4a-4edc-99a3-63ccbbf4f306
648489d7-cef6-4ade-8115-743a285c8213,fd7c2afa-cae5-47d5-a694-171230ee477b
c968b884-7c58-4168-be88-76cc05c94f6a,909b0dae-2f97-4051-8ce0-ce088e0ae439
755e547e-485c-4218-bd13-c2104ca4c7df,6c7b5f06-8cc0-4a3e-b8a4-ed126c70a2e1
a73d1520-4d00-47f8-8468-5afe7e115236,f31b67da-bd55-4df5-b7bc-0caf0d5cdb70
c2e9912d-bfef-4d8d-a5da-b9bd3e6874ce,43434b45-d85d-4e65-a15f-fc14bb1e0e22
1e5d4316-1fdb-48b1-9533-ad212b7a8596,4fea877d-d46e-425f-ab04-86c616d3cdca
e614dd0c-1960-4936-bc85-28e45719c7f4,e68e531b-70fe-4055-843b-986eeaed9a34
e0c4c4ef-c5af-46e3-8566-359411e863e5,5501d1bd-b8ff-4857-8f58-0d0cb6ed6a8a
acc8706b-5e31-434d-b51f-d5d9b85286ba,7490df8f-1fcd-4578-be48-7ebeabced736
41d9c206-9305-4927-ad6f-e16d249320cb,4c090b29-6e2b-4d9f-8ade-9c2f4163e898
617c2d64-092f-4b39-879a-df13df14b597,58a37758-298c-4770-ab29-2a2f07acda52
99845353-7d3e-423f-b571-33d99b676d96,78e060bf-963f-417a-944c-79b133f902a6
e2067f82-04c4-45de-9fa7-635fd44a418f,e7bce575-e734-449a-9def-291ee70537d6
d36c0d62-a31a-490e-8f72-03c00f089910,502aa542-6127-44e3-b1c8-211c017da15a
a8a69818-e30b-4915-90e8-27c3eb630507,610574f5-7e84-4819-8a01-e7101e597ea1
577189c8-da8f-4474-903f-6d4a528f51c0,1779b7d4-18f6-45a1-bb0f-408d3ee6b4f7
6a439caf-d8e6-44fa-a3c4-ea1de83526ea,5ca4fbab-623f-4dc3-8151-46404a20e7ce
afb35b07-1f35-4ff0-b898-becc8d8a61f6,ecb3e989-9f78-452d-b5cc-bf40ba924c7a
10d5f7f1-47ce-455d-bf11-633e5d0bc91f,2d7981a2-9f2f-4fec-bff5-20c1914bd210
b60aa2c9-2905-468f-96f8-ec0047678f40,d062322c-f2be-40c0-bbae-1b561e049ad9
9fe9b2bd-de86-484c-a970-1a1eeb2c8a75,38bf5a94-cc3d-49cb-9bf8-9343a8a7c1c2
50405c9a-8951-4bc0-8da1-5eb033e24c7e,679d3743-b848-4a08-bcc2-6993a1136589
012430e9-b3c8-4e9e-a2ca-ecd39499fe6a,4fdd5110-d87c-46b6-a9ac-d83eee82e579
0bf7bbf6-2c1a-4afd-927d-d2eee133c769,2b43b06b-fc7f-4d79-878c-edc9b91dd60e
d8e75e54-0296-43fa-ae26-33f99e95fd70,aadf5ac5-ec6f-4e42-8db3-aa027e321f0b
06fc08a0-21eb-4be2-bd8c-f0e1449ebff1,6e2f6f35-3f81-439b-83d7-634225cd3b65
0151b7e6-761f-471f-a1d4-0d014acc46e4,d062322c-f2be-40c0-bbae-1b561e049ad9
9c691b4a-f166-4b3f-aa03-d489ab2caa9c,a5708eff-fc05-4dc6-8f42-cf2506e42fa1
b9b4a701-5bcc-4651-904b-c645827e5d32,3c582b45-3c51-44dd-baab-ad86c18a481f
6c854cf8-5958-4ab3-bf53-584137ec9d12,7b206ec3-3b8e-4d0b-b117-5002bb7f71b8
0d232de4-6984-4c5f-9dea-a89d4ee68cc5,8b30716e-db05-4f04-84ad-2fdcfb77ab8a
871a4777-802f-4ff8-88ed-24a99cf900b9,7f6dccc1-0a87-447f-a7cf-165bf08367e1
4986ba3d-8669-4082-8041-b8d3ebe42122,4c267fe9-19c0-4c4b-a71a-8e162e2196c7
80a39893-d915-400a-b61c-3bf85022c2b1,c16f5de7-663f-4bbc-b5cd-59b05aa7b562
e56db9ad-c180-48f2-8533-c9e447982994,bc97c2e7-a51d-45f5-9350-41d96c366007
9bb3927b-fca9-4cb0-ad66-e946c2437097,d0b5bcbb-18dc-4cef-ad18-5fed10ff6981
6d5b296b-ba8f-4d8e-a7e0-4013f75d5b40,aadfcc8c-3fbb-443c-906f-d9648879dfc9
141e6318-f27a-4b2a-a5d6-5386095069ef,761b9169-8605-41e3-949e-4c13ad0fdbf0
e0fc3e45-7c79-40de-ac6f-88b677aa26c6,bec8b881-f073-4541-8642-1c866025f9cd
9a2a4d3a-cd69-4eba-8b52-5bab6caf39ed,0250005e-8c1b-48d5-8727-1277bb25d6bf
d9e5bb75-4077-4484-ab8b-141a3ee17fbd,26283200-6aec-4327-a1b7-a2f3054d0ef8
9e3f2ed5-430d-4077-ae60-f2d016f53a9b,1f553c2f-b0b4-4bf7-9da2-cff98ec36db3
17da9dd4-f934-43f4-bbbb-e0ef7984b462,bbce0147-9df6-4b5b-aa73-37e3160a5c1a
9fcd2d64-833f-4269-891e-9edf940bb767,d1e1414d-a9e3-46d6-a65b-bd751c51d9a8
30166ab4-2a2a-4baa-b993-cc159ce43380,93322535-1c3f-4b22-91d8-2621c2c36e37
923c47be-29fa-4d53-a1ea-193670184b0c,9e6116c5-b25c-497f-b713-1b5579780e71
c6851271-0040-4498-80b2-13ed59cb6eba,cea69134-ae82-4311-b8cf-1b27d8b6d822
c3e874da-8afc-4e47-8899-dd4b87019c88,dd0ec6e6-58d9-4987-a63b-5c92bd6248a1
19715efc-9959-43e6-9197-47607afb3485,1be63d2f-1fec-4c42-b6c2-a3899c57241c
02078ea5-3b53-4676-97b3-04dd93032326,2c0383f6-b724-4cce-8632-54853e89eead
8ee19fd9-40d6-40cc-8709-483325ddd393,909b0dae-2f97-4051-8ce0-ce088e0ae439
3bd206af-17ab-4b83-8ab1-6d9360a7065c,f65f978b-a292-4f96-864d-9ba1221dbc9d
4e4e0121-126c-4f7a-a784-e793fb6e47f4,d69fb82c-6df6-43fb-a81f-d9175be3ea74
a1229add-ac0f-424c-b1d4-1e38185f380f,43911664-70de-4c63-a78e-52156711875f
be0e2e45-c487-41ee-b466-c1eded285cff,6f199877-aca4-4096-92d5-0d8c86afc0c8
ed49733e-af69-4239-8e7d-ce2a85388aa0,912d0c51-3442-4c1e-a918-eb98e211c9a2
b0525be2-3328-4610-804f-1a32c7c6d519,b5489ff7-24d4-4679-a149-54dbb12c9eb8
4f553331-093c-434c-94ff-4093b6c8e6b1,1edf2a28-e70a-477e-970e-3ce6e1c54058
8f2c12ac-e1ac-4327-b7c7-4d67e32e9179,afd20108-7f85-42c7-a74a-fe7a06900156
fb2dc8b5-867c-406a-9251-d4decf77398b,928ddd97-5dbc-4d1c-8c7e-ca44241b62cf
bc90f57c-0c8e-49dd-9453-bf34d8638624,3703ed37-a5b6-4e0e-9beb-77a2ff4af46a
ddabe80d-c81c-45e6-be80-9696d98e460c,ff7f61de-f0dc-4847-af59-a327c949ede4
56db3f89-29ea-498f-bc66-19cbe8889705,068fb1cd-25de-4f01-b211-489ba485406c
9dc007be-1fc6-4d07-a62c-544aa2fe1b9a,65919311-4e3c-4355-9bd9-b817146af268
f91dcc23-0e51-42d2-b6c6-c32d975f8976,1e9d833d-07ae-4e8b-bcb0-536c6361b794
569da135-3032-4491-a485-45e416c775fe,375e2a95-bb3f-469c-9a0b-8d425288ef3e
5d1cc449-96fe-4c7a-84d3-fb72928c1bd3,4bd66c78-5065-494b-8d73-ba7d8135bc7c
01133043-5191-4bd6-9772-9265223ca9f8,ee94e63f-5d13-4232-bd64-7391aa6f57a7
21882ae7-25fe-4913-936d-838187701e41,e9a720cf-b7ee-464a-a384-a29f265d8995
e153df2f-e172-46a5-b7c5-7ac69e81cfa4,ddce8927-1f4d-4010-9113-8c0f87521a74
f8ee2b3b-c3e1-4c7b-ab6b-253ccaceefb2,d82d9a25-f4e5-4cec-a87a-a2b9eb17bb88
04ffd5e9-6651-454c-9c40-cec7e61f8ece,cc919929-9459-4193-8fb4-828f61569708
1209e00b-cf73-40bd-9b01-d1268bb13509,e5a69671-8896-44e0-9d76-13ddbb0418d5
8ed46fbc-1b99-46df-b916-7d67e9da57d1,44b24bbc-3865-4430-bd92-8c59f6e95b40
be2a0c03-8040-488e-aab2-dc18dc1fab68,08ff9351-7345-401e-b4af-121362adc923
d5ece449-0b0e-41b8-babf-064c2e5fa2f3,3d7379a2-0e55-49a7-9cee-14fb7cac6eea
c1ffc3c4-ed01-43d6-b978-0142617f9abe,ec08686d-83a6-4e01-8a11-7a45d9e1813b
643c8244-9adc-49c1-bcfc-2eb62b03b233,9e4bd55f-7a7b-4f45-a80f-e4f7f33a7db3
a7954acc-7672-44f0-9887-ac587b6e6690,baed2651-caa3-4dfb-9141-7695db71e7e4
91c74de8-a84e-4283-a207-8d84cd59ea62,d7fb0434-e5d0-48be-ae4c-c9083e107183
264d180a-2488-4a75-89f6-d45d0921c426,a5803076-a88a-4316-ae24-8d443025bfe4
8d008632-aa42-4989-9a11-460f1e9b9dff,65919311-4e3c-4355-9bd9-b817146af268
431828ec-62b8-48f3-ad54-a3de7f7dada3,77c14a8e-2a5c-49d1-a9ae-97f78dcaffd5
72251de0-36f0-4ee5-b34d-6a2e05c2d638,3fc4dda6-bb15-4eb6-ba14-3c59f85b655a
c6d1f6fc-1ed2-4644-864a-ab5b63fce6a6,90490c75-36b6-4028-89af-e316da58bd27
dcc3b670-8b07-44d4-af99-499f437ff0cb,5c3c9b70-c750-432e-add2-6b0fb1ea7694
b23530ad-f0a9-4784-9a41-8c3249d247c0,3bce087d-1fd1-4089-8fb3-2b81d33c66f3
b0402568-15d4-42ba-992c-d2d5ab407b52,27e7cb3a-168c-4744-96c7-b8f2d1eaea10
60e1db7b-3d3d-4b58-a634-fd58b24fead1,740fa9e6-dbe4-4432-8a24-dc6a44c8772e
5cb33cb4-8eaf-42fa-8f4b-0b34ccf5353d,be2c8f0c-77c2-4221-b5cf-2e98313e2c71
5f9f6f34-2eee-4dd1-aba8-16449946cb9f,963d1ebb-67d5-4fda-b132-5ae7ddc4e24f
4f04a10e-3997-42b0-b215-6d656944d831,d04c9877-6c0d-4e20-b983-cfb741e6e8c7
5090d82d-ea06-4b92-a49b-90505edb5342,c0fd70d9-4dfa-4235-89d9-007b17894728
8d167982-e2e6-4818-ad0f-7cda37a9577e,73d3da1f-cb11-44f6-8853-5e8a9629804b
ad4a0c30-b54f-4e28-b866-54ea9d681286,9b43a5ae-8982-4a33-9f23-8b8eb2d81bb1
cc481b20-3482-4085-b78f-a46a3a2e54f9,09c6c94a-d8c5-498d-adbe-0f4a2fa69196
bc8cd88d-627e-413a-9563-17a79bea4e5b,ac828fcb-b8ef-4bb6-b534-ebe519bcfe07
0c0d3d6a-3546-43e4-b268-9c9206294cb0,553493ad-0d0e-4852-9566-73195687fd33
04f11c60-52a8-433d-ab9d-654f9b340479,71bf3ce3-682a-48a7-ab93-f9fbb83518e9
4cd3296a-cca1-4b15-99b0-9e57e148449d,bf094cf2-9e9a-4482-b2ff-9610e3e43240
c650e4e3-3fa9-4844-aa1b-97aad4dae516,37bcd013-9ba5-4c49-b700-e73e10d7d40a
db369d57-d388-4d94-b42f-58ab8149cd41,cfb6b10a-6a64-4454-aab5-aa3586d2c98a
e4a76f3b-be4f-44c1-9ad2-bcf019548697,f3f33148-d707-46e4-9911-b8ef3a34b09b
7a8b3b3b-857e-4196-9b8a-d1830aa79d97,525569ac-c83a-45dd-be5b-40b19d4b1784
2b61d22e-0def-423a-ba37-33f10b68459a,a0d7f549-a3e0-4a59-807f-873bf2b94605
c7cb5a05-126a-4639-ae88-47910743b3f2,20870860-9d92-437a-b28a-82aa88bcfa3e
61a0d1ba-325c-4b08-9999-0e949271d8ae,b7a3faab-06d9-40eb-8892-781b04fccbf0
0404221f-f535-4fc1-9b2a-f30139fb5756,e05d0f26-e66d-4079-b8f4-89a8b2955e89
aeef389e-cdd7-48bb-86db-112741ac6ef4,72871a4a-3b89-4d82-a37b-f2c32b2bfc13
3a125b52-7fd5-4c16-9dec-4b250bcd751b,6b9afd6b-d217-4f61-98e6-e08873b44aad
d64f9740-ea09-46e1-a2c9-365096c22057,e0738208-63ee-428e-89cf-76974d50d09c
38b1bf2e-a8ee-4da1-a3dd-a2cebc6e0edf,86c44fa6-55a8-4db7-8f3d-a12fc92e6fb4
30b3785a-5a09-4c7d-92a6-cae2615c4052,95510077-02e0-4012-b4d7-6d167ade18f9
96ef32a9-8fea-4b89-988e-1d09cac22414,8b34507b-f14f-4323-9405-568f7acb35cd
0674eb43-52c0-4374-a279-a99c16b96a83,b8a8c40e-0e8f-47f3-939b-08445527ea50
2452db66-dadf-4537-b255-a5d6b93b7170,817f10d2-cf45-4fb4-b97c-ebfe7477a78d
bc90f57c-0c8e-49dd-9453-bf34d8638624,f7e55820-8396-48c8-8b5a-9dbbb8e92db0
2cab58a2-a25a-497f-95c3-7db3d34ce1c2,3e54f6d6-5b78-4296-808a-46b386787598
c3704472-a6e5-48a7-937b-fffd9965854b,87a5832a-6044-47e1-ae8b-c57b117dfea2
3133cb29-2f7c-44fe-aa8b-1ffaedc3ebe4,9673ec8d-f703-4fed-8c11-a547b7355b01
2e97f3fc-b94c-4c41-89cd-757cb658cd14,5cc70aed-ca08-4dcd-bba5-6f6f14a84650
f3db7209-1ac3-41d3-ab93-4e7f9b735680,e5c57cb0-cebf-4590-8f90-735f2d9b99bb
d144b77f-4495-46a0-9eee-059c5f11217c,b8f92936-7fb3-4747-a826-936042227847
9884abce-f6ac-4933-b136-05f4d4c9a8e6,c8d401cd-fa28-48a5-a73b-ba70ad08c927
8e026727-a1f8-4664-8ce4-cb2155265b28,93889d02-2294-4483-9fa1-cf6eeaef8257
3cf86fc0-3e29-4e70-819a-ad028934884a,b0b68322-3066-4ab5-b974-09746b9fca98
b7d9680c-e03f-4833-a4cf-af440184b344,6d3feabf-3265-4ced-83ca-7cd58ed143f8
eb19e4d2-0779-4dce-b3f3-04c0b2696264,89766dde-ec3f-4b7f-8419-ea6132b74c2f
cf1db286-168b-437f-a523-295076d6f70e,1d7230cd-d6c6-41d2-b1a3-afceb2f2c614
25761bfd-2b09-4264-b579-4c334528ff88,75a5623a-5663-410a-8ce0-8e68bcf2b6bc
17da9dd4-f934-43f4-bbbb-e0ef7984b462,5ac9f8e7-ee7f-4716-a212-b4abdb19897d
02cd11a8-a023-470a-b1a4-7c755be6086b,d9a74e2b-f531-46c5-b325-b295a26a8de6
2b35862c-b03c-4ad6-885e-2c451ea8b81c,abd57d82-bb50-496a-80d7-cbbd60ac5d5c
878c32e1-362c-491a-8a70-c6cf57dd852f,7b39a3db-4670-4c67-a879-32c5c5cede7b
525201db-3047-4f86-bb93-2ef32e67ed68,8ef71d71-e137-4d9a-8cd3-fc3db886bdb9
358c3d9e-66e2-4d3f-b071-73c9203340ca,c24d686f-35d0-457b-a82f-6e14d90db80b
9fc3ed99-5528-436c-b3cf-a79767cc5585,5012770a-c4c1-40c8-85ea-d18e8942892d
6e101bc8-2854-4664-bf5c-48a461fd1d5b,13baf2c8-cdbf-4204-8598-e56cd3f58f55
457709ec-8e83-4312-90f3-c5ca9b05959f,3d91fe8e-0bf6-40e7-ac78-628c326553f0
42bdd3a5-125c-4264-a605-acfcefc471d8,d2866be8-5c98-4e43-afd9-7aa2cf6f0f66
cc7c4b30-d528-4218-ad89-089ec1276cbb,60c11acb-0db8-46b5-83c6-d1ae660f9ec6
fbc164e6-d169-4e6e-bd08-530cd1f94217,cc83c235-e982-4217-8591-9a09092534e2
51cefddf-d970-43a1-941e-072c1efcc2eb,ef28baf3-d17f-4fcc-ae99-c2d44d0bea96
3960a993-10cf-4504-893c-29a389f60717,d986edc3-d834-425b-89aa-0d4237ad5cc3
60169d8f-4f46-4707-bd7a-11a4d4ddf005,cc2914dd-a4b2-4b16-8f53-458e02bdc689
7ab1c051-2dd6-49af-9108-7011d837455f,2c2a5537-244a-4437-b0f7-4e7cf0cbf3be
7e45f4a1-8bd8-4d49-854c-3cb503223271,80368c4e-7549-4fb1-bc05-1b2e50b09e5e
4d9761a2-83ea-448c-abc7-9f64c764f654,fce6634d-685d-4239-aa7a-82c46558b48a
09b80c12-000e-4a67-839c-b54c4fe5b6d8,ca5e2909-3e35-4475-865a-c99610304030
8a7584a9-a3ae-4973-8ee1-5490416b7ef4,fd7b66ce-f6ce-425c-8c44-1bd7cefd6b1f
a33aebc1-a1bf-4366-8ffe-700284e98357,46a40f04-613f-4c1c-aebe-59ced74139dc
0bf7bbf6-2c1a-4afd-927d-d2eee133c769,bcb097a8-e9ca-47eb-bf73-34940d184253
5cea7c97-286e-4655-b21a-0f57a8868aca,2441c280-7ac6-4bc8-b91d-a12e2eabc0b3
bc458fcd-e5c7-414a-af46-426bf1e337ac,b09c645e-aa82-4235-ac0c-1179b1443dab
fcbc0f1d-0837-44f6-9353-fdbabbafa05b,20e0bb74-8045-439f-aab0-c60a00925c9b
5fa8cd24-3c33-40ab-853d-f130588d1889,3e54f6d6-5b78-4296-808a-46b386787598
d35a4b05-d2e2-4c57-a356-32e3df2c68a9,79476a09-76e9-40b2-aad9-1b648ad986c3
a75dbc52-e127-4986-ab0a-05c7639bd874,fc118f97-9b21-4ed7-9b07-87108e81c22e
085e3c77-3754-4ed0-b2d0-63cbc3f755aa,555b19c8-6817-49d1-89f8-93f79497ee61
f7e65fdb-abe8-430f-ab03-bfb383024936,84550996-0cb0-4ea6-a53a-e103d3c0b7b3
281ceb71-4344-4124-b9ea-456bd1b8138f,3a98f40d-2911-4e18-b1b7-511c4baab31f
d5bde611-4970-4a8b-8708-400e39a74cdf,d5d21273-e444-491f-9b9a-7eedd3e6f80c
3ed2d174-aba7-4e50-b9a1-f42a9b6c907f,73bb89aa-a709-49f4-a753-5c3a43e696e2
ab6bd83a-71ba-4390-8a8c-c1b3eff17452,84550996-0cb0-4ea6-a53a-e103d3c0b7b3
e7a64624-cd1f-4011-924d-bb49a376a75d,a318a071-4aed-4b4a-a431-6ce41546f2d0
fcfd3804-581c-457e-b71b-b5b2dacf5625,e31d63cb-a69a-4de6-81d0-2c1b9cdee741
7865392b-0918-40ff-bd08-1e76bfb588c2,fa52e450-04ce-460f-9df0-b983478d65d9
2f4de389-3e67-4314-84b0-025e75942833,ba3c3320-a178-4dca-ac2c-04b8236bcdae
75b686bc-4bc5-43e4-ba83-a1f46640ab85,4663a729-6a95-4416-9d73-18478eccc7bf
fa830403-acf0-402e-9d63-23cb7050bd50,83acfb5f-ce32-41e1-ac1a-9645621e5f76
2b007e77-5adf-41d6-b6d3-e2e8f16f95b2,28071496-2c84-4807-ad9a-b5f5ed0a3f40
36599640-f168-4b29-a0bc-9268c8ad0d8a,09617e6a-05b9-48ed-9dc2-59c4f66113b9
bc7c6a3d-15a9-4d1f-80d6-ef87f55df4a4,ff259e37-b005-4a9a-b0a2-6bcfb8786868
33329da2-3c1f-441c-888b-f5da9a9c279a,4712f056-1ae8-49c8-87b4-d0a530935cf4
c4817b77-0fc2-49b4-99ba-43fb5cd7e5cc,0f8e36ea-9469-4854-a19d-e68ebd4cc67d
23976984-39a5-4951-a953-0b73b81714b9,dc4418a4-84f7-494d-a32b-88da57493b66
ef627c8f-f693-46d6-84c4-8dc85f502788,af1c0fd5-e22f-44c4-ba9f-230c0fa0d238
a0fdb2b0-3282-4b16-8824-0ea0e4d097a1,22b396f4-de30-47ac-a49e-3f4fb4096a55
de85a3f4-f5df-4f70-adf6-9dc79c3c3e0d,bf895322-3e8a-48df-bae8-f927edae6da6
86c5e7be-2115-4c67-9524-4cd528f85e41,182126b0-b9d5-41a5-a5b2-fe1d12f497be
72b4a991-d1a5-432a-b5d6-bc46e0e278a6,171904f0-9735-47dc-b662-bdc34c357e9a
e3f3620c-ca65-4448-b5bf-6c8c94885fe0,a28c0b4c-d68f-4211-9458-e794f4788f9a
3b6f9860-e1c4-44f6-8fcd-334fa422fa7a,b3cd2cf0-4708-420f-9a21-5116085f5993
2eae293e-d244-4d29-bb5a-b017f205e6a9,fe75f6cc-8737-4259-8f3f-ab12e187fc9a
ac35c4f1-c2ce-46d0-8518-929dd5706d63,56479add-1151-4b86-ae1e-6940468ee384
77e8681f-f513-40c5-8fe4-57c59965ea4d,9afcf504-5eb9-49e5-8cfa-e9b97a7ff5c9
a324183d-7e70-443c-8e62-e8409fce12d6,eade7c0b-dadd-409a-8ff7-c7fa0e3e6315
b4fbc46a-c488-4973-90d7-2d5b5d3913e8,f6d5c034-f4f6-4833-8e1c-aa1ac59e99e4
5a7382e0-4979-49c6-b624-d2e4597729c0,a92f5e8e-53af-4ec8-af6a-63ac464b6563
7b7349a6-0ecc-4a08-96eb-52b0b902f777,fffc5390-bf0b-4e60-9eeb-a0f41f117876
dd8848a7-f3c8-47b0-b435-caec3ef1cc90,621d3d83-08ff-460a-aab4-0e29dd15b744
ac497b9b-7e86-4b64-ad7c-22958cb0234d,ec2ea8d3-570a-4cfa-8f00-0f8e2825bdc8
5e6b003b-6303-418a-8d3f-c4995da88ae4,ee90d034-bcb8-4f65-a27e-faaadca1b87c
f0a18ea2-849b-4da8-83bb-168cfc2cfd68,de50784f-583a-48e1-9b16-876c5aab24b4
ecdbccaf-7f07-41ca-9369-4bd2e23c46d8,483143c4-8d6b-4fde-b8c5-7cb0340dabe6
b97a5b77-61c6-4052-a9de-9c913d4f58bb,55b3d1e3-c0b2-4138-8c5a-1663476da9db
d39da249-1f78-441a-b2f4-f41d03e96d16,f46a2d72-1e94-4343-a22c-51c88106384c
0d3c964b-a899-4787-b1c6-605bc5e28592,5decc7e0-6e98-49a7-8f1a-1340bd084680
5466f95a-88e1-40f8-88f5-fb74f4c796e6,c20d4511-5d0c-4787-9531-bcfa455ac22e
6cb0e3c8-9dd9-41c9-96f2-c6c2239e7c9d,27f8e470-d613-4d56-9340-5da3a8ebb266
66b9730a-7a85-44a6-b0d5-317c38396b22,2175b341-7167-4e6a-aade-cdc5d64d73d1
052b05bf-0f45-4067-b099-59dd988add64,e9066237-0dc9-4960-9513-650af33f6819
a8fd4b2a-e1e6-47b9-8da0-9dbee22d3bf9,bcbc98ca-be06-47d9-bc16-300dcd649150
42bdb28b-5502-49a9-aab0-d52ce3378f4e,b5222aac-5ac7-437a-af3f-887a9144a940
5afb6850-2408-457a-844c-ba1d250d870c,9bb80237-3cfe-44bb-85f0-900bceadc900
44dae6f4-a381-4339-be62-d1d37b497acb,58f5f78f-bfd9-4a52-8062-be52cd2502c5
ca58b57e-dcd3-4387-8e4f-d3c9774a2b54,97856a96-0c75-465b-994b-f0ad411ebc87
ec3311f3-26f2-42e5-955e-045b505e7f4b,6bed2c06-16a8-4810-977a-7f24fb432fb4
8f29d7a3-ed54-4609-b0e4-df6944400c37,2300e5e3-cf1b-4987-8b8b-7c85839f0c97
06a1e14c-b973-43cf-a671-cf44896d1926,a00cfe63-0990-4ffb-a5c4-14e54559dc5c
26454681-6f50-4dc8-9ee2-b9be9d24e2d6,8ffe14e1-8b09-4cbf-8465-5e10e0297474
0efac542-dcb2-4123-9626-1a6cbc691fea,0fe721d1-197e-4376-9fcf-406f293efe9c
c7ecf545-7aaa-4c49-b07d-3229cf387530,c02f9e67-7c0d-49a0-922b-0abebb1e7a2f
44ce3498-c6a2-4717-9201-6efb9a7b43db,538ede55-fcdd-4dd4-a98d-769471e6afb7
9051f873-2c52-4ff4-8d71-6cd92099b7f9,cf5aa856-4740-42d7-970c-c56e453e1b90
e3e20456-cdb7-4e05-8b86-d8e379b1d09a,4e78056d-3298-4dcc-8159-b1439b73b641
cbcb2b5c-efcb-467f-a6f8-1cf3b0b1c2af,367cc40f-7f46-4fc6-bae5-212178791eb2
c966acae-5ed5-4f35-bace-bd48b8ba1908,136bfac7-7fef-499e-8de9-12abf769a622
1a99ed00-7038-44e1-8403-4f7e0f73e5b6,bc904d5e-56dc-4650-b13f-bda243729a55
4c275dfe-236f-48b3-8d95-3d5771124fca,0ae1cf48-1080-475c-9c89-767c6a177d9f
11e25408-efcd-41e9-ba47-2f9a1e360d5d,3e9f787e-3863-440e-9b8d-ef760e89171a
e7834fe2-b08d-413b-938c-68a1591fcb97,a14264c6-5996-4933-9d10-338fd0d7c80c
f28f0858-2740-4165-8661-03c09cac7b05,6ddc9109-f484-4db2-90dd-93183d6e01fe
5602e722-e3c2-44fa-81ab-4ae3a6805d13,6ba9fdb1-be7d-41ff-9e8a-5a8d2c44e00b
d423ca8f-fb39-44d9-b8a4-266cc3fdce17,a203d088-301b-4e32-94b3-646ff9f83ac6
f56fbc99-ce3d-4e83-96bc-3e96ee52d7d6,ef28baf3-d17f-4fcc-ae99-c2d44d0bea96
6cfa4851-5d51-4113-be09-e42a187920eb,1034a931-f13e-4578-946a-9f017772d9e6
81a4599d-7750-4ee3-8c6d-70d8c1f97cac,1b1d9e50-3954-4f3f-a2dd-cf5e50196498
2e017e26-4da1-4604-b767-8227865bc1e9,8c2c4f7a-c5c9-47af-8124-bd44782ab156
42f1e243-6d4d-4a12-afe1-f2aa9bfe9c67,257f0893-cf1d-401b-a5c1-80cf631974f1
9b0a04f2-8bc0-4ec7-8731-18455af26314,b55d6bc3-8700-4004-865b-7ff58f93665b
6eb7cf3c-4e05-4064-a3bc-53efd8b67a59,a2baeb61-e022-4d73-9ea5-3fcf2abf3577
3f4655a1-eef1-4d8b-8fdf-80ff9fde658a,942daf9c-5635-4297-bbf9-e833f327cc7c
167177eb-c5af-420d-97c3-7e162718b5c1,0df3ced2-c206-4ad4-a4dd-6a6b2de06882
cf52d960-de01-43dd-ae76-3d3dd0ea93e4,09d043c8-2a1c-461b-a6a5-d52051adddb9
f89252d6-36ed-431b-b75a-26385c64cc8b,04a72d2f-b54e-4f60-a35d-d1a9a2c22473
6fd23165-0be8-4620-b103-fbf838bc2b80,3cbc71c2-ece7-4e92-ba81-78e0ec836fe5
7a781335-866c-4bf2-95f2-c017f59f53c4,20bf8826-602a-4b8a-a772-e5a6f8213137
a0129b36-1e1d-480f-a8a5-a0c94bee09a3,78699c3d-affe-4c04-9374-f3adeab265ed
5c114ef2-ffcb-483e-8247-c00a07f9b0ce,662e9bb9-a33b-4c50-acad-2c53901ac289
48379d60-a229-42f0-a07d-81e2dc3f3571,353b8e22-d995-48c1-b5ed-6209e9731bba
66973b36-18d7-48be-ae76-cf7214fe8b05,92e1bd1f-b4c3-4ae8-9830-e671b4544ac5
b7b89f28-e643-42f8-bb2d-71b54db42b6e,2e7d1bed-7936-40ef-876c-10953fe03dbe
1c93aed1-a01d-423e-9239-5ad28ae84205,2493cd43-c068-4f1e-b689-bc2cee656119
0c663385-fda1-472e-b30e-cfc732ca9a4a,86f0bbc6-5443-4e05-84b2-085f654a26ee
b1306a23-0a42-4d25-8b1b-37f935bdc4fa,12012339-c3da-4e43-802f-2e63e9d618e3
d8633f22-d885-4e0c-b0ff-81995e300245,c8c1a0d0-16f9-45e7-a07a-518cc4446f13
7865392b-0918-40ff-bd08-1e76bfb588c2,996caa5d-f3c8-42d0-b407-564defafb614
02c03ade-19d4-4dff-a51b-e882afd793f3,73d21de7-7c0f-4bc8-b4e9-2764a2524167
e9aebe26-f0cf-4005-b108-e8edaf6d46b6,9afc9a8f-9d65-4ad4-8fc9-ede7b35f6563
2bb9d95a-2ad8-414b-83e0-ea9d0cb82894,f55bcf91-27a5-4316-9623-8e8f6642bd64
a03e48da-ef97-44d9-918c-4de47159eec8,b9649b1b-aabd-411c-98d6-8e16193c8e5b
000667a6-e139-4c9e-ad24-27efb95fa1c8,dcdb13f1-625a-4f74-9751-5c69c99dccc1
e451eab1-913d-4cf5-8c9f-af3d119b5706,5b7db291-f8f9-44b3-890d-d9cab2e911b1
9b0f925e-9eb9-4820-9e90-55a2d48a6c85,c6d4260f-f2b6-47bc-9ff0-df4662abf270
69e1c488-4c2e-4362-9507-3226754f2d06,df397aff-f2fa-40f8-a574-2eee25be3931
06e77ba7-e77b-4b13-8190-e7bd96fea8bb,4992f27f-2fc4-43b1-ac56-ace7e6ac8cf6
faa9b5c7-cc91-42b5-b39c-517703bc46b5,fc226b07-c59a-408d-ae82-bde724d6d3ca
29205afb-836e-45fb-8205-536306aa5258,5b4e776a-03d5-4079-bd6c-50cc647bf6b6
39543b69-d623-4193-b8f5-e1a07c956839,c8d401cd-fa28-48a5-a73b-ba70ad08c927
08791082-bdd5-4a8c-83bf-ba9627d25332,28f21a97-b847-4032-8edd-5fcaa41d1bca
6d8335a6-b353-4a43-bf2c-9fa98e0cf11e,38851744-2b8d-4d71-b0f6-b9243c9c6922
0f4547fb-d1d8-4887-b13a-e6895b95d329,370cc559-2cfe-49c3-9ce4-923cd31971e7
299b7ce1-348a-44e2-841a-7fa04cfbc320,c9cb9e6e-200a-4988-bde4-f1fe8da82cb0
33976739-4ffc-46ed-88af-725ae62b1528,fc41fcf5-b38e-45d4-b8c9-33f5fa529a1f
f2eff7f4-bad6-41be-9389-85ecac4d3255,8c6d297b-954e-4991-a90c-db7b8cea5d5e
02b883a9-f4e4-46b8-8515-2448150d7b1b,acfc5f50-3c57-4129-8859-678056b675bb
901bdd39-5231-4dc4-8dbd-cf3b9a3e7853,97892aaa-0e35-4352-8a91-1e2bc6c7d22f
b4f21985-c58b-4fec-900d-89619f090a29,e0365b27-1653-477f-9519-c27da5aed303
a5e6da26-932e-45b4-a004-21d2f5d5ad2f,9c7f0a4c-dac1-49ea-96dd-0abf0b92d424
189d8336-e939-4444-980a-ad55dd2bb9aa,5e26ae17-d2c5-4416-b46e-c0b86c468c88
47b4b965-088b-422b-830b-33ef25ebc4f6,28f0c679-1c1f-4a9a-af95-6fea8748646f
60051020-8026-4aa6-b615-4ab17df1e191,b89bbdf6-253a-4567-acfb-eb9b974fbbd7
6ef142b4-9d38-4407-afe5-5f80d33ea552,38bf51fc-d0dc-487b-98f3-0de3d1b10a89
538f674b-10e4-449d-8bf2-6ebed0a6e5d9,388b7bd4-d7a8-41e3-860c-6c30e453053b
62ebdb64-6600-44c7-96ff-6c524adb765d,cf0ff4ff-4f32-4915-8b34-b021afc824a0
2fad53ef-e537-49e1-b1e1-0f34e6518897,989c45f5-14e9-48f8-88d2-191868299e88
ac0aa520-49c8-44bd-b295-a6ddcc5e90fb,fc55edeb-5223-45e9-91ee-6f252a5c930d
e1eb1ceb-a56f-447e-b6e7-1e24db378888,777bbc8e-ca03-402d-b297-8da4aceb4fdc
06a1e14c-b973-43cf-a671-cf44896d1926,0f659afe-1de7-4c34-a02a-ece3d35e9b7a
5678c529-7f00-424f-a791-9792e3007c4c,a894a19e-4994-4d00-a4e2-d06dea45d3f5
607d6cdf-46f6-4d67-b0dc-3516ff8a5a04,a74c51e1-44ff-4983-9a16-27cd788c8df7
e87b4300-5464-4677-a13f-701222b0b236,95c991f4-f93e-48c5-8af1-dda665eccd20
63bf8202-4345-471e-a8f7-143f5b66e9ca,bb547568-f769-4c66-aef2-218b1fda943e
aad8b62e-902d-41c4-a333-42c5e59cabc7,e0d9aeb4-09cd-4231-b1e6-213b881b0970
e94e6a79-c3ab-48d0-a457-fd2be8ba64d0,20339a74-1a41-40bd-97e0-ac611dcb6908
3bb0babe-2a20-45e6-a131-d7314dc2d840,21057256-0961-461e-86d8-086078c48d3e
9c599947-7101-495a-afb0-aebef4ebc6f7,e3af01e4-9c2c-4aa5-b1f7-e872677ce12e
5b773e86-4661-47d0-aee7-2096813b9742,9e28934d-fb57-4dae-bb42-4beb6c92a249
2f8285f2-72bd-4b64-ab8e-c5adfbd943a2,584182c2-99de-483d-8b29-ae569658ccdd
53243ba5-5867-4975-a1c2-0df78555c451,31ca9a29-5cc3-438e-a306-6d8513bbb27e
b426c0df-1f22-4612-84f4-55752d99d19c,8e003c59-3598-4c90-ac97-88f6387c8a17
d598178f-c134-4fca-b950-005fa0fda9f4,361bc676-8066-4edf-8e1e-96069aed0f6a
64b0788a-9d14-4ce2-8917-531270d4b5ba,3fc42a9c-1dc6-4573-8508-ef1734ad640e
7a723ab6-633d-4634-874a-e4c82326e882,9f51e213-b5b6-44ae-8ceb-96be0f9761c0
da939524-a625-4233-842a-fae6cad7b01b,f4be7811-8cbd-452f-b096-4956d4a5c10c
4eaeb1d5-f835-46c2-8b1f-34e0da815869,4ddd9638-d95e-4a74-ad84-b6d798fc0b63
c7eafad8-8e84-4f99-a345-fdc75f86490e,dec3cc67-f491-4221-8407-c9433b0b6524
cbdd488d-724d-4d52-8566-b9a9b6ec46a8,ef4578ab-9796-4be1-8b27-890e441477a9
f71c012c-0cc5-4e6e-b388-ab8e518925ee,09617e6a-05b9-48ed-9dc2-59c4f66113b9
ee630d35-edd0-446c-9015-596f0474ad05,52a78307-9f6a-4862-ada6-aea34c440581
bf9e6a53-d44c-45eb-8ad6-1d106c9ad48e,9e81c207-16d5-4025-b71c-68daa03c3ab9
c45b917a-ba7d-422c-b772-ff248100300b,25b43ea4-495f-430b-ad6b-7b1ef1da1d3c
cb3b0a95-46c1-43f1-9db8-d24c6d7f6fa6,a83d363e-ddfb-423c-851e-c7dbf81b0287
045d1c5c-7a9f-40be-a35a-5999d6fdbc53,825dcf13-527f-4fa5-b2d7-08359fb251aa
a4a894f5-d17d-44ec-afee-eae2a5e7c2a4,c37f818c-ea64-445f-939e-449d78915405
1af23ca6-8529-4e2c-bc6e-675e2512a58a,2aceb214-03d4-4722-b0d3-97f213f12836
2da0ce84-30e9-4f9d-80f1-b2a167279f97,c2a0013e-5183-433d-8dff-64dac7cfb620
d5d15e01-0190-4d4a-8fc8-7ffd415b63d6,40d8f99b-f1c9-4545-987c-89163725f689
b3205bc1-588a-4d12-9f1a-2dd5b5aa4ebf,07e38297-eb63-49ca-8715-2bd6f7912d41
3376f2f5-d24b-4a64-af89-75ab84c4bf46,a812096a-b17f-4080-8fe0-ced254f5f00a
63663994-1c49-4fe8-ba58-064812b89c51,b7602ef8-c6f3-4fe9-8ac9-543d1ea8567a
a5103599-c591-4181-8ee5-df297b2fc7f7,4efcd592-4f6d-42db-949b-de5237d06084
8ede928b-a3a7-4056-8881-796577c5773a,fcdfe795-4d9f-430a-82ae-3805eca111a7
e7f39a55-ff23-4a11-8f0a-82906db47fc9,4f2fc769-6aa2-4b4b-95ce-1fcb9345ce18
43290da1-71cc-48c8-8860-0bb97acfa8f2,d807e17a-b5c7-4023-a4f8-0aadc9738bc4
2d339522-7e23-4edf-aa52-c434f62a9f11,ad0755f6-84fa-4d70-b780-eceb916154a1
0fde6fef-f9fe-4a4d-a8a1-4aebc85eb088,8ea04784-e468-4e12-a62f-88a3bd5b9b41
4fb11be5-1a53-4354-a652-02ae3d188071,3579a530-22b1-405d-a5c0-d7823a94d0cd
486baad6-fdb1-4656-90f4-ab68d9a4c81c,62ea630a-245e-493d-9efb-817700ad5639
d3a34921-69ea-4e9f-8548-3fcde8b3898e,fa52e450-04ce-460f-9df0-b983478d65d9
c859f3b9-9768-46b5-9587-83def2fa91a3,3b637f84-4978-4743-9ea9-52e01a2b0709
d5d53cb3-35db-4c12-83be-e4ec68e114b8,5812f11e-abab-4dd6-94ea-640b29ea897f
39e0ff33-3370-4b2b-b066-85aa8e194237,840f9f8a-3408-4886-9113-b6b6d142180b
2bcce056-8fdf-4503-a3ac-17a04a5371cc,edc211ca-bab1-481c-8499-e4670e56554d
d0d11146-b310-4311-adb5-92fb4555f8f4,5a288313-7091-43b2-b08a-0da511bbb23c
9cf35731-5640-4e67-814e-ed80c70f563a,9a6dc6e2-4100-42f9-80d0-e9d1085c046b
561cf6f1-4c0e-4614-9698-c5d43b9b1701,d14f0f25-a7aa-401d-81ee-ccf01721a073
783e6d37-9fe6-4693-b15f-ab2361f50986,32c4956c-7a59-4957-92c0-20df273f5252
a027cb05-7656-4416-8991-ed588eb5bcd8,729ee26b-eb16-49f6-b2fd-bbb39786a626
d7c11ddc-c3e0-4ba1-957c-f4b2a6d0b486,712f7b1f-37d9-4d45-b38b-378275beb261
e66a1fa3-e805-4abe-be11-6c3f44b1e3e0,84fa2d27-6d1a-4849-8aab-5f7559187183
95d29773-6a8b-4ba8-84aa-777fdf7cb5a6,74712ae4-dd39-4bbf-83c4-ec0e4511eee9
27edc05e-4fa2-49c5-98ea-29fdbf7323e6,69094b2d-b51e-4eba-aff4-6c77c89b5f9d
a6278f25-6d84-4661-a3f2-b7eee750fbe4,4d47e43a-83c5-421f-967d-c54c7e1dcd1d
2fd241ca-fe6c-4d49-a56f-783a598c0edc,fdd57563-9362-4df7-a478-0f68c533e5b0
59967023-0405-4508-97ac-76b98486338a,72e5eea9-6ebc-4e39-8be0-b4c0fb8e5d2c
e85d21d5-4751-4c2c-9ca4-08651b02cbc8,af828b05-a612-4ff9-a332-15d35622d400
8ac035e0-ab35-4a44-a2b9-0627350d5417,7d7f7eba-5f56-4209-bc6e-8a8348d408fa
601cc5cd-9b4a-4e09-8835-9a72883f2270,6adeffaa-a914-4792-b13e-5cc8356166f0
e28e5fe2-8bad-47e7-af85-c153fd1f43ef,ea51da04-ba7e-4e9c-8a09-22293157c091
e300bdd0-f750-4945-888a-a6797896a17e,2a9eeeba-2e08-45c1-997c-a2738671d819
0e7a86e1-fad4-4ed9-be56-b8894cddddcc,d21375f5-33b0-4fcc-b47b-617674fbecb2
bb54d3dd-70a7-4d9c-a2bc-bf6d3056acf8,142d39a1-45c2-46d9-aea4-b1e88bdfd67d
42f055f0-8e3d-4d09-b9f3-87a1a4dc3200,49742f21-2123-4f78-8044-8ac1e4fcb6d9
1462cbd3-47f8-458c-895d-12ef3d722d7a,49d09643-c05c-4fbd-9519-a7cb96fed15c
76b11f12-8890-42a7-9926-9b8d94f3a137,dcbc3c2e-44d5-42f6-a949-1087f881e258
036f6080-c849-4d43-b1cd-ed349be17ecb,8e9de6d8-459a-40d9-9e71-86ac7ba02d98
2c0eb9ea-2538-43b0-9332-7755b2bf6df9,749bba12-91f9-43ff-a063-b79af53d75c8
a9e7e160-461a-4fe4-b40d-0d8c5733f697,42ebe263-7287-40ff-87a0-8c1ac9a01d8c
e92c5513-364b-4faa-8616-b70c1e03d507,85ae9fc1-017f-486d-a0ab-cceadfa869e2
777ae825-7c2e-4830-b7f6-e69e988afbb0,0f2bb8cf-6a0c-4adc-9232-0ad263191e6e
9e8052a9-7e40-4a51-865d-127b1fc6a15f,6230aa1d-d178-413b-842b-9a7e9c22fa58
afb5a273-4745-4d7a-83a0-9dbd1604e632,d0d69e2c-cf30-4662-947b-ce554a4f4a8b
0f5c1de7-952c-43d6-acfa-cbf643a4916d,7247153a-06c5-4962-a65e-296397516830
508c74a8-6cb0-44d8-84da-39df8325ed3b,43b3fc26-6d2e-4322-81bf-17bb71120024
0059255a-522c-4a89-b8a7-360774c0c093,d1eb4394-8e19-417c-8487-84826cd48751
95da5670-06d8-48f5-9110-3bcc34beeec9,c844dbc2-1e1b-4937-bca6-f165547eebf3
ca66d166-1cee-4a33-a194-ffc0e2af8828,8b0d8b09-076d-4184-bec7-d6a68698c84e
5e2ba41e-7c0f-453b-b6a2-d7c0bbc8be77,8b8b2b75-121f-419e-8d0c-5398517a8be4
ffde0ab2-e1fe-40ff-9012-eed9de373873,483143c4-8d6b-4fde-b8c5-7cb0340dabe6
dd97d4d2-9395-4aa8-b12c-d1a9e35c85b3,722778ab-33a4-466e-be2d-bd33bbbdb9be
bd2b342f-52a4-4cea-bf42-f55a65669d10,277e8120-d510-456d-bbbd-608b28327ecd
78e4d7a0-7314-40b9-a357-e79bbe12c0dd,26bdbf77-2884-4186-ab1c-4d603e68782e
3640196a-e91e-4c6e-b4a5-6f2e449fb88b,e45e5929-f5bd-4d90-adc4-d0178582677f
4d2ec51f-0127-4d3e-9188-6b0cf42d2e4f,ca653b52-d2df-40cc-8957-d704c17aca3c
7f4998e6-2b11-4c2b-9655-196704e1f5b1,67f8ac3b-321e-438d-afe4-92c27fc86983
113b27a8-bf44-4add-b47d-8e3621157574,38dd0153-e51e-4591-83ad-4ccc07837fdb
aeef389e-cdd7-48bb-86db-112741ac6ef4,1f13a828-7619-4b17-8975-83121e1b5de9
c2fa6a76-1a17-4c19-8313-6218d87a78d0,bdd84135-966b-4d85-aefb-8e89620787dd
c6a48b52-50ad-4254-8d0a-1f861def85f1,2870b8fe-d248-4f3d-a446-5d2f3838ae11
8c09a69b-03c7-455c-98ad-57741a92a471,65802fd6-188f-4860-a0ba-edbe7f985c42
fd78c986-4077-4695-b254-952b6686f137,b53648d8-3090-4ac8-9720-975bcd1a0f8d
ae5bff22-491e-4c62-a98e-fba61984e776,9d93a4d9-6e1b-44a9-a6d2-d8c75c3b49a1
9e7d1f19-2f76-452c-810c-192a2c78e79f,92d3ff1d-6845-45ae-b457-c9af5f04231c
3dbfb679-d550-4f60-9bdb-4c721861e6da,d0ece677-bc77-4652-9412-67aafba3b824
c5cc9d54-66bc-4aa4-83f3-e6570c47d851,a77540e7-56a6-49e4-b7cb-302c4ac8b6e5
738836ed-7a37-4b4b-a12d-02d0dde5ede5,ca587b5b-4659-42f5-822f-7714aa6692c0
bd139d1f-c579-408e-acc7-b51dca29caa3,5cb34a34-088b-4cc2-8804-adc24b50a2f5
6ed62f52-2448-4222-b44b-3cccf6113dd1,93c2e347-5616-420b-8ea6-cf3a26d4d342
ebf9c626-7784-4d66-80e0-b72876dd0534,b022598e-3454-4df8-b87d-475228516398
bcec2bc7-5ade-47c7-8d98-e00697741b80,d9cb8c5b-0dcf-4aa9-8667-8dff7130bfc9
e71a6a7d-3432-43e3-addb-396607c4a7eb,b82ccdec-7714-4a87-b903-e280ed4b491d
36033726-a781-4d45-bf44-e08b1504272d,57de7291-0046-4f7e-9026-20eceb63af53
0e7a86e1-fad4-4ed9-be56-b8894cddddcc,4255d868-a595-42af-bd59-c2f1a27ce452
03c5b783-46f8-4b87-8b07-d930878b7846,480450da-277d-475b-a581-39b7258901de
31ff6f2b-aad7-43e5-9395-efabfc676f2e,3347d320-a14e-48ce-9dec-13c0d4fcb2d5
89a8eba7-038f-4dcc-afec-d94df79b7f39,5f32780f-2e78-45ad-bc4a-45cb9f2eb474
2cb1b9f9-91ff-4705-8b33-59b6b7de53a4,1fef9755-006b-4066-b307-2d3a847a1877
6dbe86da-b4d4-4f82-a9a2-78fd6031caf4,cca8f415-e30e-4463-beea-3a0051743877
5a74a06a-eb91-419b-b8f1-81260443c583,6571779e-bbee-4589-bcf3-5ac725d31fe1
2c0b7e36-9951-44c1-9bc8-96bbb8bf16c6,a267585f-6de1-479f-94cf-07e8542786ea
ec91b6e8-7b31-42b7-9b21-abff544a034f,0e90ff94-8328-45e4-b0bb-2c17579c510c
a63e95a7-41a8-4121-a1af-99ef3755afaa,1f60724b-b9f4-40f0-b7ea-5bd676b3234f
9a7d3ff2-0f68-4f06-bdc3-1980447f48e9,f7a820e7-23a8-4df6-91bf-2a564fd74fb5
0efac542-dcb2-4123-9626-1a6cbc691fea,bc8180c3-2264-478f-afa1-9f78d9c83331
d96b933f-ae72-4ed6-944d-b30f931c0f6f,9774e536-98c4-483f-8478-7ed3cb6b4be5
b426c0df-1f22-4612-84f4-55752d99d19c,58f07f2d-44e8-4635-94e8-659b6fe72853
92393ffc-c895-40a7-85d6-7a1feb99b1ba,c18eb291-7142-4308-a4de-2fd9fcdbf97d
7310243d-3012-4e3e-99ea-278cf89a63b6,73ca2f7a-91bc-4dfc-a45f-3d7e7ec4dc3b
517bffce-687c-4270-a195-81e3bce88158,3e96a6ff-d05a-4092-926e-61e854be17ab
f1635872-3afa-44cd-85db-e63eca35950e,54ba2840-c68b-4015-89e2-fd878fdbb4cb
d5d15e01-0190-4d4a-8fc8-7ffd415b63d6,d08e7f8b-8775-46e7-8a32-bb2a5ede67df
10460529-cb1f-45c3-ae40-10f808d8dd44,7994f244-d57f-4eca-8fb0-c756f6302ff4
e0331a90-6d65-423f-b9be-828b9d03a7f8,abbdc1fc-75aa-4711-86b4-2b8e087eb893
055d3996-253e-479a-ae9d-d122730d6370,85e21c59-8162-4993-87b9-af819e3cee56
f714e10a-1c8b-4b21-aba4-21783979f515,8fe91937-9b89-46f8-8a10-bdf4470b7faf
37a1c85c-adc2-4ecc-ae39-cdd8534e5e53,746ea357-b40c-4cd5-a02c-2c447e4b1da1
9e394e94-9957-4425-9fd9-c6b49cc27667,3e0d8aff-6fea-48dc-8117-854ea678575b
2623889e-9170-40d1-86d9-a78b94c9fd83,10d293ad-2f56-4c28-a1e1-e64cdd02b9ca
c1afbfdf-4970-44dd-a3d2-5407daea6fc3,1d0bdf45-6d5f-469e-ae6b-68cdc1e705c2
1de91723-e132-43aa-8519-d22227e1ab9b,e2704e48-3bc0-47cd-a309-dae34c7996ff
d797eb15-4434-4fa4-80cc-6ed277f6781b,8d8b634b-9d74-4cf1-b25f-3485efea6987
3fe2752a-7c60-4692-9671-bfbc556a1fba,1ccff92d-87fe-4179-a1e8-363963392814
576c98b9-ec68-4916-b3b0-53dd4cc82f79,355630d1-5da5-4330-ba7e-5007d7f3010e
84fdbd5e-9982-407b-ac72-f94cb99ab3ac,d49d40a1-a54f-4700-99f9-f03ab8ef5761
02a8a776-03ae-4d29-b987-216eae2fda7c,8e703bf3-6a56-46e8-a597-9ec892f748d6
559a00c6-9c23-4861-bcf2-df35b77414e9,e12b505b-0e70-4cbc-bc9e-bdf6df6e24f8
7fde3ed4-0d8e-4cb2-a3f4-4b2176363a6a,c5f941d1-0ddf-4fd0-a179-c753ad8afdfa
dd61bde8-a4a2-4556-88c8-f1480cb31e17,09180f42-87ba-4fa7-aa9e-56f368685675
765b02d4-9eae-44f7-b5b0-7371f904d57b,4f9b9b4f-fa33-4908-ad0e-2b08cfc34e8c
3e631e13-2ac0-4185-a872-c7d8d2cc0e1d,0fb5978d-6054-4b2a-b123-f9b938235b87
4fe1c877-37c2-4477-aa53-ebe39e866135,50c27d1f-8bf8-49c3-9bc8-1a0fd9df02af
cd71c807-a44a-4151-9718-8e00c47ed459,2ca88979-5eed-4639-adab-47c653b15e3a
e278753b-f731-42cd-97bb-3d41995a21bb,0a362fad-5592-4025-8570-7cb458ab7657
f08669be-f89d-45fe-9c3e-894fc9176320,6521eab7-9b93-4ad7-adbc-808af45a932a
ef36e08f-bebc-4fb3-a626-a3ee06269c89,fcb6f9bc-c317-47ca-9f87-97e69994dbc7
21366df7-2f66-440c-9557-eae87c2b6db2,8fce721f-dbfa-4ed6-85e5-e4fa97d21b6e
97357bd0-907d-411c-9594-d9e85a153fc2,a8802cab-ba19-4b1b-aef5-eff500f13834
d2b8e854-ee75-4d57-8666-3ac52cc41f22,e6108544-0afc-46c8-bfbd-b88ea70c7275
2f826710-1f8e-4532-9ba6-318b243804d8,8b34507b-f14f-4323-9405-568f7acb35cd
5b64931b-be3b-416a-b340-4c3de5535780,8ccc7823-3f15-4581-946d-19465de7278e
1f94e11f-0be4-488c-9a74-12c2418ce502,91ff20f2-964f-44a0-a58d-7dba0970681e
ef88b952-f02f-4d8c-9015-e0fa7f561df5,5603aa5a-6e28-4316-81a2-cf59d0b941cc
2c49e661-66e1-45c5-b2bf-000aad34913d,a3e5abdd-f8ea-4d5d-b6ae-c6101f18e65c
2fc038bf-7a89-49a7-b86a-43ffe141cd66,7a9bce99-fd95-4ffc-ab50-1205eb55b18c
9c4242d6-3581-4670-a408-4d5d7d42d848,c9ba845d-bffd-48d4-a0ba-203a1bbfd5af
6ec6e61b-cce1-47fe-81ce-5e5fdcf58f3d,79f0ab88-9bcf-4136-abea-97d368efd7bd
fa8566be-7f97-4356-b577-29d2b1c67ca3,02a11042-5559-4977-8bb4-96ef884f4594
0e8be1fe-fb10-4ea7-9392-ccfc52ddc5c9,ab0e564d-1c3a-453e-b3ff-3bfffb3b019b
06308afe-bf0c-4a09-8d71-a1c127c01f72,3a889abe-cccb-4fcb-ae48-9f37fdcfc154
2ca1ecaf-af8c-4580-89d6-962c18b8d3c6,c8937ef7-6a62-410d-90b6-0d52494c6e36
6fb01b54-526d-4f66-aec1-2fdad7a41d61,885fcfb0-cc4f-41f8-af99-6586a1925ef5
86c5e7be-2115-4c67-9524-4cd528f85e41,8aa2721c-d61e-4dfd-8f1b-1779c94f4dcc
cc26d551-f5f8-4567-972d-a19efcd65785,68fa23b1-0ffa-488a-9c75-a8e8a4ee17e5
492716bf-fb42-4c57-919d-286bdd09f3f2,11e17833-e016-4876-b7ef-e5d14c71746f
a526dba7-9bd2-4d3b-80d9-cf683c9e9fca,fe0eb15c-b28b-404f-8db9-c29a50fcab2f
bd5d7814-dfb6-4b63-a5e2-ff6ab9a25d15,973bf90a-397e-4415-9159-65a9548469c1
8f102bf6-0750-42f8-977c-2b557b78ea41,217e6777-559b-48ef-97e3-4ff7efd7c34e
94b5f06e-5449-4c90-9ced-9d75c2b6e354,ebb9822d-70f0-4600-b294-bd4187140d0e
34b64fc9-03c0-4919-b1f4-87bbeaf7c740,0eb12804-fdb2-4788-8790-44edddf73f90
06844d80-3773-4941-9756-73ab66ecd4c5,7ad61d6f-9149-47f3-8b03-84919198037c
7a16c66d-e3d0-431e-a0bc-5187cbbe0fb6,b2192a3d-ebb3-465c-8087-73079cd6ec4c
5762f375-25be-4153-b093-15144e2f9acb,a2e4f31f-f762-421b-b580-835ccec49daf
9aa7fd09-948f-455f-ac04-b1745ddf8421,c3f4fba1-d9da-47ec-84eb-cbecd6322510
26cb9f7f-b2de-47c5-a8a4-5a71dd21280f,287599b1-215a-41ca-b0fc-c915ae029911
1b895629-4546-44c2-a6f8-60322d0de219,eac156af-f434-44f0-90c0-4da0c58f5ffb
192d7311-1ae6-48bf-8b1e-6c75a178f851,e7e38ad5-6364-426e-ae88-0d24866a1c21
1aeb2393-d856-4ad6-b6a6-c923a1677b93,add209dc-7285-48b0-9318-92aaf8b01ffd
970785b0-58cf-4c44-8101-ac79249cee44,602b496b-e357-4741-b94e-0ccbc8906908
c68be3cb-a1ea-4daa-947c-3dda9989a7a0,2bf14d09-3704-4f63-a778-073a1c49ac52
2452db66-dadf-4537-b255-a5d6b93b7170,d4c0f566-3395-491a-88f3-3e132eb6f480
485a7f89-a134-4ac6-bdf7-0b042845f761,889c0997-6ea5-4a2a-a09f-5af1e4da48a2
7afe0281-76a6-4eec-837f-3fd921cecf8a,5453f613-a80c-400b-a1e0-4bea56c36d58
8f7e71cc-1609-4679-933e-553e4ab2dd34,ca2c8109-c272-45bf-a75f-52b994ec7a90
6e92d430-5533-4158-bcc8-3416e803b53c,b50f480d-f281-4b0a-89dc-3a2ef50020db
2271a3e1-1cca-4f82-b029-4843e0fec3fe,fe221a06-7acc-4afe-ab06-fa697b9168e4
5013552e-13de-405d-94f9-b765a853d11b,b147a56b-d85c-4a88-889a-253c616e477d
d5969d5a-b2ef-4f85-8995-0f9e66da837c,217f3b44-94ed-4445-a108-13385c2ae705
45817e67-7c44-45cd-ba22-532b1db4f7eb,393c2c7c-d24f-44da-afd1-830c70c7dcd2
9686c45d-e6cb-4787-b372-3e9ddd370e96,f3f16831-ab3f-4a11-8cbd-3e26a3f4cfe2
7270ea8e-59d3-4c4b-be55-9c93a8b08f68,e60c0441-2535-4a2a-94e8-bbf2414c780d
e764bcd4-be32-4c18-9880-49c4a88b73c4,431ffb95-fa3e-4104-bf49-296b7e9c267f
9351978b-c785-4274-a03e-a54004875d88,db2fb56e-69f0-4b48-9fbb-5a669fa39c28
98a370ee-1b4d-428c-bae8-bc3eda8ea8a4,610574f5-7e84-4819-8a01-e7101e597ea1
71b5f9fd-5b9a-437e-89a3-06679fee04fe,fc314fce-c78f-48b3-b7fc-0a94a5b8679e
017b09e2-4e76-4804-a8c6-ccac43e2da5a,e8c45da4-0d1f-4b13-8297-9effb3e283fe
77ec2d32-45a1-4d60-9646-dd76f715d0ed,eff2922b-0044-4edd-9d74-2878e74cde5b
dc8496d6-f78d-4b9c-a682-0ef8cce9e6a9,d73cc637-900b-46b8-b78d-e3bc23cc2e0c
97df2d2c-f4ad-42f4-87a3-3a7e73b78c0c,8655cfd3-aa0a-489f-acd3-883cc49b6246
42630fd7-28d4-4c43-a298-d0a8bbcdac4a,216b75ae-a05e-4e5d-a8c5-2a00e62822db
1fc6eb02-c198-45bd-981c-f940200cbb22,b5d045b8-3c8a-4ed4-bff9-72651b72282c
ab80fd88-c22a-4b71-a25e-209a029706d9,794f1560-4047-4e5d-b716-3bcb0ba83211
6bff0b03-c334-465b-bb04-15d0937e13e6,93571ef4-c653-438d-a0fc-bddd72800557
55c644d8-00bd-4e32-a484-925bbbd08240,82720c4c-2161-413f-8ca5-0b5c1abf250e
b3b4f9c2-404b-450d-a1ff-2d9e38d8ec41,d08e7f8b-8775-46e7-8a32-bb2a5ede67df
5816a1cf-13dc-46c5-a58f-d27d13fcfac7,11c0ab44-8b48-4172-a832-73dcdf6e8739
b2a12173-0fef-4823-9ad8-9f2fd3d4d873,8b30716e-db05-4f04-84ad-2fdcfb77ab8a
090d2d9c-1a3e-471c-94b0-57b73bdc5d22,836dfdac-69d1-4858-a63d-b50cdc3ae524
01bcb500-1013-4a29-ab9e-871ae1e35685,414accd2-91f7-4cce-83a5-7545ae1dd938
7ade4dbb-a124-4b39-be34-0114aff95bb8,dd86881e-b140-43df-8120-b83dae85f641
db96d61a-f934-4ba4-8e93-eb1d762cf7c2,95873135-dcd6-485b-a082-a0bcc618bdae
c264929f-eef3-4e70-a6e1-6d4938e00097,dbf152e9-9caa-446c-89b7-bad943809bf1
4dec2815-80c2-4393-a177-a9d06ad7eec7,95873135-dcd6-485b-a082-a0bcc618bdae
d30917af-c2ea-4a9d-9edc-94fff587f6e6,d9d7b0d0-ec85-4bba-9359-4d7c562b4ec9
235dbdb9-9ffa-4ae6-a4cf-80fe23df37f2,8f71699a-9abe-4ffe-85c4-beba5a2bfbdf
f77cc9a8-dd6c-4f73-be15-7d157c63a535,5b843e76-99ef-4cdb-98d8-849d3b8ac14b
2df44c29-bc89-453a-96ac-4b7399d29942,d118c056-e436-4f6d-bb55-0dce93f73322
89eb35b3-0059-4b38-b1f3-ffb26e629e4a,87a5832a-6044-47e1-ae8b-c57b117dfea2
f288a398-ae49-48c4-b1e1-539dcf72980a,52e7e772-18ce-4f4b-bfb4-d73987a13ea9
95fb7692-4f33-44aa-8d3f-a738118d1cc2,9943a00b-c1be-46a8-b0f8-d353a066db7d
6b2b4f6c-36d5-4e2e-a965-819dd17bf160,4335d256-496c-4bb2-be46-d95894bc5f00
6ca179ea-0ffc-4220-8490-776505696086,e7c826f2-17dc-4e09-b723-60c6e001157f
77a4e6ee-0b43-472e-9800-e0eea725954e,ae0fb02e-3a01-4b74-9078-321b783e0c8a
9b46d25c-0552-4e7c-afda-185d7518446b,4fd2cb01-20af-4804-8790-fda7c929d632
ddfae372-b4dd-4a7e-b0c0-0f93a7d8a524,5037ffc2-fe99-4dd1-8eb2-dc4ef3313bc2
ad956156-f6d3-45dc-a92d-bbc1b31d3a9d,31ace4b1-cfd9-4d41-bf96-7295b8662d49
4ff54b4f-c56b-4dbb-a2fd-7ec486422446,20bf8826-602a-4b8a-a772-e5a6f8213137
f879133f-2880-4fd9-a2d4-40243cadefaf,8aeea6b8-4fc6-4ddd-a4c4-82fe42f31c12
4f7d420a-f126-451b-adf0-f7b9e15b18d2,326afe8d-9dcb-473e-bf0d-96f8ce7a2ca1
0925589f-3d59-498f-9053-9831f0d7ce26,ce1f9ed8-f30c-4b10-a729-dd7ba2eb6eaa
7bdadf6d-20e3-434a-afaa-5165afde5979,46cc3977-c87e-4e16-b8c5-15f642f4e471
d3d3cfeb-97f5-42cd-9eea-e3ae6095e6c6,b394366c-b8b2-4677-8d44-e3a2164369dd
3511ec6c-3d66-4199-8fc4-1f1000b7cab2,7990b915-553c-4055-801e-21f894d06c68
3f19f6ce-74a7-4314-a5bb-e9e8d03ebb37,bcbc2c7d-5166-44da-a456-49a291677a84
97ed2b2b-4c81-4350-8c29-a95e2e6b64b3,1e4c5ed2-8a4c-4c0b-8655-dc3e150a9215
9fe3a280-c62e-4223-bdb3-17f440c8e159,9d474276-d85f-42a6-99e5-90dadbc9db52
12049935-68fa-47da-94b8-19f23d22d180,838ec64c-c09b-454d-b557-18b140c216cc
26377912-3942-4718-907c-0860a558703c,7dbc648e-4922-450b-92c8-f234910429a7
3c77cdfa-27c6-4e9d-926f-3e6e4eb1fb4e,fca78c74-a81f-4317-83bc-aa55f856400d
3556a3ab-8739-4511-af81-e585f02b795f,78f125d7-6ca4-4ac1-9f9e-4baa361539e4
3c01f843-32e1-4f15-8e7a-0019d1af044e,9a212a8a-02e9-4e6f-89fa-afd8372e1a4d
a60620a8-d93b-4308-9249-5958566f4dc9,7aca8e6b-98a4-428e-9aa0-44c5dc361ab6
956514ee-58b4-46ab-b78f-6d4a03b6196b,77dd9478-bf37-4a6f-9a8c-bc98d4d04ef9
72fc4851-11e0-4d40-8aa3-e7fc453511d8,14976002-fc69-4fe4-ae8b-aab2e68582e4
ab9b80d4-db34-4e28-a7a8-6b7532b9080c,3219ab11-2b67-4ead-81e6-9e61462a5bdd
6c667f55-e7a4-491b-9332-a5dea5eeba9f,98fe2e4f-7f6e-42af-8df9-6baece71fa6c
95e0f945-0bd6-4059-b6cc-1745759b23c2,1a331fed-ede2-4402-9f8d-00b5e07e4b3c
12af051c-b91a-4a7d-a15c-be04d42b9bea,a00f0aaa-4697-435c-8b77-e818417e9c9f
37c6b12b-910b-4b62-b66b-7dd3631e9dfc,c81221a9-daca-420b-8a8e-89affb8152a0
bb90b9e4-c46b-412f-b812-a70c5cf6f0e3,f383f9a6-ecf7-4731-9e1b-3321944f81de
0dabf4e8-ce89-4b9e-beb7-c1efff6fd1ac,1cb3cc3b-e5d1-4454-93f5-9eed7a005526
122aee38-21e0-4c54-9f80-3f9ea131b804,e0738208-63ee-428e-89cf-76974d50d09c
d2fc529e-6574-4b2d-a2f7-942344a1b704,e0b13d21-79b4-4ccd-8b7f-45c7a1c21f20
aed7c392-ce4e-483f-a3eb-b13b115314ac,9ac89269-833d-482f-9d86-f45f5884079c
40f768ec-3dd7-4f4f-805e-ac40cbf5bd6c,296dbb12-13cd-4e6b-bfd2-e4e58bc503cc
0158ab9f-d2c6-4d38-bbe2-f371174bb5cf,7062a28f-f930-4baa-9de4-01ce7c8f6864
e9ca36df-e7af-401f-a2e1-312888fc7692,6e8ef9d5-8932-4b4d-b950-f515357898f5
777ae825-7c2e-4830-b7f6-e69e988afbb0,c2a0013e-5183-433d-8dff-64dac7cfb620
0885807c-49e3-480f-a137-b37a78581a95,0ee561f4-a131-4a65-a84f-62dfba414d74
38bebf86-9c48-4ed1-a1c0-da954676b434,5058b4d1-847a-4a5b-ba25-06beaa02b815
2125b0fa-8b5b-45b3-9a96-20aa05413f06,bd153998-fda6-43de-9c30-c90495e4bb63
62f3187d-fe19-4d9b-9495-e143c017cd0d,1f553c2f-b0b4-4bf7-9da2-cff98ec36db3
ea340e16-c074-4bf7-be10-40675640053f,5cb68a51-9aef-4205-9c06-30b0a6c40de3
34ca08b6-7202-4c49-9501-583ba29f10ae,56ce298f-5d62-4cbb-9b3c-d82dd7fcedd2
a41beed2-fd95-4ad5-85c9-224159d4c3b9,539eb36d-d1e4-455e-829b-ea55696cc7d7
d86ed260-33fb-44c8-8b10-738cd7cde054,0c5093ef-4f6f-4525-a333-a7b9de0f3700
aab49982-815f-4182-8191-b8eb87f5554c,f14cc532-0553-4d24-acb9-2d3ffaa91503
20b1ba3c-afff-4628-8fdd-cfdf8e814513,7190d802-a8fb-4f0f-ac16-fef1372e52f6
457709ec-8e83-4312-90f3-c5ca9b05959f,049f19ea-039b-445a-9a05-928bcd1fbec7
d6ed7e49-1e50-4c3d-8f82-e890cfd5d1fb,7e95f1e4-624f-443a-8454-ca51988a2502
0589e8e5-8e63-4201-9c00-53ab75d4a20a,2fcfe458-e9a6-4f7c-9048-414defce20da
7270ea8e-59d3-4c4b-be55-9c93a8b08f68,61256939-138c-4d81-97f2-27bcfd207b32
98e32348-c90c-42fd-88d3-79999d9735da,f5deef9c-9a3e-435b-8255-76f2da5cdc4b
0ac19a23-2d3e-4a25-8e08-1465315aaf2c,46212a93-0980-4cf5-b9ab-970d01ac12e1
7012cc5a-e072-45b0-9f7a-85654884b5d3,91d5be42-d3fb-42bd-a4e9-5b990515d9fb
d0784a4b-0ad3-473e-8224-c5144f8ce475,46d85f09-8571-43fc-af36-addbd5675644
cb0c2230-c8b4-46f0-aff2-fd5877e61998,aeee8b2e-aedd-4c94-9958-7a274e37f112
3a06c802-7abf-4c44-a462-0e6f3a852add,74172b6f-a518-40f9-8034-ba80b58c1b69
3db75e8f-1ddd-41b8-a27a-6f51b5c4c29b,f8c91c5d-ad53-4bf2-b542-9c61a1ec9a5f
9c0c7eb3-fa36-428a-8b9c-d891402a781a,650f7d95-7ad5-4b00-9ee7-3355f05a34cd
b645ad8d-d208-4de9-b950-ca0f496b1155,26f6a5a8-ffc4-4a27-a2fc-0a0dff3d724d
a4fc6c5c-8ba6-4813-99ef-7631b2628836,b7a47e74-29bd-415d-beb7-378d7d46d085
bf340ed5-f703-4488-95f6-708cf62ad11b,236b6f74-8083-42b0-8ddd-12b3f26df30f
4c3d8c0c-b34f-4b5b-be3c-7c0392e09867,d8cf98fd-0af4-4b20-8414-d82e0c6bc8ea
308040fc-349b-428e-9f53-90510367e85c,c0d61bf0-dc0a-4830-8e56-5bc5806681f2
e4bba8ad-d0a2-49c1-881e-a5b33115e7e7,ad1f9574-f466-4b3a-b245-62fc11a513d3
6a621a2e-36ef-4fcb-9306-20141bde51cd,2333ccbc-365c-4ead-8fc0-323805d3ec88
2014f6b2-7ee7-462c-bb21-65e2cf30991b,defa7118-938b-4b87-8d2f-952d798a5883
5131755a-89a6-4465-9b91-b5af48b0eaf8,034f14e5-fc5c-45e2-83cb-81e187711174
eb605de3-71db-4431-ace4-8ab0102eb639,732a59e5-b9be-4c82-818f-c1384ae6d8e3
c9f1f496-adc6-442d-84b6-f775e87952c3,5c2654ad-15a1-4cce-867f-c49eb00eb1d8
953cdaba-e975-4977-81ef-fb5542a9053c,1bd42c2f-408e-4c77-b36b-ca470993cf8f
50557cf7-7a9e-4ff7-b3d2-57d79a04fa2c,a967d47c-7a83-435e-8982-901ebd26a35f
291abe27-6569-4005-9f70-87fe74fb1bb5,1d93290d-7c33-443f-9f06-8a8d13221f9a
9e3f8e22-b7b5-4642-a4b7-35aa7aa13e19,81c8e44e-4184-4496-a058-2b22d449db27
c0fe99d1-14aa-47ec-aa0f-f4c6f104e3b7,025a661d-b9cc-4805-bbeb-ef8dc55fbbc9
e3d3944e-3713-43ab-b0c5-37237d7a601a,5a3223b7-d0bc-4f46-a9b5-9781f05e45f6
e4ccc944-7251-47d8-aad4-ab01d1279497,c1518097-d415-450d-a40b-acffda5b6663
d3a34921-69ea-4e9f-8548-3fcde8b3898e,781b2282-f491-470e-aa09-c5c6e3fa4d37
635117f0-e566-441d-bfba-825a1e1a9c8f,19c9fe6e-099b-4422-925c-e9c09c22f466
7ff281db-881c-42db-9855-14701e9fb107,224d5699-a023-4283-86e2-dca10b87835f
454081e7-6353-4f03-9e06-b501d8c68079,56597acb-6088-482b-a4d1-d9bfd90e61a6
c9ab6765-7d5e-449b-a846-3c307f3951a8,484b3965-001a-4abd-ab37-794d796c4de9
c1d7b0c2-9c42-4eeb-996c-173147f3a237,f4be7811-8cbd-452f-b096-4956d4a5c10c
977b4a0a-f050-4355-b425-48af58ac8af5,470d920f-8112-462e-8def-a56c32648d68
ad7b0608-ddf5-4ebc-9a51-7152fe006f94,f15b725e-5181-4bf2-b4f7-1ae904274bbe
9b3d7ea9-23d7-4a44-bff1-f7e61af6acdc,355e37b3-0998-40cb-9db3-b2da8587153c
b9356bca-da03-434a-acc2-881a0ce83d34,bfe4956e-ad9f-4577-9629-00af8dca9d02
a9b4c1c2-d265-4d96-a3dc-fb38a1d44684,4fdca9a1-b5c6-41ba-b0c7-a2ebb86a7289
35516511-be6c-435a-9a8d-390d3419b9be,067e6e23-f71f-482f-a5a8-686e6a0400c9
a81e215f-dcc0-48a0-8043-cc0abd970eac,b7c5d294-22e8-4bd1-a654-21d797b0ccb0
7e0e5bf7-c6c2-4e60-90f0-9dd782e0bf52,37fa29a8-2f0e-4da0-932c-17e4082ff590
0f256f6e-d4ad-4335-8277-f079ab7cb520,144073fc-ec5f-4491-870a-fbe80b76bd5d
ae5bff22-491e-4c62-a98e-fba61984e776,1fd7df3a-4cf7-405b-bb64-bb37937e5e9d
e27c6084-f6c4-4ede-aa47-83fd94fe677d,acfaf5b7-07a3-423b-9b35-3571577b12a9
380d7bd0-4774-4d50-ae78-0d1a0dbbc229,22eb261d-7b4f-41a2-b8cc-71fd4644d194
f3e59b6f-177f-46e0-a2fd-40b6ff49ea61,6b1c0663-b0de-4b22-afa3-aafce4109455
786c15e7-e822-4b38-88dd-b3f1ee04b590,e0195ea8-b7a7-4ede-8ca1-9194f2ea06fd
e28c3401-78c1-4135-8238-690bf9f25f07,6edd22c2-c29d-4aa7-97bd-318c7afb55f5
ac3b4ab6-570f-4691-a0f4-8661db3dce48,37a62197-fbf7-44dc-abea-ed55eb5f2f78
7a1ab4a2-4df9-45e3-a33a-1571de971e06,635b747f-7ad0-45ac-bfe2-2bc24e79a0da
67a15dc7-7036-4274-8613-9f8938ff3ec2,d85be109-66a3-48d1-b26e-157fe06dae43
b09d13ee-5752-40b8-8d00-5b9420d2e6eb,1b427148-3303-49c3-8008-88b3f0272bc9
231bebf5-c669-4a2a-a2a2-e21b5f0b94b2,f7163ea2-09b7-45c8-a432-52a0d60cb476
5df258e0-c035-4acd-b7e0-bbd8783b4525,aa8eae72-a8c6-444b-8d42-48c3aaf143bb
dac270a5-40a7-4f4e-adf1-d81a0614fe00,e555d489-5e72-4f73-a1a6-b1bc064da8a8
b421b99d-b429-49a7-9043-161366276149,57d11552-b61b-4f02-a65b-17ec1bf22fe9
7e338806-3760-40ec-8a2d-375596260026,7dbc648e-4922-450b-92c8-f234910429a7
826e593e-32fc-4ff7-baf1-efbe89293c8e,cd6c1e78-3204-4736-948e-cf274a3a2c85
bb203e2b-6220-4507-8c33-51f6758bdad1,b352bb80-63f5-4fa2-a55d-e924652f0e83
cf01bd36-e028-46cc-873a-31ec186a23ee,4a6968e5-d2cd-432e-9d95-2cb7b008db9d
a452bcc6-f411-4b59-946c-0931a9d4692e,aa87425e-f15b-46b0-b8e3-9ab90c796ff0
21ef90f8-178a-4a8a-989a-665c0081095f,187e3fa3-e262-4c8d-b6e4-dba79f351226
d4ba0c12-86bd-45e2-9baa-ba31cfe3371e,324eca39-1edc-4532-abf7-c468a1b93f25
772eafa6-5863-4b36-be3b-c0f5bca1e2c8,bcdee14d-84fb-44e1-ad39-e8d990f1559a
c4f07f34-08b9-4c4b-a298-8087044cdc36,480fbb79-db50-4f28-ac43-d46882ff45f9
55313c92-3ec5-4d97-997a-3feb10646923,3e96a6ff-d05a-4092-926e-61e854be17ab
42719cdc-a794-4fc3-811b-f9b2efbae4bd,9ffd0406-97ef-4ba2-a2f1-02092c2e7ae3
c2db6fa3-5b36-43e0-b8b2-1df8de353b01,87cbfefa-7db7-4908-b0c0-4b0c941d5036
87fd2428-f666-4d2f-b721-990e06e9b87c,81efaa02-338b-4106-ae73-ed5e74b8471e
5f464037-fe3c-4fb4-9e92-2cfa7205f516,fe72b65c-67a1-44ab-a133-c8d3babfa6db
e337db01-658b-438f-a43c-978d027d2c4c,87922c13-56df-41c8-aebc-d160123ee116
2cab58a2-a25a-497f-95c3-7db3d34ce1c2,c2a5d4f0-0165-4151-8946-465d120980b5
bf19a5c3-92c8-4856-83db-7ad25ed6a658,1cd36576-5179-4e88-b1c9-3bf9806985e1
db7f4a07-000b-4d49-9f01-395795dc1d6b,8dfa25d2-0e62-49c3-8918-e16018e72f2f
b3048fde-a2ec-422a-974d-58753f4e1c18,dcdbfd9a-4490-4803-a92c-c7e38ebdca79
2d6e3713-99b8-4147-9a4d-2882925fcf4a,88862324-a219-4e3d-9850-c148f4b229dc
b2c8a627-fd39-434d-94b3-dcf049d5cf0c,05b397d8-373d-4c99-b0d1-c2f0479db878
5f76ac87-dbd6-40cc-b29a-b39de870a320,464db943-7d4b-452a-b116-6b44b98dfb60
930c2a86-e2ca-4e65-96a7-be72aea018bd,64ea09cd-79f2-42d7-933d-658126285105
e7b66f0c-659d-4b55-8afa-988d5f622b1e,45106222-115d-4012-b799-2d339e8b6e17
934f16ff-9b6e-46bd-be99-5d079a881719,65e49cec-a828-41db-86eb-d4b1c807fba9
84e204bb-ec8d-4891-8185-86fc2af79591,ece1f693-b685-4984-9771-e7f78f783f47
12c769ad-90da-498f-a120-80ed6a90e62f,a24ad8ee-d782-4167-a6e1-bf80c4b4a041
6d4a78b4-3d47-4fcd-8376-196200cd1cfc,00354f8c-a114-4643-b5c6-40dbdae1acdf
7ad6272b-ec45-4a64-a57f-4c9b3eff2fe4,44b24bbc-3865-4430-bd92-8c59f6e95b40
221b0b9e-cbf6-46b7-951e-fb84b95c302d,5b7f7ea5-8996-4078-b9de-3f1588a629f2
264e78c8-1009-4c8e-b33a-df2cf5c79e58,8f332420-2692-4de6-baa4-3b6ebe7b22d9
cf4a9403-076b-4581-abad-46efa2b469f0,45aebdf5-ea95-4735-9d5a-0f0d605faa7b
6ce2fb06-f7bf-4802-a6fa-7bd228e5e394,9a675783-4ff7-4af1-a6f0-66fe8aac4ccc
4190bd4c-0f42-4969-9b08-28e00117e27d,3d0cdef5-babf-49aa-a4c2-65b31235a018
64290234-a6be-4972-9f1b-ab524edd11fc,a9add687-a013-49df-8ab0-140528f9665d
6d76b63d-07cf-4fdd-b014-6d3d65beb09e,f531df07-cfa3-4fad-8370-475702eba1f8
bfadd28e-e9f1-4cf1-8290-45ea178b17c8,eeeb06d4-d2d6-4479-921a-496ef86541e6
ac293a53-e6b4-4e8d-8e27-09ffc6b83e83,b7ce9af1-0671-47d4-b966-198430626a09
408a739c-bacc-49f8-9e3a-ef74e4b92023,21576b52-c7e0-43f1-9b01-e38a0ad927d2
2a82fe71-56b7-42c2-8de1-c715613322bf,14fb048a-9975-4a9f-b045-0089c6fa16a3
2ec083b6-dd4d-4345-a5e8-749e40032929,408e8da3-1053-4580-9783-bcd061a0b299
0a5dc6f8-9380-4461-a429-8d74f8421ab9,af58000e-93f2-42ba-bac2-9661b013487d
c34bae1f-80b6-4545-8013-8a9be815c641,53c848b3-8b99-43a9-b74d-acef103302b9
703893c8-fb5c-4374-af39-06b72d38e027,e612952b-be1d-4747-91a9-3c1c3aaf5d78
4e53d2d9-cff7-4a03-8bda-982256d0157d,2d2f8532-4df3-45be-976a-a25bfe6a1fe6
7a76c59c-032a-41d8-bc82-d87ecb3154ce,174d7d38-e2e8-4d68-b9a1-bfcfc18546dd
3bde480e-c0ab-4160-9d25-d3f18bb2f1a5,0e5773a3-7f4a-4ace-88ee-7fb025ee66db
9acba54e-d6b2-4ba5-9e52-469566156e71,5169dd1a-891f-4640-94c5-e2bea2fe35a9
4c4e6cf8-8583-448a-a182-07840c51c0d1,7086398f-fb79-487f-b12e-fa975816dbe7
ae968133-fa94-404e-b902-9bfa453ed20e,ca231202-9279-4f6c-852a-22f4c15e2450
12dc7b42-fe8a-44c7-9f02-0387854c80f6,a81c114c-e6a9-41a4-9a49-606f0d22120c
7950421d-9aae-4212-b7fc-da63123b3c0a,a9b782a4-bef9-4f54-adc0-e4df64a13338
97352fcb-fa6f-4ec9-a9a2-0e51b3911a6d,2608a690-6ba8-4a4a-9d2f-f3c036a8c3cf
29d5949a-6baf-4489-98c2-47fe368b3a8f,09d043c8-2a1c-461b-a6a5-d52051adddb9
4a98bbef-e65f-4116-bda5-a14552e2bae1,9ee71d11-1ee8-4f99-9c22-1c8e708f64c0
fe7796c7-c53c-47a4-ab18-dd7b5a11acd8,14f062c9-6fe0-4c5e-96dc-dff3d3223968
fbc8bf18-2007-4c9d-b733-b403b4be5007,a602ce0f-343f-4f8a-8481-8c492cdd90e3
ebdc5e51-24bf-4ca2-ac77-c688a258e3a8,3c318dcb-14a8-432c-809c-4a1c868ca621
854bd485-f8bd-414b-82d6-289c61ef0d7c,433ae9e0-74aa-468f-99ea-90c7c392d8eb
6ace6d4b-08c8-4474-8d5f-5ce8550e71d3,45e11023-6647-4a4f-92c3-c0548c68a095
22c4ab60-0136-4f42-8b57-3782b5f42f7c,9530b3a1-fddb-45cd-8443-88ef68ef4c72
7c0ab507-6d4b-4789-a081-8b03498b0084,f5812ce0-1e03-41ee-9d12-9e9527bdcb8f
b4a6ccf6-461c-4215-89cf-0befeeecff62,e31d63cb-a69a-4de6-81d0-2c1b9cdee741
c40c14dc-0fac-4c20-a788-c59170365073,93001f4a-90c9-4d57-936f-002b7b446069
952124dc-5b53-449a-8c4d-a368811ab584,f6e47931-bb12-43b3-814a-10968bb61e72
e764bcd4-be32-4c18-9880-49c4a88b73c4,6fe50082-335e-49c1-841b-157b68b76261
d0f6a490-3da3-4f41-a8f3-429e98520dcc,77c14a8e-2a5c-49d1-a9ae-97f78dcaffd5
21912454-ac11-47f7-b0bf-df60d66cd398,f0e96056-491c-4297-baa8-35e71263f9ff
fc26af43-4f93-4760-8023-56f27db0ee7c,0db8d655-3997-49e0-b819-9e745fdffdfc
ffcd9b43-d428-4d36-8d53-450985ce1144,bf3e862a-ed79-4a00-8e76-59f14b55bcef
5136ed52-5c3d-47cf-a6a7-bf708f493fb7,be73120e-af54-4129-8782-4baee0c9f39d
b6802ac0-b467-401c-9a6b-f176fd1d2fff,1709ed3a-dace-42ea-8000-9f02c3346815
79d9667b-864d-48f7-86ac-f33cea356127,7062a28f-f930-4baa-9de4-01ce7c8f6864
06288ddb-ef9c-4f5e-bf2b-3b67455b7547,d87b9d8e-fb9c-4b86-a626-3affc0024145
ff36f330-806f-4b37-a45a-d44af9c4e525,7f2496bb-72fb-48c4-967d-907d670cd352
3a44150d-3518-4ab5-a20c-e5a420c2b16e,26283200-6aec-4327-a1b7-a2f3054d0ef8
06a1e14c-b973-43cf-a671-cf44896d1926,cc4bf444-acdf-4911-a585-3dd606a80c7e
3bf8d93a-d705-4464-acce-8b866de0347a,771e5fb5-f7d3-4497-869f-49088dbb500d
ad72584d-65e3-460a-87d4-5bff08bc9f17,f6fbc13f-6732-4f94-8465-635ca39e9958
ac5324c9-79e7-4130-a210-3a6a4f8a8f9b,46c7da0d-78fa-470b-960c-01f0ac1cd5eb
0dabf4e8-ce89-4b9e-beb7-c1efff6fd1ac,3afea2b2-be77-4d3f-9ad9-95a226ef56d6
a3a32c9e-1498-482b-b88e-85a7d4ac7d06,1f37a895-d394-4261-ac84-08089c556af2
ea699342-4dc7-45d3-8912-097641244e31,ee9ebe6d-9d17-4653-bda5-39723d478e11
7456c3b2-34b0-4b7f-8c21-524a9da465ad,3e0d8aff-6fea-48dc-8117-854ea678575b
d0f6a490-3da3-4f41-a8f3-429e98520dcc,d1a0865c-ba5f-4cef-86dc-55bd8706bc3b
a77cf21b-a768-4c63-808c-62023a978eb8,58b4e44c-8841-4473-90d3-af299e10c381
4bdd9718-c862-488c-b529-8d7106ee560a,68208265-972a-46a5-833e-a39e0e15f33b
596305c7-7c93-4915-ad5b-0ad8269c7201,8cac033f-1891-4a06-a01b-df546ea190c6
624ef219-9314-4f5c-a9dd-7c55fb0dff86,4e050f2a-b481-4483-a539-8e4e9b1b2f96
98cd152d-359a-470f-966f-00a167090bde,4517c2ed-550d-4bb0-8369-20aa9373dd45
39d02585-3cb2-413e-81df-3e057241d760,8035053a-de2a-4aac-a9bc-18391594e152
e20acd2a-c9ce-4c28-b144-25c85a84c932,beb79bf4-1979-4115-ac53-7a8964482dc8
947e9b3f-0a46-4ee5-9f52-f7cca19baaea,85c49901-8fc0-469e-96fc-ebae3f82e35c
147ff9cc-cd98-4785-9fdd-d6fb49070765,ee93c276-c7e8-42c3-9321-b70be307fb66
5e35dd9e-1c72-4ed6-ade6-95a069fbc0d5,c27d3a48-ecc1-4e66-a180-8600c553c5ad
38abe5ab-271a-438b-9f96-c2d79b60bedc,edc211ca-bab1-481c-8499-e4670e56554d
6398d99a-3039-4ab3-a3b4-f449676d7ebb,ae8c39a7-26fb-4d99-b851-f1d6b1463083
2926f4cd-dbcd-4ce6-839b-43067d4e7ef9,34e0bc3c-2ef3-4acf-b060-cb0934ea4626
ee818082-01c5-4702-832d-2b7c049516c9,425eec76-309b-4d1d-a678-e71c2a45c6ab
d30a0028-4a73-4759-bb6e-3d7e29335b05,5548a74e-33da-41d9-8bb0-d0ab9072cb0d
55e29f7d-0db6-45e9-a358-ba250d4e33a9,0ec29f19-63bb-4c0c-b2d8-fff67fe97b6f
735d01f7-de96-4a68-9f1b-b3690562aee6,a52805c9-2c0b-4540-9fda-9bb73ffaaa1d
d766d06b-5cf7-4e07-aac4-b36c2202fcaa,c7032d4f-5a5a-479a-94af-71c948a5f492
4f84411d-41ed-4ca6-859a-7c8bcc6ee1a0,3187f661-0621-4117-aebe-da77d27d2219
c2ad7160-0039-46cd-882e-a1dca621d188,4beafd40-f7ad-4d19-94cd-8b28d00675b4
1019a780-48f3-4521-a1a3-3ec9f24fc08b,f0ab8ca8-624f-4076-80a3-733954428c81
6f653751-1f94-4698-a703-abf6c6aea378,3874bad0-490f-40d0-8894-bea7a0871af1
0306f067-6461-43f9-99fc-97ea920d936d,b2f889a9-4fe5-41de-be34-bd547dd14eca
5e57fe63-df5a-4373-8e8f-6e13372115e9,f5845b7e-c9a6-4434-8675-2083669d05f7
35727487-7001-49fc-b8e7-6f5bb7d7bdd1,7f2496bb-72fb-48c4-967d-907d670cd352
8fa3018c-2908-4448-90d0-afe15748b920,5af3816a-2c65-45a9-a864-0467741ad834
730b9613-2f93-4d59-ab7f-31ecfd49438c,9ad4d923-5f33-4d4a-98e6-938e195bf297
7e01376d-0ffc-48a3-b785-f3fca3841537,01ce285c-d37a-4d9f-8d18-48567f21fbda
b09d13ee-5752-40b8-8d00-5b9420d2e6eb,2d977da4-8488-4200-bf3d-1911a1df6d6a
d74d1a4a-8abe-4375-9834-548bc4bcc1b3,9051e39e-e4e0-4b82-9c61-a3aadce4c81a
470f4eea-7704-4d0e-b911-3baa84105ccc,82b59c44-5ee7-4fbe-8727-396cbce5bcf6
b5a73311-e185-4e8c-b1a0-fff6996de077,b479c137-ae0e-4b14-86ee-8358253382ca
4e12cc46-a089-4489-95af-a3df0bbeaa58,6322a048-613b-44a9-9037-95dd323a9259
330c773a-dadf-4d16-a30c-cdbc46df2cd1,0f322bfe-0b38-4033-b167-d6656c5185c0
41d9c206-9305-4927-ad6f-e16d249320cb,fdd1a0dd-3060-4ed3-a9c1-182c64b13c94
8b0c3485-aa57-496c-a274-8e76afc57052,d7eefdb1-fd1a-4a43-a7a7-f7182749e651
9117d90e-545a-4260-b1e2-aa9d42563021,5921c20b-75ce-401f-872f-5e759073b61c
c890a541-cf8c-4db9-a609-9e910f20ce0b,478337ec-d6b3-4c53-96f5-595ac81f6e64
fc4de8e1-8f47-47a5-be0d-b78b6b361cca,ac15500b-f856-49be-863d-284d0271d560
ac30764d-fc33-4a5a-939b-f12f9817bbd5,8a9f7d2c-7cc8-4932-b02a-0bc0a3799a30
7bd88ea0-672d-4dcd-9dfb-4f67b715f193,82f26b52-b937-49ef-a77f-728fdc4ef264
b37278b7-8bf3-43df-ae1c-ea00dfc446c5,22eb261d-7b4f-41a2-b8cc-71fd4644d194
1ea08fe1-61cc-455d-80fa-02c2a121578d,2c5f1791-763e-4764-b3c4-a382da80b158
01013080-e319-4569-af73-a5d40f37a68c,a665c157-c0f4-4471-b08d-b7f53dfbe1dd
f2187b14-9839-493b-bde4-c0b886461237,68ca7b73-e7a4-4778-a85d-538e7f59baa3
d7187937-2807-44f0-b548-cd02f013d743,5833e58c-3d26-43a7-bb2c-615de6ecf088
1c432ec2-bc57-4469-859a-f2fbb02fe471,45a1909d-3943-4987-8741-0e2420128a75
3b872b33-3277-4eb6-a089-b7acfb2410ee,5fdc1be8-6d55-4694-899b-0341f0a313c0
90b456be-9827-4d1e-b7ca-f4661c0b10cc,33041a1c-402e-4598-8f12-72fb1e7ae276
aa94ca64-2e6f-41c7-a042-015a8d46116c,8366f01c-9327-4201-9373-32f5d9ad325f
31891312-0016-4d52-9171-12e665778289,2436e69c-eb65-4dac-8363-f7300a1b7b02
a6c06337-7fd7-4047-95dd-b9e70b03d4cd,83f46b23-db69-4481-aaf3-221e27d1dd9d
470e055e-7f90-41d0-976b-fc692e0e178b,3e54f6d6-5b78-4296-808a-46b386787598
8cb60297-173f-4ad8-a155-012c1a54d92d,1d2b3b72-a538-4192-857b-b204d8d737a8
304a920f-3053-463e-8d52-06c56e53be47,1203071c-f56b-476e-b28e-fe8c7a1065a8
19b9d162-2280-42b0-a928-3a1d36e22fe7,466ba2cc-ab4d-48db-8024-8dac0a0b3967
4dbf9da0-e308-4dc5-9023-da258937d0a1,f1387f40-90d3-430a-8108-94598e38de7f
b9b1048c-2383-4fbc-9e29-8854b18b2274,83609899-93de-46fd-a8b2-06429a381d6b
f99d263f-7c9c-4287-b4d8-02ff0311dd7a,29d94b15-e7c6-45e8-ad8f-66b049a649dc
830c0991-516a-422e-9bee-d400cd9d6600,d83c7f09-d884-4e8e-83a2-56e8d9a5c11d
a2f36dda-91ac-499c-b5bc-4592002a1bf2,f7217ea4-54df-4e28-8629-7798d181fe06
9be0352f-412d-4ff2-b2f9-339397da1321,c240f479-1cf3-468f-9609-5874e4426707
06d68eae-b3d3-431b-98cd-f1f5f601ec65,66d70210-fa07-4fa8-8f3f-ceec119b966d
65e40c60-62c3-40e6-ba67-e391da4cb666,c663d396-a09a-4a93-b644-3f67a26920e0
c73ac38b-206a-439c-92ba-367b6c013b97,394b9c51-56d1-4b68-9072-82c0c5d0c7ed
3ee0754e-077c-4843-bdba-bbd76572fda3,a9958368-359b-40ef-ba47-a9bc74617c28
473d1190-14fc-4ad7-9bc2-a457e80ca284,d67690e3-799e-451c-9e10-83867253de13
6666442b-6345-4363-ba64-eef9828cf3f5,17668c51-1abb-4bdd-8d46-75a6fb1b8ddc
734e7f89-4e06-44f7-82a3-f1e877fc96c7,821d09c8-a93d-4df3-bb42-732489154ba4
6a58e91b-d288-46f9-ae4f-ac21e6b999f0,e8c3a762-7b6c-4550-b470-37592c26511c
4e88a79a-fa1c-4732-90b3-d7fb6fb7fcca,0ffe048e-b694-49bb-b092-a3feb21ac3be
69458ca8-ce46-4076-8563-bdbc704e5dde,7c9ce932-4f90-41c1-9c95-f824e5bd0708
6a988bc9-65f1-4583-8b98-1f942b4a32e9,6814d1a1-068b-41a5-8cf3-5455349ba909
f5d80edb-5e45-434e-969e-7e55134750eb,b67e8153-51bf-4668-bd7a-69878981e7d7
015241a7-5338-4254-b403-ee238029f284,05b48d33-ce83-420f-bea7-d50f8ebcd01a
e274cbe0-69ae-4cf4-95fe-145db7c9f1b0,f5978087-7e47-4527-876e-8c258dc788b8
921bf9b0-0706-4fca-a151-ee37a02fbd51,14ce0fde-02a0-41bc-8cf5-fc2feb4edd91
b055a2c9-17be-4d7e-bbd8-4c18a3d01307,2321c2be-7996-44cc-91dc-ccd1a22422eb
bb846654-ae12-46cc-9be2-e991289c621e,a4d1b50d-7428-4350-bc24-ffa79bada6cb
ede012fb-2d02-4caf-86ef-7c164bf380e2,7443e429-8689-4e27-965d-c6cca0e06d80
c04df18a-fd63-4789-95a2-2764e10451a8,585370b7-fcbe-4dc0-8491-6b420098c9b9
ebdc5e51-24bf-4ca2-ac77-c688a258e3a8,6c113641-713e-472c-9a1a-633ee2b9da47
75496487-4791-4f35-8c36-3a22364f617e,277e8120-d510-456d-bbbd-608b28327ecd
d501bde8-c8b7-4a97-8cd6-f866768662f1,1adb6242-ed58-4fb1-b66a-c6a1996609d8
09efe2fc-7813-4e6f-879d-8c6769d2fed2,5d08ea2d-015a-4a76-800f-dd1163b6c767
51ca9bd4-d134-4f30-81ff-00b216c96aba,5a07370b-4377-4c74-8684-401996c9a32c
911acac2-ed3e-47eb-840e-6473a72225e1,1212c2ca-1683-479e-8ab3-839f2176c94c
f6957ba9-0237-40a1-a019-5eeee3b0e032,51488585-6482-4f2a-afb9-ad093e54f4e1
c2940753-807c-426a-81d6-f9ec763949f6,1e006738-46fa-47e4-9d87-548a68f08162
61cc1ff2-9161-4334-a3f1-3cd592371573,29d21efd-ff50-4173-b5c4-3eea78b409c3
a44b8967-55c0-4241-8010-c2f23ba1f4dd,53373a09-75b6-44e0-9aeb-466e6b246bb8
e399d5ed-9eb8-40d3-a988-9a156cdd1b40,30beba34-3f60-4d82-8d37-42eaef6988c5
bb6e2e78-8f1b-4d9c-9f9f-cc66ec58d186,eae78112-08bb-4ac2-b012-aed7793325d4
67eae266-a1b4-40fa-95de-b4d0c763c6e0,eceb31cd-1a89-4db9-8c0e-e3df40f78e53
985131f3-c6b2-493e-b08d-db5b3a87ee1d,73effe75-ead5-4953-a3cb-dfcee1232238
b9abf656-74ea-4f69-bd71-c393bb9da81a,94180d25-e6c8-4670-9100-f7a2bc98e573
82cc3d7d-e3b5-4960-a79a-46717f4c8ebe,3399b667-a7e9-4005-ac6d-cb3905b821bc
ec38eb70-fcf5-4954-b1d8-60484217ff1b,b1f59f9e-0e63-45d4-a96e-e0c368e7b718
a7b7354b-a2fa-40aa-8f69-77fb4c03fcff,3060c807-ae92-4994-8645-01698bd0f6e1
71466711-fe22-4893-993f-8cc36e9b1b55,6ee7ab7a-cc17-454b-ac30-980f7dce258f
443b8415-41c8-4186-a379-7a4142115b9d,4a6968e5-d2cd-432e-9d95-2cb7b008db9d
c10af542-de5d-4b2b-86f4-56564665b4c6,5979ea0b-96af-415f-9f39-b49138f697c4
fe2b5ac6-ba59-4ac7-ba06-9da6299e5cb8,4cc06dd5-1f4e-4fa3-8f59-97186c50cdc0
5af528f5-3f99-4bae-b9f2-44899d4f9d91,1f7b3103-83ab-4911-8da4-19e780e488e7
2b44fba7-8d7a-48d0-8d65-52537c0e2f04,f903caa2-8a0b-489b-a459-c810aca6dfe3
231abcbf-6cdd-4c10-ad37-19b88998d5bf,9f2cb34c-4bf8-4a21-acef-e701c25dff84
bc2c312d-7812-43d8-822b-df609aefbfa0,4f263ac7-7466-4450-8d0e-79f612165f27
23944445-a4d6-46f3-a853-a80a86064dc0,54d08a6b-c4c4-4b82-b887-659d6c00b6da
692b00df-1c26-46a5-84f0-61eae63e84dc,d36f01f8-d03e-4e96-a117-63784f4be80a
9f76f9db-2e75-41ac-8ed8-d91c89e80b56,ebe08775-679c-4e48-b693-70ef57e61970
81ef92bb-df11-4754-ab36-58af52b4a87e,48e5c38f-c36d-4e70-9665-209e3bc26d50
2eb94d91-2503-44a8-8ff6-d36b6abff28a,47a3656a-4708-499c-a1ee-5fbabd64f4cf
320a4279-0d11-428d-bcbe-f0f3e223ac1d,cba67058-fbcc-4f32-9819-7953b177705a
f3fc3ee8-435f-4d82-a9e1-bc5263066350,92f56445-b5a4-413c-94ab-cf55461b9b14
60473c4b-b525-4b87-b5c2-dd3305a0b6ad,5d92ea3b-e224-46b9-85a5-91d457f8b57e
02196205-a8b4-47e0-86ba-44baa915e3fd,da1fca65-75c9-4cfa-ab6a-8260741e5e99
b039bee0-a9d5-4799-a3b1-2b2c8ccd650d,fc41fcf5-b38e-45d4-b8c9-33f5fa529a1f
87c5f893-1572-429d-a7a4-7ba7ae84a06f,7153b1bb-01ca-4e63-aeb8-3eb102cf5b95
64fa364d-501c-4094-8df4-f09eea375013,db82a98f-3a1a-432c-bffb-d6347635e312
aa94ca64-2e6f-41c7-a042-015a8d46116c,1910d517-60bf-43a3-a728-5090450c2419
c5acaf7c-5f26-48a1-805f-189cbfb3773c,eeeb06d4-d2d6-4479-921a-496ef86541e6
fe5a03be-7ef1-4965-a8cd-cdcc4668ea01,6d61c3d9-96ce-4934-b94e-fbe003ded429
cff3862e-9e6c-4b37-a3d7-3562db330450,6e96c70b-9066-435b-a527-8a92bc3bd8a1
8c0a50a2-2741-4163-92be-dee84cc2375c,eac7251c-3ca5-46f3-9046-a63974acc21e
3a2c86a7-edc8-4142-8d73-684de0c6a08b,999077d2-c410-4eac-8ffa-52b1a5c98ea3
3d6e2619-d2d5-43ff-907c-ed2673d0bc46,09e39446-5a97-4745-b0e4-01cad9d445d1
91ca621e-a98d-473e-be08-34f0bfae77e8,98da54a0-4e00-499f-959d-2f023866e0da
04cc144b-f042-4662-83bc-decde51be65d,5148ad10-4e87-4e28-8021-2ee929dc6ab8
3e596a2b-037a-47bd-aa44-303f9a62528e,18d0af1c-59fd-4b34-8c5d-a9c9a6ecad01
59e1afc8-1f37-43e4-8f0f-3ffa8a73c568,7d697bb1-239f-46d3-a646-e2c5c9fce73c
e9a34b76-4b2c-452b-921e-4045b2a12069,084d1af9-4b38-40f5-985d-d01fc57d7170
91c19a04-dd0d-4161-918f-378e01bc6281,66bbac2c-59c2-4e09-b24f-a52bc8e64e03
07e9534b-4066-4394-b329-b48d95258093,220a436d-4ab5-4058-af6f-520d0a7cb952
0c592bc0-926d-4c34-a79d-38fdbafaabf9,2af73ade-dbd1-471e-8426-e4ea5cdd6789
2fd41ae4-352e-4561-8355-f7acf38620e5,0a9daf4b-5834-4b8c-8089-4dbe32cdb4ba
a343dd85-006e-437d-ab87-36c551fde6ea,64d51c65-50fa-4c81-a585-7e5018380f85
a343dd85-006e-437d-ab87-36c551fde6ea,92376b7a-c150-4c0f-9a59-eaed8d89e5b6
41273fa9-3c54-42a7-9cba-67a05f9f59fb,09709008-5992-40fe-8f2b-e821fdcd214c
e49a4548-5875-4ae3-ab1c-46d12d2ef647,06895962-e3ea-4bc9-9794-fddab128cfea
4ec64f4f-c4e7-4f70-876c-133a953f49c5,6d1e1e8c-5bd2-4629-9778-89e516346692
4511c527-1cb7-43db-987e-029a2ffce546,adb990fc-8a45-4206-90b5-cf29e15b900e
96a94eef-be7c-45d8-975b-c46982bddbf9,f350845c-b730-4064-b9f0-05eec2d7b5ad
72e22f0a-140e-4190-bc8c-8d1bc273bbde,528f6c0e-e9cb-4565-bd72-c32a2c04f6b3
4c81c75c-8e50-448c-a092-e2b2ba833e6e,7ef401ad-7ed0-4891-8ee8-fbc22c89817b
e024d0fc-49ac-4477-b469-b5d2cb37e0e5,f3eb702a-0dc8-4f96-97bd-49646cf38321
6e9e442c-338c-4ad6-b9eb-fb04f39e3ca6,0f47f814-5d20-4298-a194-b36bcbb8b7f4
44fd504d-c0ee-4d12-83cd-4e1e890d7516,080d3276-277e-4fc5-8bfc-a11cbccde699
c0054477-1561-4916-a98c-7c5cb5277dac,384f18ab-4d2d-4ed4-b87d-13063345d20a
1dad3d70-25e2-4562-9b10-7150c0f09616,cc4bf444-acdf-4911-a585-3dd606a80c7e
b4687c6f-b78e-4488-98ea-accd0bfd6693,386f495b-47cd-4eaa-9c28-439236a7f4f5
93543e33-5e41-4eda-a354-84d66434a6b8,aafc0cd8-594f-4a22-a661-07a36daa6806
779da868-bedc-4b04-8b78-c25b3f7e2956,277e8120-d510-456d-bbbd-608b28327ecd
6cdbbe8e-d52f-406e-a57d-d86eb212d01c,1d0bdf45-6d5f-469e-ae6b-68cdc1e705c2
d8a7143c-9289-41ff-a023-a3226f2b4922,4ce20ca8-9e4f-4e09-b7ae-bf805c481ec6
c6ca48c7-c3ba-4c41-a6f7-bd75600688c8,4cfafb56-0237-4878-a0a6-7199a60d8ccf
85db59bc-e904-414b-be84-22c38c7f7da4,5c408893-7999-47ee-809e-446059325240
5c94bec5-de6a-4918-8815-f8b4205bfb5a,1982e1b6-10c8-4427-b077-41c8a96ecd20
39db8968-4350-4bd2-a4d1-ac597f83c695,23fea986-4b18-4639-a81e-07c9e58edcbd
6d4da253-816c-45cc-8389-b2ee63f48f41,e7de8fff-c1b2-46a8-91c1-f8e03bffde87
65ca505f-7650-48f6-ac7f-8e0430c00711,7d3f7806-441b-4a71-8326-88ca4d0b5067
267ca443-67bc-49f6-8d9a-fae738e95582,04ee9702-68d1-40f1-9b3d-53ee329362fb
5f1cef35-b590-4a32-913a-acc1000fdef0,0ae1cf48-1080-475c-9c89-767c6a177d9f
0bc44fbd-718e-4ff6-9ed3-450552717104,43e640b8-5ee9-41d5-9bb9-5c57acb5bf27
80658b9e-13d1-4f54-8093-75507b24e452,82cd6d64-887c-4a08-a972-ba404b84ff8a
f0b71e68-7326-4a1d-9271-c6310c5e73ac,e60e52ed-6d3d-4e57-9f47-eef4d3b1fc5e
0dea8022-8823-46a1-9479-0d62b0b9fd40,fc55edeb-5223-45e9-91ee-6f252a5c930d
22c89360-1b90-4afb-9f5b-8d811db7f86c,45e11023-6647-4a4f-92c3-c0548c68a095
9651fa07-fc70-433b-b564-6b29939e215a,01df78fd-eb3e-4860-8670-a85c8984853a
5af00b1a-42f3-4496-a74e-06ce737b280d,2d62d88f-31f0-4cca-b84b-ea632d08a6e3
a91094ee-0689-47e0-bead-1d9ed006f250,4892b69e-33ad-4c2e-ba61-955ec2612c45
dd2fb954-11b5-40e6-b24d-e5b9b5d91c51,39e13321-b032-40af-957c-5350d548137e
752fc389-d7a3-4fc9-8583-0665c6139857,84b5ce67-5f32-4bd6-9947-d8016b7b88f1
5b0ccc48-e51a-4e48-81fa-6cbb29df5a9c,4b9396fb-264e-4035-bcc8-bf8597fc26b5
69107924-e412-434e-9923-3534a32605a9,3833df9e-c2a7-45f1-bf40-0b7e9c81b86b
da4b3827-6648-4ac0-8d10-5ee4ff909b6c,b55d6bc3-8700-4004-865b-7ff58f93665b
e9b5ff96-cb2e-412a-9584-fe2f4fee013f,45b2bfcb-7760-4665-9268-0c515bdcae19
88fbf544-6d26-43b0-9811-f1611039b500,835e1c4e-f0d7-48ea-952f-b8d46e41b635
d0d517c5-1dc6-4b8d-bba5-8e7d46262154,cf480d9a-32e0-4328-b8b3-056ca29388f5
2f6d02fa-6eb6-4c7f-b88f-87d3b450d098,a3dd486f-6435-4ed9-af03-d6a5d7d540a2
43349a9f-93ef-4a36-b3dc-474c022a0a0d,3fc42a9c-1dc6-4573-8508-ef1734ad640e
1fc6eb02-c198-45bd-981c-f940200cbb22,27783f32-100a-454b-8b61-5bc0d6f472ac
ba133e3b-b290-4912-85d3-c9475111f384,59d6726e-7e85-4ed2-9afb-de2631329b0f
65349c10-a0f2-496c-bb37-f925246ffbe8,ca587b5b-4659-42f5-822f-7714aa6692c0
e47e40ac-7939-4140-b575-88ab1e573daf,da1fca65-75c9-4cfa-ab6a-8260741e5e99
9d030714-b559-4f8d-9c85-79417027159a,b624ac95-f575-4cb9-8cf7-50098f6eacec
1c3ce0a3-84bc-482e-ac2f-2ff10dc1bfd9,433717cd-2839-4467-a862-640c42ed78e7
f9e61dbe-429c-4b9d-9dbe-0061e0d2ae55,644b1118-3bfc-4488-9661-bee582c8daeb
3c4b7f54-9546-46cb-b49d-9a98af5919d2,0a069f6c-2caa-465d-ae00-ec447e79ece3
f3b6bee6-d227-45b4-a938-3cb737661883,a960c6dc-733c-4246-852e-d50bea4ad6ed
d3df4098-0a9b-4c67-b446-5f6fb2d6109a,3033d45c-270b-4fcf-8c29-e43c0f607556
859300ad-1a0e-465c-979e-af74cb77ba48,fbbb3d6f-c723-43bb-aaed-b28c21953524
b163ab90-561d-452d-9064-a0dee4becc96,fe2cf64e-cda4-442a-86bb-d109c205dc68
30b3785a-5a09-4c7d-92a6-cae2615c4052,0818f2d8-343b-422e-8c80-3510a6a0a809
513a354e-787b-44db-bf26-9228b6f05b2f,03059441-6616-4569-b6a5-62fc418829d3
89fb2d03-1de6-421b-89dc-19a127ab30f7,7804913c-585d-4d3d-924f-1ff9b0fcf611
d4ba0c12-86bd-45e2-9baa-ba31cfe3371e,2fe7ef39-6d36-4bda-882f-6d0a9aa07ed3
a526dba7-9bd2-4d3b-80d9-cf683c9e9fca,815558ba-5d07-4d3e-8b3a-e7714c4dc583
aeb145f5-d174-4b54-a035-c92ec56bd27f,505ae9c7-3d71-4069-8f1c-599eaa8935dd
42277537-9820-435d-8ad8-614c9b688611,8ca0b908-590b-447c-8235-6a7a13d60ca6
09f27bc0-fca8-4029-a259-64910bb62262,92f4f92e-a393-4efc-bfde-75140fa0e06c
fb569c16-6f90-4caf-be40-8dd49f7ee457,deab858d-194f-44c8-891c-4cce4a744ee8
a7ae1a73-7878-4935-9f8c-dd295b6adb05,7e10f8c3-6c70-4aaa-8597-05e6be6252c8
4427b82e-4e28-4760-92ac-d85b6c5d6bbb,304a7dce-b342-4c50-b029-09e42dba592d
648489d7-cef6-4ade-8115-743a285c8213,10bc5055-b617-47c5-95d4-6a53a633790c
f4a91c64-787c-442c-9832-f3f430f10445,23307823-47b5-4aa4-8213-d1417d5a5315
c909f855-b725-447a-b5c0-a154161f9d5b,26f4039f-aef5-4295-9266-9036ed065600
12c769ad-90da-498f-a120-80ed6a90e62f,fab0e054-52be-48c2-b945-1ec37837fc85
1a64dcea-aebf-49be-acbe-bbe0673163d5,7e11209f-56ba-443d-a81d-a4a6f275ca51
57627114-5b1f-4d00-9a60-bb73fbf78b20,2f71b4c2-73db-48f4-8bef-2c6df0c4550f
bc95db6d-1723-4dae-9235-241b06fe86bf,b8df4ef1-5ce7-4d8b-9455-5e8c0b24327c
10686c6d-4d1f-42c1-8f03-530c7400fb8d,87e7b4ce-5b92-4750-a970-917f1333c58f
04708f24-15a4-43f1-b533-8782a392f4ed,5be39798-c135-41cc-912d-bb5291aaf18b
b79cb0b3-708c-4bfd-9d74-0cfbbfd2d5e5,731f0b8d-1eab-4460-a553-358c996a7d84
a4d9acea-9cfb-4d42-86e4-1651c5265005,ad9e576b-c977-4dc5-aee3-e43c3597e1ed
dc721ef5-eea0-4367-aaf0-f9179210d667,7fc61db5-dbde-4fac-bc84-609333eb45c3
c731ffa8-7163-405e-9033-2c97cf1d3d10,67cf1bab-4803-48af-b202-6ae0f62fba7f
978dfa8b-29e5-49c1-8cff-9257f9e26c77,9d94b2bc-f2dc-44dc-9193-d8a9017c21e6
5f1ab788-cb47-445d-a57d-84ad2caf4512,c26146a9-3c03-4193-98a4-54d8777920b8
74a72d83-cfaa-4ff8-ab27-104ebefbc070,8da6f0f4-0553-4baa-b467-712a6b53c813
22b648b1-1890-4ae0-8642-ba7ea8a23a76,9043a0f2-264f-4d7c-ade4-3306e722c583
586c355c-ea60-475e-8053-f01fcdd90a83,b2e98352-d729-48b2-8db0-d0e1ce5e734a
3a7ff778-506e-434d-b3b1-8a23a7dc0015,0ca213cb-bec1-407c-9390-f064d4fb8ecd
27f1665a-7b61-456a-9e2c-a5adf19ec91d,b170a2a0-01da-4138-aea0-9bc49161ee14
4d4253b3-2dfc-4f42-bd04-1903aecdfc59,3b553637-8181-4f52-b718-ac5563d04167
39e82441-cb2d-413a-bde5-6a6f4dcd0620,efb2577a-4f37-4a75-8d4c-06adda624c97
fe334d97-990f-40c4-8e5f-8d0676602100,7c24f3a3-159e-4b84-a1b1-cc10f19646df
95e4e8b6-c328-423c-97dc-0edb93bec01d,56335b42-452f-4f89-a27d-d966a583b89f
de8b0f75-f2ff-4fc8-98a6-4d17b0b2866a,c637ffdb-ace7-4ea9-a364-439df6497be2
a68ceeed-935e-4db9-9e98-a5459350a968,0df3ced2-c206-4ad4-a4dd-6a6b2de06882
acf1621a-1615-4a57-a3be-526788094a58,c506563b-5136-4506-ac5c-dec215f539d2
b61f2366-99e6-4f6c-bb21-e9792baa1142,6480eb12-a5b5-42d5-8503-e595d90fd680
714ac3c3-72ea-48f4-8b6a-21c9444ec025,dc576781-b3b2-4569-9f73-ef3d890847df
7f4998e6-2b11-4c2b-9655-196704e1f5b1,6a31d534-6c4f-4818-8ac0-b7ed8eacb835
d9e0eccd-400e-4746-ba05-c6115f070ce5,55973246-fab1-4c9c-a8fa-4dd209a0aadc
a0c8b808-876d-4aa4-b2b0-deb1a157c180,05e6ee11-be9b-4a3e-a909-01d1e425356d
00b28101-0fa0-48ca-8a5d-06f8d7c1005e,d4fc38de-34e2-4b90-b5de-cbdef156188c
40f1eb00-38a0-4701-97f5-f2b190984e44,1de3ec89-a609-4651-9698-c952ac025cd0
e803b25b-6505-4829-bd65-152d7dacb162,c9acdcca-b4ed-468a-ba9b-887c167d87a2
48cd21a4-6d67-4efe-98db-7f19cbbc5a7c,c50c811b-a36a-4cdb-b6a4-375aee54898c
7dea9444-e3d3-4509-97f8-e1fa18188515,920cf372-7fb0-451b-b6f5-533993f636b5
25727dc4-e9e6-447d-b905-cb2a29866686,739adbf4-3da0-4b82-9cc6-22a2964080df
d36c0d62-a31a-490e-8f72-03c00f089910,d387cd63-91a2-4852-b9c7-068e8d5f68aa
0164df7e-a348-4aa6-9b97-e2091d545f7b,4ec572f9-97d0-4dbe-b36d-adb716c98333
309513de-6cb0-44cd-ac84-cd82a00e2cb5,9dadbd6c-b0b4-42c6-b6a2-19150b291c13
1a99ed00-7038-44e1-8403-4f7e0f73e5b6,f669c4b3-eda5-4f5c-b752-ee6d9abb6075
bf87550b-9077-46fe-9548-bd9c031a0f4d,17b123cc-a6b7-47eb-b75a-539916c5e043
8b82e62b-c4d9-43fa-8e78-a584614175ad,a50758f6-f328-4a99-ad0f-e866e651a098
a640eb20-2a5d-4c4a-895b-7ca7d04c8c99,827ed5a2-1df6-4589-817d-e71ca7b0fe54
ce850d60-38f4-4503-a1d1-b0a25b809860,c1991e87-db87-4e61-bc48-fb06aa92dbf8
4993f6cd-ed1c-4210-8cc1-dddef786212f,390c792c-c17d-401e-a5df-ebfdd9e51cab
85d29495-e8af-44ff-946a-153d1e3a294c,93dfeec3-2a59-449b-8232-1ecd38d9de2d
c1dded8b-908c-4d01-8c25-8863c24e8950,824ea112-06d6-40aa-ad4a-43dfa34f1a2a
4ba016e3-8e4e-4aee-a8aa-6a3120ea5c45,33aa6c79-5097-4134-ad48-d125c0b7dd7c
ca6bc164-5fb0-4f58-bf18-8f77859dc5bc,6750d95a-ac75-4205-b425-da2bc58c1d32
1193a088-75af-4d3b-86ae-ebc63474e2de,11be59bc-03f3-4773-b722-f0e4dca7d686
0bfd6f3b-afdf-428b-98a4-028436b02bb4,b8613560-4ef4-45b7-8e8a-9f2d224de182
9aae74b9-6fa2-4f12-b7d9-b2bbb17183ec,555b19c8-6817-49d1-89f8-93f79497ee61
20d87803-23f4-480a-91ad-ced22973552d,803d79c3-3d00-4d6e-81f7-3dc9ae13e8c7
5393567e-695f-4a60-97d6-39648b85627e,8e7ab374-9d23-4e5d-a10b-f7606d38b388
c50a37ac-c8f6-4b0c-ad7d-8722dbc3bd22,e27cd0fb-32c4-418e-996e-9b1f5a2d517a
959511a9-7da1-4747-8b88-fbc7d732e4e2,5e001ab2-2083-4567-aa70-7da921a1bed4
6bff0b03-c334-465b-bb04-15d0937e13e6,3ab891b5-684d-449c-b92a-57e214aef017
dde18292-e782-4a0f-8545-1a1ce56726c9,a288f8e2-e3cc-4906-97d5-0a8d32bb44c9
e73d674e-b1ae-4783-990b-2cff2b33ec15,18c745d6-21f9-4a72-a6ba-dacdae54a0f4
6227447d-b445-4033-970b-2a04cebeb2e9,d19d6d5a-d67d-4b0a-bdec-efc980e1030e
efe95322-aced-4cff-93a2-f500d8b987fc,6a1ad049-3e25-4263-b8b7-36fa5719238b
dae8c146-8c6a-45f2-9d96-5507d25f5ddc,3ebffaf7-d90d-496c-bd79-09ca04ad619e
1362ab84-4ed7-4c63-b544-d98f1b08e52b,27bc5b09-6f7c-4863-8286-2da664cb9cb6
1be0bb26-31e8-48e0-aa69-d6dc735e0738,7e098d45-2a28-46e2-b7d2-6dcf1e04f286
5ffeea93-31ac-4278-ad8f-6a907a97951b,1b0e4916-964b-47f2-b720-11f0dcc29ec0
1527e418-2133-4fcb-8f88-c67d2375eae9,53bfea26-ab65-48bf-951a-be126fbf141d
1b971850-1b8e-4add-b922-f5876c0afd7a,68e6be6d-1d78-46be-8b91-cf6968685bd4
1e3ff5af-f933-45fb-ada7-9f471eef70f2,38e49adb-5e4b-4cda-a687-b6844d09fd28
94d6488a-f345-4fe9-92f0-e84c147abdfc,22ddc78e-3fe9-4169-bf93-579aeff40d2f
681e1204-7406-4aef-8289-307716279b42,dfe7b390-cc7c-437e-93df-f5c6cf974e36
6e9f2765-8651-4edb-8c83-68490c408899,66fc23ad-ab70-489c-896b-1cb3fec86355
0cb5396a-2884-4f55-b13a-ea26d32f783c,776ea8dd-2b62-4ad7-84cb-09fca9fbda0e
9b67f339-092c-4603-b81e-1b4e02c25bca,355e37b3-0998-40cb-9db3-b2da8587153c
ef627c8f-f693-46d6-84c4-8dc85f502788,c658a73c-fa1a-4b74-829f-0b4d1962fedf
5a5f779e-5ffc-4a11-a29f-332689b5552d,99a801bb-20f3-40b0-b310-50d3f833b70c
27dbea87-0462-45ad-a222-89d0a9fc840c,b22aa1a9-1419-44c5-b7a9-6a1ebccd4e27
d216cd1b-3ceb-41a8-999f-59e070f1f70f,939d89fc-94b6-43c9-bb69-429178e329cc
1ec9c7cf-cdcf-44f4-a6c5-4274410ff4f5,eff2922b-0044-4edd-9d74-2878e74cde5b
57f3923d-e936-4f24-a723-9c761d1c2900,ce3ca8de-96c1-4a71-968b-51d35b96914c
9d030714-b559-4f8d-9c85-79417027159a,786e05e6-f2dc-422c-8697-f7118e9f6e9e
d3a41316-a41d-4b59-b338-f642a0a17e0e,caca22da-4adf-4ba9-9f9c-25d762575d28
97418796-863e-4de0-a2dd-d09f116577e7,702fe159-8d33-469d-999d-2868a6171cd8
6cc48345-d5f4-47ec-862e-9c5fddc4e37e,71807786-8f4a-48ce-a60d-02df2907572e
b54a003e-77d6-4532-b84c-6e4838d5dfff,6cbe66e5-aa32-43e2-8c3c-64b609378d82
c5def839-9943-4b42-9b7e-2fbdbab9e93c,51dbfd00-285e-441d-be31-9b83d3acee8a
eeda3628-7c1e-47d4-937e-0a4d8f8e732c,8269f5be-9f3c-4b77-a67f-985bcf4d6bff
879d81e7-0ba0-4c69-beea-2456d0684bb9,48a5d34f-6757-4563-9804-7b51cec04ee1
03533dab-396a-4960-9d25-a3fee74fd876,5d97584d-ddbe-4c8c-840b-bf0f09e7a67c
34eff941-10ab-4a95-b942-31d585713030,bb62b4e0-8009-4502-a7f2-6ff86e86f42a
395a8c70-8d66-4f2c-9662-eb15650a650f,a40ea43c-3933-4e3c-917f-c6d4eec45c7e
969521b1-1c27-4f6f-b466-af96a70e6f75,f1e411f7-d3ef-41a7-b1d9-67a0613077af
703b59a4-95ab-466d-883f-84f9e00e03ca,75a5623a-5663-410a-8ce0-8e68bcf2b6bc
bc3b7b2d-e34a-4880-a102-05507d40aa6f,5d991904-7b5e-4412-879c-936689801093
9c9e380d-324c-4a21-97e6-7369af1b3952,c31e5733-e00b-4799-8a64-8445d3d5b85b
e9c70f3c-a8e8-4c87-b30c-6f1ca3d17365,7dd2a5dd-9c16-4016-936a-6258d8e0dd87
170d9079-b0cb-49fd-9442-32d85ea9d857,367cc40f-7f46-4fc6-bae5-212178791eb2
281ceb71-4344-4124-b9ea-456bd1b8138f,af232f6a-ddf9-4155-b58c-9455e83f3939
353869c6-2993-43d7-9bf2-f325d1f7d9ff,3b417b65-9a80-414b-b123-7f1526fa86a7
4248f4db-591c-487a-a108-0e7e78711808,3c3caa82-137e-4768-875a-50f800003012
ef2fc56b-1da2-4e31-9a51-8724da0849db,f1b1ed79-c208-44de-a28f-fdf2ec15d143
50c0263f-d3aa-429e-9f86-2a29b1eba026,e9b9afdb-9671-4060-8413-ccc66294ca17
b5c3a903-b25f-4bfc-a61a-f06b011e95a2,1bf2aa0f-c3b0-4d1b-8706-ef8315e0b0be
6bbf718f-fc46-4bac-b7bb-2d89ca0f00b5,22b2f73c-e68f-4e02-9e6f-4b8981a61a76
0f9137bd-ac83-4ee4-8769-a3c8e1d100a4,2a5d4c60-1f8d-4a7e-87f9-f64aec40ee25
55a3a756-7c31-4c7f-8b52-0b4c12b15799,92b5dc6f-2bec-4000-88eb-eb9c07d96d68
fbcd79bd-8a6b-49b1-a222-922874560d15,17ef871e-a964-4e16-b3f4-151bb0bb5677
dc298c58-6f4f-4f41-ae50-acf29dc51bd7,b1b99904-2026-47c0-8d22-5595fe858ad5
b7bdabbc-cc48-406f-aefa-6538441962ef,00b6dffe-e395-4978-a9b2-bf03a202124f
5da0aef8-c5f3-43a4-9490-4fcfe6e7a146,4e86d4f1-258a-484e-ad7e-4f255f19cd4e
ea7111e8-ede6-4109-b54c-7917be5bbfeb,70b7afa7-f701-4081-89f4-bec23412599a
b2a12173-0fef-4823-9ad8-9f2fd3d4d873,21917c1a-6db1-47d8-8616-228e69e15b6f
9b3ab9c6-1cb5-443c-9876-1d215f6528eb,71ebbef9-1f40-4b0e-89c6-e4b3283f59ee
d216cd1b-3ceb-41a8-999f-59e070f1f70f,3270ef4a-8889-491c-8c09-9b9aa6d926bc
6a3c5dd4-8a1d-4262-903a-352d85302796,e28f1d29-b6d3-4a34-8529-4848c6a94ca6
4641e456-07ef-4f37-a9cb-636c9a5b8c79,ed3fc118-8d6e-4133-8fa8-e25721780910
605e7cb0-78ec-4e4f-acb9-783a720a7065,cefbd8c7-2da0-4020-a403-d0687d0fd872
30f0af11-2cc1-45a3-bfcf-64e66585754a,ac44027d-2cba-479b-9c38-7df9a66f7580
9c88e4e3-1291-4718-bdb2-7ec76e102230,36939608-661d-49cc-9d06-076f3fe7ef9c
02a8a776-03ae-4d29-b987-216eae2fda7c,65919311-4e3c-4355-9bd9-b817146af268
e794bf14-ff79-4f26-86fc-f0c1958ffcd5,5947182e-b64b-4bba-9491-dfb9bcb693d0
cbc2f4dc-f1e5-4dc9-83dd-c82abb1716a6,bbccd33f-3f74-4ec9-a862-4e9758791ba5
9f87f5c4-fccd-46b9-8bef-51bda2a0c347,bef47117-a052-4490-9da5-e11dae2a5c4d
99774556-1324-4712-90c6-e21e1b230939,4b27ac3e-c9b7-4358-a910-859c85d4b13a
27018737-76fd-40ad-b6fd-1e29a042d23f,9662dc40-50eb-4a01-a342-20e5b646553b
2b9b8ada-a149-42bf-be7f-530593133861,fb2623ec-65c1-4e3f-9fee-f2bd60ef1ee7
030f0d2e-0f25-4de3-be29-de8c3223b120,ab0a0205-5480-49d8-b9d4-db7e840001d7
6cf9163b-a1e1-493b-909b-2bfa099ed9c3,a97a4dec-4cb2-4ef6-b126-262538352ddf
b75f2038-2fd0-4002-a53b-4c89474769d8,5875fd9a-9062-4f16-a9bd-544bc00a5a69
54f379b2-2572-4e3c-a618-946f9926a747,8b4b7078-f1b3-42eb-a45d-e88472a3d2ea
12c7ad75-7d43-4311-bd04-c7f896e11532,b589f1cb-9167-4f47-922e-576d46f696a7
d4bdd5a4-a770-4ac0-a296-6adbeaf0027c,86c44fa6-55a8-4db7-8f3d-a12fc92e6fb4
3d0967d2-3a38-409e-9a9a-003264d24979,ebc656dd-8cc2-446b-bb04-a10970e1a504
c21e84ad-0783-44c5-a677-a915284da092,4b0cd1a0-f239-4259-952d-e378f16085e6
a0a99534-6e80-4539-9157-b15d01b478fa,d639db1b-0b87-412c-afc4-fbf69747e579
07f48dbf-7cc3-4507-8f6d-8dd82e866ec1,4f335c00-a782-4583-9db1-61c7c4bf9128
68ee02d6-851f-4bc2-8e21-4908da5df379,6b4eba27-1874-4207-9a86-c154d2adc5fb
5a3b4ff2-9e30-4e8f-8f34-f8c1d526b14f,d3797b72-f4fc-4667-b4a2-c6f1740ae3ec
6b903ef1-0ad7-487d-95ca-5761a695485c,2c4159f5-1fe5-4dbc-84b8-dba76feca3d0
cd4b4b26-0d19-4f3a-93e7-f50c48c0a390,b9649b1b-aabd-411c-98d6-8e16193c8e5b
c50888a8-b046-47ff-a163-e2399e84f456,9e7b309f-47b8-4fe8-9269-ddbca2e0a6e1
499445ca-98de-4822-9a73-d0aac244bc68,9eea8c58-4118-4502-a9e6-6e39bf4497db
54993b84-4ad0-4381-9e24-eb0dc14c7ee6,0eab5624-8222-48ba-8be8-b85c54a40637
a637e7e0-07a9-4357-8a38-2861b8c767a6,18f0e244-a0a5-4416-bda8-92bad5f01fea
219afab8-a0ae-44cd-8aa4-ec4ebed45d45,fe7b80a6-1932-4bcb-a6f5-53e21f270184
5d6296cf-c378-409a-84f2-fa59508c92f9,326afe8d-9dcb-473e-bf0d-96f8ce7a2ca1
3ce40d04-4bc7-4b74-a1bc-c5180410b636,3131ddfa-486e-4042-8a78-58b99d4e9574
c13e0064-8701-4725-89c8-c5c99875832e,e21f2522-782f-4810-93df-8804ad13ef44
b0c06eb6-895c-4632-a026-9f5a3772c867,a4d3a5b6-cd89-4cf7-82e3-58e3355ca71d
f0bec0a4-0bce-4b96-86c7-e9bffc5c94a1,4a6772f3-b607-4bb0-8024-181168fb5903
db02d1d3-b9bd-4ee1-b927-2b25d7db3a5f,063d8ba0-fad7-4716-aaf8-e7e3c99d2d84
a602923f-afd3-46cb-a074-163a4cc88492,7270881f-ab78-4a98-a095-a7ad15783a9c
90e72efc-d2ad-4ecf-bcf0-1a17d74be45f,bab75fe2-1e27-4220-8d28-8b147c20877d
5c6a2cc3-238d-48a9-b7cc-5f65d00f58b3,6a979aa7-35f1-4d97-bbc3-465b4064ff88
576c1908-a948-4c8e-8135-ba7baec8cd6e,34c453d6-65bf-4319-b727-ce01c94fd54c
c57abfe1-e303-4d5d-a7d3-8e5c2211fa9f,a88a838b-602b-4c06-8ab6-2ebdd318b297
35b5fd3f-2ec2-4d4c-b9fc-0fe68d16a08b,60e587e3-16f7-4227-b6c1-c3411e5c11d1
c231e273-9e11-494a-b781-f0975de7b5ec,6432d4bc-37ce-48dd-8f85-12d756cee075
57c53a3a-fe18-48b5-b917-0c648fe4029e,faa7379c-6159-4f58-b82a-29fb91421e02
78ba16ba-6cc2-4665-a07a-e17678ebc813,09be335f-7288-4dd5-a699-fd694bd1f33d
e17a7690-e1da-4416-b2c1-90be6b26eeb0,e788962d-300c-4712-984f-521f38107d8f
75135f9a-588a-4687-9718-8b6b287cd88a,65c42deb-7dab-4bc3-a39d-f95e1fc0d390
c3a4fdf2-976a-4951-b805-d245169f3eea,9db6552c-f257-4ab1-a58c-ac0ff404e795
d7c36af6-26e1-4b68-80a4-672ec64c36ed,b1516674-5106-472f-a954-874368ad5197
2c5b6a71-b63f-4a9c-a0f4-45dec3b0c2b8,80fc1987-9742-4b47-b09e-cf6e5c6625da
a73bcfe4-3fab-463e-b5ef-b9a51543c6b9,5f81b586-9ebb-4a02-938f-e9fb05588247
f51683c5-46cd-4b89-86d8-a42206f39b64,e2cd84a7-cb52-40f2-8fcb-ff9e90c90456
a618d9d8-d4e6-40cf-8b38-33905d0fd2a3,d08e7f8b-8775-46e7-8a32-bb2a5ede67df
0cd0ee88-45cb-4222-a099-a73668476757,70fa2dec-62f6-4e2a-bb87-b7e5044299f8
4a40111c-0700-4dbe-bf9b-5e59e8adff0b,6d8b19f3-89bb-483f-af3c-33b8d0b469df
a6858ac0-3fd6-4ae5-b638-1b3a13e6d4de,7d3f7806-441b-4a71-8326-88ca4d0b5067
11f71ff2-aeee-46d9-9c75-539344943c3c,a1de8b3f-5f56-4a51-9430-f5c97f9bf3c8
1270642f-4e81-4a4e-a111-6ee888c4357e,67e58f94-cb30-4fa7-9f9c-4a1fc9513397
9ba88d57-1667-489f-80c0-d3ed253eaf69,75a5623a-5663-410a-8ce0-8e68bcf2b6bc
9bbe5a5a-fa01-4d29-b612-c97a3abd1ab0,365b6746-8164-4660-aff4-d7d9a392c8c2
1748d284-8306-4fc8-a21e-fdfcf6b0e234,bcc513e4-0b27-4c2a-93a0-cd0b44932ae3
44ce3498-c6a2-4717-9201-6efb9a7b43db,c23b83ea-03fb-4a94-b495-e7f4c0c3b99a
11775bb2-bac3-4422-8ec5-abb10b8242e0,3c3caa82-137e-4768-875a-50f800003012
782e0c17-7f0a-4792-85b8-9fa12e231a9e,9b2e43da-e0a0-4a94-a315-3f0f20a643bf
aa155435-e1a6-4f07-bf2c-8077d5057ac7,1aa58eaa-b214-4160-8c86-876224b3a61c
da3e2617-d263-483b-a275-b9ae976d1673,4ddc7f76-ef7c-4523-a09d-6f40bfa9cd37
ec2e3a09-8ef1-41b5-93fa-d2e75e51e926,a833ea36-1d34-4e19-abaa-fd3078ec530b
2299cebd-0183-4cc7-b882-120a9f3b62a3,bf91ac82-01b8-4357-bad5-bcd6fa8c0fb5
5a79388c-20d1-4639-87ad-464246d6a7ba,4992f27f-2fc4-43b1-ac56-ace7e6ac8cf6
92b114a6-445e-4a64-8ac3-0236ab08a0f9,1126c091-55a2-4955-86b3-d8eb5ff7194d
78ba16ba-6cc2-4665-a07a-e17678ebc813,5a5a2c21-5353-4bc6-a812-e66caa29f187
e9d6435c-9f59-47a2-bd43-83de3e75c815,62ea630a-245e-493d-9efb-817700ad5639
cdc6bbdd-1481-4c37-a6e9-417edcb9b7f3,735617e7-3501-4a53-973a-fe2b04b60324
57a6fd68-f507-4caf-9517-a86a49bd31ea,c506563b-5136-4506-ac5c-dec215f539d2
7a9d6694-632d-491d-8f22-f5eddfd24624,a86b1a4d-446a-45c1-81fd-7b1b913e0e3d
5f930949-c75c-478c-9f64-63790f7abb2a,c7364c38-df97-424f-9cbf-208248a9ff9d
9d09a0a3-a773-4e51-8cf7-03a291f3a31b,ee7740a1-c1b3-45a9-9160-f90f46e83a3d
92e6fa5f-e1f0-44e2-b998-dccacea5487b,50b25ae8-11a8-47ce-9820-a13e807d16f0
bf1875c2-9b9c-45cf-ac80-491c92f90646,8eb17b51-43a8-449b-bd4d-a95daa36127d
34eff941-10ab-4a95-b942-31d585713030,de334cfb-ec3f-4f93-bf92-40c886f6996c
746ff402-86c1-42c8-ae95-d1a4f3a3e6fa,a34a41d8-12e9-4fef-816d-e00bcab95d42
7a24aea4-fbe1-4b42-b771-58907fc6d2ea,f617f376-4f25-44ef-9096-0b2d5619ae15
6fb8716c-5b41-4333-892e-48e18613687e,1c4727ac-a516-4b75-9d58-b8dd26c19189
e3d3944e-3713-43ab-b0c5-37237d7a601a,9da42027-9037-47ff-9b23-02e2c71d83ad
e25781f8-37e3-4ee1-927a-31326f5061f0,3c0bbcd8-069e-4809-8634-636c35e80da3
7bfce0e9-4b20-49b8-a983-69f681f974a0,b7769496-1cdd-448a-a8cb-af934a2d888f
7b07cefd-e30e-4067-8148-d92edf1ca438,1d358522-5bd5-434b-94e2-78322844995d
5634de40-463e-4c4e-85b9-7f33e177119a,249b6196-610e-4ccd-a62d-601ca373f7cb
4099ca2d-d1f7-461c-ab45-04376ee7a078,555b19c8-6817-49d1-89f8-93f79497ee61
743798d6-0518-4d07-836a-e22ea4aa3814,99025227-62a4-4198-a315-39f285103b1e
ac7f55a7-9018-47a4-a404-da3557773af0,4ddd9638-d95e-4a74-ad84-b6d798fc0b63
427230a7-a425-45aa-9416-ce8f958daded,7e9186f7-d4db-4cf4-9200-817689c72bcc
8a2946e7-e887-49b3-8c39-d0064940addf,a71b1180-df12-4ad4-aff0-3b91bd25ab9c
028bbb6f-9d20-41c4-bfd6-3e4311902483,d8a5211f-e5f4-4a48-95a5-c308c91fed99
ade8522f-54bf-4b39-86d4-1a2b2752cb35,8dce1218-a5c8-4264-a88e-b4728a831387
5db40a7c-64e0-4ec3-a018-3b4ed47c1737,8b34507b-f14f-4323-9405-568f7acb35cd
71848190-c7b9-4450-9518-3fbea17a6fcb,09e9ec98-9658-4812-a369-8036b408b8df
2e041a1b-42ec-4d2a-bb00-c5326511b962,fcbc3a44-ad62-47bb-9c84-23a74a37fc78
11775bb2-bac3-4422-8ec5-abb10b8242e0,36a5e913-8e80-430c-b320-bed4d144f134
c94b957a-3b58-4507-a0d5-e484a094afa4,2da84133-589a-49e2-885f-e55f69a89687
fe3a5cfc-3c01-4f73-a5e8-b088ad912589,fcdfe795-4d9f-430a-82ae-3805eca111a7
36ffad31-57de-4b0c-8c30-43885f33a7a8,53527ebb-ea89-4d05-a894-661a645e20da
84a75162-7da2-4b26-b7f2-cbed8746eda1,fbc7255e-f07f-4a31-b048-48bf4dd27176
81fa738c-daa0-4c0f-aaec-4337c054a06b,0aee7ef4-d9e1-4559-b268-0383586d3c51
8506f99b-6e64-4c98-a7d1-e688c9f2a986,740fa9e6-dbe4-4432-8a24-dc6a44c8772e
5a2d2b5f-0aae-47fd-8484-204cb89aa019,caaee634-5e1b-4a4b-bc31-357bee2a4c29
47f2d4ec-44fa-462e-bb5f-676975aa66a5,9a785c87-979d-42f6-a5f6-5fcbf6b2b1e0
5767e917-5e58-43ef-9e8c-7a45dc0af30b,9ccfaf23-8d08-4281-b32f-74a935f941b9
9e3f3de5-b903-4e62-9c9b-1309351ffc19,1742f746-9338-4098-84fb-30b156fdfb3c
c35b3cab-cc0a-4f68-bb4d-049534cab167,e712c3a4-d4f7-418e-b5f6-a377565bde83
5985176c-82f0-4788-a6d7-a2c1e32a94a3,06ecfb6e-e194-4ae0-8476-121b5686ebe2
81988bf3-d0c3-43c5-9527-17c7bef36829,d44b6d8d-3d8c-4662-8b2d-be13a28a058e
2f44862a-195b-4c67-81e5-50e3b4f6719b,b0c9e41e-76bf-4e3e-b847-234abf092844
3796f8d0-bf93-4339-a022-3ef677e0856e,a2aff1b6-315a-4f65-9545-4b61ad58348a
f8ee2b3b-c3e1-4c7b-ab6b-253ccaceefb2,4ffd0e1c-a2d1-4da5-9159-129b53cf284b
bd1471df-f2e3-4229-b1b0-49c64cda646b,d82148c3-4759-41de-a44b-811bc11df8df
a7c97814-0afd-48cc-8007-81eabe8be993,763cff42-2c65-4f53-b058-d6df2dfcc3f0
6d4da253-816c-45cc-8389-b2ee63f48f41,4c30d8dd-5fbf-4d49-a984-ffd3e10eba81
882230c8-a724-4ebd-91cc-c71f0c206da6,1c98b1ce-568a-402d-a51d-08319b590e1a
c79de42d-05b1-42e3-a0d8-7a1de50082d7,2db22d11-889f-434c-8ce8-0d24a98b2352
59f77507-715d-40f7-824b-f0c5aaddb548,41d9bad8-75fd-4d42-9f3a-f5bac852edee
4b6463e9-96d6-42e3-82d4-a79c485c3c2f,dd86881e-b140-43df-8120-b83dae85f641
6cc4434d-1365-47a1-a93e-1709407efeb3,37841d27-6f76-472c-8396-80dc82a89f3b
94d76ba2-8012-4ce9-8811-55731d3546fa,224d5699-a023-4283-86e2-dca10b87835f
95eb123d-3916-41d8-8ccc-39aafcc2da4b,09be335f-7288-4dd5-a699-fd694bd1f33d
415f545d-e876-40c9-a10e-e0a7b52e94c8,df5f6fb0-d1a2-4af4-bd60-9d8c5b4a44d6
f785f563-8550-4b9c-9bfe-bbafc9f2f429,eebd1582-38ba-4cde-8f06-9ba14b2124d5
41d98766-fc66-414e-9fc2-4e299a44f78e,c4f0ccfa-b8e6-4d92-8708-1b77448c891e
473d1190-14fc-4ad7-9bc2-a457e80ca284,1779b7d4-18f6-45a1-bb0f-408d3ee6b4f7
8b31591e-7015-43a0-a82f-0cf3e69396ab,17fe3631-8aaa-46a1-8ca9-44d9ac6bcf57
300af456-e6d7-4751-af08-bed141ad018a,f596ce7f-1de0-4c19-866b-da0e82f5fcad
97e52e4e-d4b4-4cb6-94b8-c9b90235f7f7,a655325e-3754-4133-b42c-51c8157f1d7b
59cf3ef7-a347-4cce-a0ad-9a7afc68a51b,42951dca-6602-4bdf-ba37-ed1c736296c4
d549a03a-c9a9-415f-a1f3-e214b3f55fcc,d285b919-b3f7-4eb9-a376-9915d821bc01
b22345d6-f59c-42eb-8402-a651ae629593,3c318dcb-14a8-432c-809c-4a1c868ca621
f31eafe8-88b6-471c-a096-634e9e2fc962,ad9e576b-c977-4dc5-aee3-e43c3597e1ed
4aee7327-63e3-453f-894d-8638409d1c32,e5591c7d-e353-407b-ba1f-5d43eae298db
67f4f68a-e1ac-4137-ac34-5b077141bf06,20e0bb74-8045-439f-aab0-c60a00925c9b
e7f50d8d-85b1-4fe4-8750-1e29dbf53a57,76a1deef-b315-45fc-93a3-f6a26e97e016
66e95637-88ca-44b6-be9d-882d873f9bf1,e822f52d-5f6b-4af1-a10c-b319983f1ae5
4bf6d9d0-1867-492d-b940-bff7cd075218,0d39e1e4-2063-48b7-8ef2-24322199f5c6
8ee19fd9-40d6-40cc-8709-483325ddd393,38a7752e-1992-46b6-89f0-c36c2d9af98e
f042ca69-c885-4496-ab43-ed7ee3aa76cc,070144ae-9a70-4621-b47d-e84a3a6f4829
75c37b10-f0f0-464e-b8a5-abf0fb08d75c,e944aa26-de89-4a4e-858c-604fa16bb2aa
2b6375ba-0f9b-4262-b164-73158360f945,cb2d35c7-688b-4553-81bf-33c981aca3db
620629d5-1b41-4ee7-8d08-4e51fb07d52b,c5f941d1-0ddf-4fd0-a179-c753ad8afdfa
18e199b0-099e-4b90-8552-54c53287082f,ce7b106b-4142-4a16-b8ac-25459bae84d7
b9ab5cf1-612d-49a8-b879-490fcfce1bf2,e29d27f4-7108-4bd8-ae38-27dfb9ca305b
444de7c9-9709-4b18-96ba-9495e9fdd28d,56a052cb-f916-450e-95d7-8da95261b54c
7c15ea1a-3cfd-49c5-a57b-ad43d2d31b19,51dbfd00-285e-441d-be31-9b83d3acee8a
53606970-c326-46a9-897e-18bc6f621963,71edb1ad-d987-4441-97c5-a2c6e687368d
98aa1d41-5950-448c-b7dc-18fe3eda34d6,e5c3b3ab-276c-4311-aac0-16fdfd9ad2d2
bc46c5c7-848c-4f31-a9c5-4aba0fe01b5d,87558d82-7e9e-467e-a25c-5a55f6636668
51b16470-f639-4df8-9c60-a7fcee7239cf,dd90b78b-1e30-4778-bbd3-86f2bfbe2538
eebb75ad-44aa-41ee-a581-5a1dd9789cd6,e1daa6cd-c405-447f-937e-0f07e1300fb9
d792c785-c922-473a-9b4e-007c55395b95,3204890d-6019-41d6-b48d-0bfe9c3b70f9
bfc50670-edd1-4932-b453-c85e0c189e78,ce3bfc62-e9b6-4a4e-a366-13762da7b7c6
b539dc46-3296-48d5-acc1-fef8fe375d2f,f37d7f55-7f3b-4b94-b242-253d8d676915
de18d9b9-4042-4856-b3e6-31932d033e26,095fd22d-9d39-4398-bbd7-89158f8afc58
e821764d-e0a2-4869-b910-6e7ce0805db7,6ef5c5ad-0f42-4bd6-867a-f39b0bd71577
6249059c-7d90-4e21-b28a-79521b8fb0ff,bf094cf2-9e9a-4482-b2ff-9610e3e43240
c98da3b5-03c4-48ae-bd3c-d5f61d230de3,f2bd892b-edcb-4733-a623-ddf539ee7e58
bf9d429e-6674-4703-967f-93e4a8ea99c0,9c699d26-793c-4bc2-81e1-b92816c73370
c63d8e07-d8f0-41e4-8260-b7f5845b2b24,dac82b81-e283-476e-ada3-bf320e6f1810
21ae96cd-eddd-4a0e-b2bb-ef0d7542cb3a,e345ec45-3c6c-47f6-8887-53d04a3cce49
82cd5236-4542-4faa-8da8-2a95b9fd5d5a,1f7b3103-83ab-4911-8da4-19e780e488e7
2271a3e1-1cca-4f82-b029-4843e0fec3fe,51c739aa-aaa7-4a59-a1db-24284da69791
424425f6-8bb0-47f2-9686-59f1a8a9c718,36c47b56-a69f-4b6e-9db4-1121272514d2
1794fc34-4826-4286-bfe6-6a372f0b23a6,26def6fe-f38c-4c25-b662-83736a1ca0d0
1a43ce6b-c0ca-406e-b0af-ea43f45ed14f,c5d9f7fb-95a8-41ed-a33f-91357180fa04
d9f7d27e-3dd7-4e40-9847-e7783f2ec053,16636e8f-a9a1-4739-94fc-bebb44b80069
8566a4bc-3f5f-48a2-aa36-5e72ec34a972,b9e95784-5b03-4c1b-9eb0-636323ae1208
d820207c-2589-4dc3-b8b5-2b7155da170b,46657a60-2576-415e-9cb9-b35cd994118a
8db5e417-977a-432d-9f48-7f2310036910,54bcb861-0ad2-4847-824a-5f1ec868fff1
09f27bc0-fca8-4029-a259-64910bb62262,c116339f-f4ab-4d2a-aed4-1a0cfdbd45a9
1b3d4f50-549c-4758-b32b-0cbd9cf2d15f,799daae9-1088-4dc6-bcad-edb95c920c66
c2111b38-f4e1-4c0e-8c1b-23a8488272c6,01f05351-fe50-4996-bf85-0f8d268e096a
9396d8ba-9411-4526-ac03-661e42d28af6,4f2fc769-6aa2-4b4b-95ce-1fcb9345ce18
9bbe5a5a-fa01-4d29-b612-c97a3abd1ab0,38bc1663-895f-49fa-8b00-e72b39586511
22c08781-1b60-497a-b08d-ed910c0bc9f7,e4be4fe5-995c-4a96-a5de-c462ea5ff46f
26d87f81-8e1a-4968-8734-9dff3fbb9ac4,cc5ee7c5-b13a-44c2-9b4e-5962ad25bed5
228cacd4-ef88-4442-a1dc-2b25a0cd5781,a5f6e4a4-3894-4bbf-b187-3990c4f949ba
18e7c9d9-ab42-45a9-8ef0-772340fded43,5fab8b34-56e6-4494-b094-79d0790e9a05
70963c09-50da-4d3e-be7c-1e4ae9112d5d,c637ffdb-ace7-4ea9-a364-439df6497be2
47743ef6-eaeb-429f-9609-ddb83aa45ee6,464db943-7d4b-452a-b116-6b44b98dfb60
ceaff4c0-07f4-4fd4-9ef3-fa8d41c9281b,a77a6289-bd45-450c-8c90-9ee25600cb14
e2961577-bcc3-4777-bb32-2becf88b6a86,2c0bd5dd-72a9-41c5-93ee-027d220e22ee
ae0a6fed-105f-44f3-be37-2257c1de9019,0c6a7e4d-d60b-4b38-9723-12d0f30eaf8f
638a209c-e17b-4700-aa1c-fc888e372638,37e6d12a-a371-4e8c-ad9e-c19383a61c7f
41fd5339-6001-40c8-af2b-6a00f39dba25,bdeb55c4-2f1a-4139-b3e2-64219801bcab
9a6f8d8e-912e-48bb-bdd1-ed86a097cd2a,7bbd7f1c-59b8-4ac1-8579-0587b3856fb2
175a8200-37ca-4a53-b147-58226ab8f57e,366e556d-2280-4326-89b9-78b275ecd217
56c1a14f-a91a-4ed4-8308-fbd5c07b4a3f,e26983cd-a1e8-4117-b96c-774cc6e9f0e9
bd0f52f8-b321-4ca7-afac-1336e4bbad3c,04002962-f202-4cf1-8cab-af465d78f93e
bb752e1b-b7de-4f5b-ba29-a188c818f3fa,3d7379a2-0e55-49a7-9cee-14fb7cac6eea
f3b6bee6-d227-45b4-a938-3cb737661883,3a6bf12a-fbc2-4631-a9d8-bb11ca234139
fbe95df3-8ccc-49b2-b3a3-cc3757eabaee,e7de5867-4623-4512-918b-806794d3c648
6c667f55-e7a4-491b-9332-a5dea5eeba9f,c1d0dc73-81b3-49c7-baa6-409c57805eda
42bdb28b-5502-49a9-aab0-d52ce3378f4e,2d2f8532-4df3-45be-976a-a25bfe6a1fe6
ecb6b180-7b46-4ea4-bc45-000c0648dc99,0fed4526-0de9-4a65-a131-02e2de3ef3b9
3e849f21-0b62-476f-896e-2e825f406909,8dfa4773-29f3-44ab-901a-8e892397aa3a
cf1b5b33-da0a-4d51-9cdd-23cf69d4ae07,b428aa98-4f42-463a-bbab-a921b1debe6c
d0365977-826d-480e-b0b3-20d70bad9dc0,de544af2-2cb6-460b-a848-9c1b9b14845c
c6ab5bf2-b607-4980-9fa2-51a68cffc6c5,8b2e5d86-5f1a-4cd6-884b-517cdb1efd69
5e3dead4-74be-4e72-bf8d-0ecb9dcf2b4f,efabaf9e-abf4-4423-b351-93bf6088cbb3
d6e1cbf2-c8d2-4f6b-829a-c1e173c947db,90be03fb-1150-41c6-a71c-dcca5bc19b77
c74cf057-cd9a-4eb4-9f9a-ffbce724a27f,3febe72d-fc27-4a4d-afdc-222848a9ac89
9e64c4d6-fae7-4ec9-9dfe-6b212075da92,25e4ecdd-1ce0-43ec-985a-bf28fc55fa18
35b5fd3f-2ec2-4d4c-b9fc-0fe68d16a08b,aea4197f-03cf-4c22-b27b-e397de63b475
f92b72c6-1d0c-4edb-94b7-e9406d54e830,f7dc3f08-59ed-424b-adfa-2bf023abddbe
7c711850-22aa-4c14-aea2-681f15083545,9a796feb-3257-4323-bb18-e1eaf6d6ab32
b0b98a54-1a29-4130-96ba-824d1edd6a1f,d4d3ab63-3936-4c09-b279-a7ee99975034
ff2b1f6e-863f-42cf-9b39-aff8efa25750,912d0c51-3442-4c1e-a918-eb98e211c9a2
8321b708-5aec-4e85-bd9a-334ea03779ea,c6461518-983f-44fa-81e2-4ce2461d073e
faeebfc3-46d9-4276-bace-07a9b215d1de,f8bc3e95-b0b7-4897-84d6-af56f3c67474
358c3d9e-66e2-4d3f-b071-73c9203340ca,37bbcb02-f893-4cb2-bc29-0931ff2bbc88
4c5a20c9-d070-4a51-844d-14fc3d0a15f4,ecb3e989-9f78-452d-b5cc-bf40ba924c7a
cec589bc-622c-4572-a667-27875cc04f53,33a85325-2f2b-46b8-85ed-cf3daa507bbd
81988bf3-d0c3-43c5-9527-17c7bef36829,3c9ec94a-0fb3-4d1e-9ff7-d1ed1ea899dd
02b883a9-f4e4-46b8-8515-2448150d7b1b,6e3865f8-440e-4061-a39b-56ebbe235936
ef36e08f-bebc-4fb3-a626-a3ee06269c89,c4aeaeba-81ee-43b0-a6d9-297543adb30b
5812f0d5-e95e-4bd5-800c-fd8ca45c80a7,5e2a3155-909b-41ee-a23d-3d87f307aecb
83f9e974-24e7-4063-afda-ceab22ca525f,e90ef36c-525e-4036-b2c7-29b3e201c998
b1a3072d-0061-4014-b90b-5ab7d7b5cee5,577a65c6-773b-47d8-942e-aea22457b7ee
5dea65ec-be1b-44df-bc37-7c7369d2d5e9,e065ba9a-c1de-4107-98c4-6b5baf55c018
c76f0613-777b-4b50-86ac-3c3460c3a2df,e341e662-ac7d-4985-a9e7-c2d45be9d56f
3511ec6c-3d66-4199-8fc4-1f1000b7cab2,6ba9fdb1-be7d-41ff-9e8a-5a8d2c44e00b
b98d0597-d5c2-4977-b872-7468d38cdf0b,e9a720cf-b7ee-464a-a384-a29f265d8995
2b35862c-b03c-4ad6-885e-2c451ea8b81c,4e22d5bb-dbf0-4ab6-9c25-1ad5dde2ef13
3865d638-f793-41a9-a418-c23f2bfc76b5,efde991a-72aa-4392-9274-fbf6da6afc39
d059bef4-2556-4a19-8783-7af45ab846d2,e77436bf-08b9-4cda-9263-bb921f9a7747
5efee081-1963-4e85-92c6-3af75ffa7899,ea6b5241-95ca-49bd-ae53-7ab9637f4378
3ff8a7cf-5734-4f0d-9077-c1b389fffc07,920cf372-7fb0-451b-b6f5-533993f636b5
bdf2df17-408f-4f22-8e47-bb3b96db44ca,365547e5-99fd-4642-89e6-298f608529f6
78a5d3c0-2307-4815-9796-f54dac315437,3a7c0d1a-b15d-420a-98b2-01e5d1e775ed
63124d36-7de5-4e68-84a1-58299104748b,88c4bc54-6ab9-4363-b015-320f8931ec46
f62235e3-b923-40d4-9185-170a01b8be95,a4188f1f-4927-445f-9ed9-3c962259c950
c848085d-e779-4f83-b02e-70c69f3bd311,0a5287d1-cd79-48f0-96a7-b1fafbd74156
38999431-9070-4675-be59-7bd05e1cc486,f71fde8f-0701-4851-88ea-64d75e641ecb
1de91723-e132-43aa-8519-d22227e1ab9b,8d3d0c3e-e87a-4578-8fda-b59000f6326b
e69108ae-bfda-4260-a1aa-f5c24b4f5336,99ca2a43-b4f3-4ac9-8b03-d475df0bb65e
8f348eee-4163-407a-946f-9fc4e3a7d93d,a9fc4d8e-0c9b-41b1-865c-4aab38961f89
0e8db705-eaea-47d8-8417-cbe337407d33,fe6cb766-77e6-4026-b6a8-53d1b9fc4ac0
18b3c7a5-a4f2-46fe-80d6-0db0a0cee382,cd7440f2-571b-4816-8b42-1341b0654a01
e794bf14-ff79-4f26-86fc-f0c1958ffcd5,a2bb567d-19a4-4da0-a0a5-f03d0dd20d37
40f69110-de66-434c-bed3-94340ca73a46,85193fb8-2318-4651-8047-83bd2d5a3ec5
a8aca652-64d3-49d5-89bd-edad00b5be80,39267fb0-482c-492e-a267-3e42cf6ddda9
97a404b9-0f1b-414c-98ed-4bcb82294a72,fce6634d-685d-4239-aa7a-82c46558b48a
b44dfa8b-4f6f-44d9-8a40-5280128032ad,dfdc02cc-ad7e-4282-8480-0ff8a97d1fff
f705ae58-6462-40e1-bca0-3814516d0c35,0f1ad9a8-f754-405e-b05f-84d8065793ff
fdb8b1c3-34ff-4a35-8386-8db68ebafcb1,82f26b52-b937-49ef-a77f-728fdc4ef264
c041d046-fe7d-41cb-9ddb-1c9f10bd8c3d,a665c157-c0f4-4471-b08d-b7f53dfbe1dd
08ddaa26-3327-4da3-b836-2b8073463897,b22b7fcc-b37d-495d-93ee-83bff21c0131
bf87550b-9077-46fe-9548-bd9c031a0f4d,c4da84ce-fe0d-4b13-96a2-88f190675e23
b9517986-db4b-4f12-ba4a-14fb50ec8736,a37af50a-d23b-4b0a-8596-d55ede93cdd1
b75b5642-04ff-4d68-898d-0a7276b7d2aa,192e413a-8598-449c-9db5-43b9e2a83dc6
e5878bb7-a37b-4966-8ebe-f5ae0a74bb75,952ed2e0-2823-49cf-b591-943bf6ac697e
42a1c39e-e35b-4524-9918-311c311bd6ea,99dd853e-4f37-4ce7-9457-9b8a4bd6b037
22ca788d-413d-4c1f-b0f8-028b917f4631,c34df4d7-1fef-448a-a57e-d9a0b9a8f8d5
0c3ad7a4-091e-4026-8816-7d60d31e3ce1,a316827e-c85a-492a-ad05-6f7af64fd914
3a645222-e729-4241-9a47-5a8f2dc9120d,5b843e76-99ef-4cdb-98d8-849d3b8ac14b
64b0788a-9d14-4ce2-8917-531270d4b5ba,bc3c9dda-52dd-49dd-95bf-3d9cb7c4ee80
95fb7692-4f33-44aa-8d3f-a738118d1cc2,a70816e8-e11e-4d84-a7e0-2f1550a9705b
adb53248-2a87-4edd-b66e-b2cc7e985f54,d74896bf-8415-4509-a91a-f1deb2139da3
aa449257-4490-4f1f-9012-cbf162baf1e6,a5d64652-4e4d-4282-8f89-ff0f2a6fd964
2d59e750-b037-4cb5-bb3c-93b74a12f6d3,ed5da74e-7cab-424b-8814-bba39172883a
275502ff-8dc1-4784-9fce-53c8d59ddcc6,ba073986-a765-4514-b7cf-b8b04e551222
03cdfe9c-6f24-4de9-9cc0-3ecb729eb889,bbef6f7a-69e4-48c9-ba20-085eb3193cd2
3087704c-c8ab-4d46-8ce3-0468e1e73731,152502a1-4ebc-4b1b-bcac-b547686fc0e4
2fc038bf-7a89-49a7-b86a-43ffe141cd66,324eca39-1edc-4532-abf7-c468a1b93f25
67eae266-a1b4-40fa-95de-b4d0c763c6e0,89a793f6-55e9-46a2-8b47-9aaf0d9ab8f8
0dbbc95b-980b-4a34-bc13-65f8205db430,a793cd8a-b388-4739-bc1a-a7a5b9c19a03
5fa8cd24-3c33-40ab-853d-f130588d1889,14a4026d-217d-458c-811a-a6b1aca6a640
37cb15a6-4737-4251-8a87-cadef9ed0aa0,79816f59-303a-4246-bed7-1af452c0162b
58f6a68d-ed1b-4254-a44a-d8733db99318,74712ae4-dd39-4bbf-83c4-ec0e4511eee9
6441e9e2-71df-4bed-9cd2-3563071b2ac2,c81a3203-b0bf-4e55-9081-8be0bc3cd12d
855f4210-af73-4dd5-96e7-cf215ee3e3d7,5037ffc2-fe99-4dd1-8eb2-dc4ef3313bc2
7134189a-81ff-4374-b3e9-aebe994b4b68,6d326934-4988-4090-9ba7-a00293faa955
8c099c24-625d-43c3-b782-6104a010b397,bb237a49-b791-4805-b164-ab2c7e72803c
e55790b9-1392-4045-82e1-1b231edd0d12,36de147d-bab5-4f62-afd0-ceebe5d46134
de8b0f75-f2ff-4fc8-98a6-4d17b0b2866a,2b307a77-c343-4d1a-b923-080020d08a10
29de7384-e7b2-4aac-86a7-de12e80e30ea,d3c49de0-2ffa-4ed8-ac00-9276f74d7431
62b2d03d-08f0-48cc-8816-6a4bfc98123c,8a5e3b14-1ef0-42a7-a40d-d92b0ff41327
ae400262-4d5f-449e-916c-f62e5eadf9c2,a97a4dec-4cb2-4ef6-b126-262538352ddf
db69a43b-9cf2-46dc-8f74-4bd67304dc28,9cf583d4-0671-4d5a-a3b5-6b1bf576baad
18d6b6d0-9f66-4dcf-9168-5f3a95abb439,ddb34525-6cba-483f-a601-821b97afcc69
8e38ec09-3434-49a9-9d0d-708dda1b677d,06895962-e3ea-4bc9-9794-fddab128cfea
bea69899-6401-4f37-b49b-0f643afd85e7,5d720cda-bec0-4479-ae75-d0fd91d989f1
c31482fd-e6c5-4365-980a-cfb1669d8aeb,77dd9478-bf37-4a6f-9a8c-bc98d4d04ef9
6ebfe24e-f8cf-4faa-b6b0-6aa3d6e561bc,9b04d2d5-907a-4f41-ad91-81ad52d14103
055825d4-2333-4789-85ce-40a520f77bb2,dcd0003e-d475-4223-a0e7-96e1492c21bd
9656445a-2f34-459b-98d0-c912d03f784a,1bd16501-8475-40ee-ae18-d8815f9f547b
a66ab17d-4d6a-4231-bcda-2441f2643a09,5a692416-8190-4891-b216-4b7afd6fbbdb
54c9edf7-a6e3-48f9-999e-7485bd3de4ab,b317b490-4d77-423a-998d-52f0628d936d
2c49e661-66e1-45c5-b2bf-000aad34913d,1d353bda-b066-4646-b954-f326a34a897a
5cc44268-b0df-4425-87e1-bfab2b5d1d75,9b1c8fab-55a4-4b89-8118-a83ea0cc0338
66609951-9b3b-45c2-b2b7-c0cc0d1b0d1d,36f7c8f6-c50b-428b-884f-b1b374787c8e
d4fae58d-40a6-4b21-959f-b7ba937f1ac0,98fe2e4f-7f6e-42af-8df9-6baece71fa6c
08de6df4-9985-4615-b4d3-6b66217c848e,341a0fcb-8587-4b45-adf0-cd989ca4536c
eccfe5d1-e69c-4295-9da0-6e15c5a5f445,1bd16501-8475-40ee-ae18-d8815f9f547b
5a98a76f-b525-4a3b-a312-a885dde1d142,31170295-1587-489b-b883-79af7309d25a
3a058cde-488d-418d-a6cc-a0425ae01ecb,eebd1582-38ba-4cde-8f06-9ba14b2124d5
61c45688-75c6-4e00-b3cb-dee02690d293,af1c0fd5-e22f-44c4-ba9f-230c0fa0d238
93577183-b810-48f8-91bf-23206ccd3e5d,9a785c87-979d-42f6-a5f6-5fcbf6b2b1e0
ee3f1b32-842b-4d12-876a-f3fad40d6543,c240f479-1cf3-468f-9609-5874e4426707
4bf84afd-ab3c-4dab-aecc-17d628ea8001,5e0a53bb-4fb5-49e0-bfc0-26b697340dc2
89e7224a-e252-4457-be95-49f0c1631dc2,877c6162-5e28-40db-bb06-8fe754a3acbd
9c4242d6-3581-4670-a408-4d5d7d42d848,e67fe032-76e4-4cbe-8d45-80616dde776d
2155c739-430a-40be-bd9d-1744ea2883c9,6447a22d-2eee-4b69-a430-dc5fd81d97de
ed82ffd8-a6eb-4237-a920-4fd10398b98f,8fa92dea-ee33-4d84-b3ed-2310db366d07
c10b5ac5-62c3-44a4-ab18-5eed88f985b3,6d496dc1-542e-4b98-9460-a1d870049bac
f0730571-c41b-4e93-ad44-dd1581081bd1,12aca071-09e4-41a8-80a7-2a0b9757b7da
6fc44409-a9c5-497e-9a2e-18070becbe1b,1203071c-f56b-476e-b28e-fe8c7a1065a8
64e76ee3-a092-493b-a180-99a2b3609b53,d1ae2f53-65e2-41cf-a18c-155f192dd94d
fccb7f65-5d8b-4b01-8297-293ab5455539,3471f565-d890-407f-96f6-d024ec302eb8
3ff3ea5c-03ba-45ec-bb82-5d7ced95647e,7d3601ee-b77b-45fb-b4b0-92ac3bc43d15
9c15a0f8-b7f9-46c3-ae84-2ecc1d872c2d,5e1e2746-eefa-44e8-811a-c996aba8bb9d
74e40856-d7cb-4f01-aae0-96a363778e81,7c22c04f-c863-4229-a7f1-9455467c0c55
629dfe47-77cb-4411-bdaf-e71f7179867f,a6cfb5e0-b81c-4102-82e2-ce84b3b3aead
f5f218a7-c2d9-4f30-9bd7-37b6267983f5,528116d0-5714-4fa9-abcd-d9bf31e9ffdc
893fc900-e96c-477f-8c41-0df3f4444c12,1d353bda-b066-4646-b954-f326a34a897a
1a5da4f8-a379-4766-acf0-9e5d909529d7,681be35c-f09c-419c-9b28-18fe6cf1b2af
ac64d479-70c4-427e-806b-f4fe905777da,ab57ab80-b2d9-4dcb-9860-c199274609fc
6b4017da-483f-4251-987a-012272f17618,21387bfa-911d-412b-a1d9-0821bbc1b8aa
2a40bf06-5ffb-41ba-963d-5b78100e5876,94b548e1-c839-425f-b5cf-8f7b410182e6
47046a49-8d47-4ba7-bdf8-c4095647eb6a,adb990fc-8a45-4206-90b5-cf29e15b900e
310d6847-e6a6-4c5a-ad86-2a29eeb13f62,8df2bfb5-bb94-4664-ad0c-17cd5fa495d4
dff98a4c-4656-4721-9679-a8432c602bb9,6bcbc702-da26-4c04-b5fb-fd54b43a1e61
20f475b9-9b88-4926-b8bd-e63897de999e,76d79b76-7a4c-41a6-98fc-85bece9b50ad
fbeaa9f9-342c-4f22-bd6d-4049b4413418,a5388615-f8a4-4d58-875d-034375a7b88d
18e199b0-099e-4b90-8552-54c53287082f,4ce20ca8-9e4f-4e09-b7ae-bf805c481ec6
59042613-3c6a-4fec-aec6-41a5b8d27bfe,6facdb4e-4263-4c67-bd1b-09b28df7ea7d
ab21ebcc-a2ba-4d19-909a-625646d78d0d,a08c99b3-ed43-44f6-a296-d776bd2eaea1
8a32ff1b-d448-429a-a3b2-e24e00debe1b,df6b33a3-fc30-43f0-bbe8-07b246b7629b
8a2946e7-e887-49b3-8c39-d0064940addf,5617a36b-2338-4cea-bde3-58aa1f134153
777ae825-7c2e-4830-b7f6-e69e988afbb0,9db6552c-f257-4ab1-a58c-ac0ff404e795
0287e4b6-1eeb-4942-ba11-17303f184f84,5b558b73-90c1-4618-aeb0-9995b5b0195d
c608e68c-2dfa-48f5-94a4-49edb6e9ac86,ba79b73a-2dad-488a-a5cf-11294458eb99
b504d16f-8bbc-49e0-a358-f4226cb0cb18,b88a63e3-45d7-4f33-94b7-cf818cbf317d
87e7cd0e-9683-4657-ba0c-81f5de22b38f,d85e611f-ed9b-4fa8-aef6-76ee1fb77901
d96f9996-5df9-4c1d-a211-4689a5f6fb26,926617bf-ce10-42fe-927c-a20e38e3fcce
7a98b61f-8053-4fc8-8000-25041defa180,5be39798-c135-41cc-912d-bb5291aaf18b
afca6116-017b-4f3e-ba1c-3270d084f9ca,6de1bab1-644e-478d-9511-a9bb183e7af5
66cc76b0-ed18-43ca-baa5-09582787ed21,968aee90-7659-445b-b81c-749f43425046
75f6326d-7754-4548-8986-12e5a57f249a,7906dea8-0843-4abf-8faf-d025fc6f156e
b3eb44e9-f922-46db-a12f-79b42ee50b52,dc74e1d9-7cc9-4c44-b3ea-405d5c295364
f32bb99c-d3f6-46fe-9679-21edb06ada1a,6167750f-e24e-4e5c-bde1-b89e86e25798
cfc25318-f11b-4409-8eaa-7c9d98cd252c,e34702a5-cff1-47a8-92e0-73d58525cbd6
d2b8e854-ee75-4d57-8666-3ac52cc41f22,8f332420-2692-4de6-baa4-3b6ebe7b22d9
4eaf9eed-0e59-4fe3-a322-a45b76c99c71,cdae466a-753f-4cd2-bde0-9047d6b5ece2
eee02823-9942-4c90-8d9f-35d58bad42e7,a81b7001-35a9-4e11-b070-9a68c1927139
37f81c4c-1586-4476-96f5-4161f9682aad,d8c2f9ef-57ab-4869-9fea-0f556f60ee08
96b96183-d688-403e-afcf-7b70df9febb2,b4d38a9f-6d8f-45b2-823c-27819e6c0d24
93549405-9384-4929-af61-c332ade192ca,7e51e309-b348-4d9d-8b55-85b21a76d885
3dbfb679-d550-4f60-9bdb-4c721861e6da,8e79d097-05c1-42dc-a8c2-a3926f47df75
0d4abed0-f9f9-4905-96f6-40f9dabf8a94,1e09ed17-e12b-46f9-a58d-42d1c4272567
faa9b5c7-cc91-42b5-b39c-517703bc46b5,ac492288-ad23-497c-ac39-809a4a2f2d26
5f680116-5903-4374-97ea-c9e639acb4cb,23322c6a-f6f7-4f20-90b0-50ac843c6c3d
1bb4cdb7-fec8-4076-9374-d415ec6774b2,8a5cddd4-9921-4ac5-8279-0f8fab16b5ae
1a1c01ad-d0d7-459f-a016-fa712f7f59e2,d20c291b-001b-488a-bd0f-716871a1499e
9c15d9c3-8f51-4a5d-b1d6-3c7d44fd7d54,93541156-3919-4759-b3d9-d257259eb148
4118df4f-3954-4b87-82cd-c33641d381c7,817f10d2-cf45-4fb4-b97c-ebfe7477a78d
e7db42bd-b1a3-4938-8091-143bf8c932fe,c8d401cd-fa28-48a5-a73b-ba70ad08c927
2465bf76-08dd-4866-9fd8-681918822fd5,d629a203-bacf-423d-968e-5763ebbbb0fc
3cf06a25-9228-4b2b-8ad0-b6e672c47da8,a00f0aaa-4697-435c-8b77-e818417e9c9f
7f84f46f-1901-428d-a75b-023cce1a5083,5f3d1935-37b2-48de-8ef9-a29489c56a52
155ae26c-1f0f-496c-9632-d0f7c72ba172,79f0ab88-9bcf-4136-abea-97d368efd7bd
f91a4774-5bc4-43bd-a97c-df0560ebe9fa,60fdfc90-6b73-4cce-922e-8801a13e3cfa
25709b71-862a-46ce-ab5c-307297cce617,902b3ee4-eafb-4111-863b-54de75fa4f95
14bddd15-846d-4c35-af02-bda95ea78933,f84775d0-4136-4f95-b1e9-56c6601e469d
d1499b0f-8d5d-4788-b8c0-addf85b7b715,3eb41d63-3c1b-466f-85c7-39976f210dcc
c79de42d-05b1-42e3-a0d8-7a1de50082d7,63a224c7-4960-4517-bdb9-0e88bc427e9d
f8057523-c9d9-4a29-88a6-a5dd7bf95922,8f358f32-3553-4df0-a231-16fb201b884c
efaae7d3-f792-4257-8faf-676a53fba0e4,a1de8b3f-5f56-4a51-9430-f5c97f9bf3c8
de92512b-2a5c-4a7c-8b2c-9b789daefcab,7c384288-b987-4bee-869c-c33495124855
24a8d5b3-d771-41c5-982e-9a3e4ed9d525,c0910136-f92d-4ffa-aead-b692abc00a12
2ed8dbc0-744c-4e6b-8566-77e5d03cd8c8,fc0f0e03-cb56-477c-a94c-efd2c809c775
9aabb6d1-f8b8-4992-959b-1f4088b5a636,73579c36-3fcf-4530-8b46-e60447592fa9
5675f847-1b44-4689-841b-462523c0be12,895806d1-4dfc-46a3-9e30-78402d5cf6f2
38204d3c-6c30-4a3a-a865-50519f01983f,1f7c80c3-041b-4fd6-bf55-f4faca411d19
d9a93daf-c858-413e-8cdc-c58f77aad7ce,1e4926d2-b597-426f-8aa6-887f770a1d63
981673cc-8a96-4eb8-942d-e5f6da36ad0f,43806e28-6680-4d4f-b5a7-e2ad5e00f1cb
24e6117f-0929-4726-8b2f-cda03d7d482e,a4606128-0c4c-4c8b-8656-0cbcdf09f887
3c1f21bc-6f47-437e-a36c-b74d2521d1ea,f9a45882-1a3f-4a65-9510-95e4a7d3d486
e6cd804f-8458-4223-b419-a91fccef9278,fa52e450-04ce-460f-9df0-b983478d65d9
8be32fa8-5564-47cb-b141-c542414d4c39,388b7bd4-d7a8-41e3-860c-6c30e453053b
454c01db-8254-462e-8f48-9e21d099436f,4875b841-5fc4-4cb8-9222-f2ecaec02cd2
6c069ebc-b5e9-48bd-9aca-f0d98480b765,90490c75-36b6-4028-89af-e316da58bd27
e2067f82-04c4-45de-9fa7-635fd44a418f,531bb3b3-899b-43e7-97d2-a34dfea1085f
20e329a9-33ef-44a3-9301-0cf2f7b14fb1,6814d1a1-068b-41a5-8cf3-5455349ba909
c63d8e07-d8f0-41e4-8260-b7f5845b2b24,861e6ca4-7ceb-498f-aaba-3673e9f5e18d
bebb216e-c566-4f4a-b5a1-d4b8db6549a7,6785cf22-e77a-4113-ac1f-a9fdf7b592df
828e7a21-434b-4a44-8f6a-815cefa64cc6,d85e564a-c431-4cac-b2cf-0f1f2832b1c5
366afd29-3090-4907-8779-7d83b39bd6b6,ce3ca8de-96c1-4a71-968b-51d35b96914c
584dfa2a-6180-442a-90ef-811cca7cff82,11c0ab44-8b48-4172-a832-73dcdf6e8739
c326fac4-9114-446d-9bcd-a73d36a957cd,7cf92bd4-9e8d-4c7c-9b79-752b661fdf19
9845cfc4-b3dc-4669-9cb9-4c66ca77be7b,8af4c7be-9edf-417f-84cf-f57fe51b3721
f58d07b8-e4b8-4add-997e-e2d7949fadba,ae5eaabb-10bf-4996-9f51-f10b779526e6
21dce958-7438-476e-85cd-35f6a56a3600,ceda4c3d-d61c-49c3-976a-3cbb3f84f65f
cf01bd36-e028-46cc-873a-31ec186a23ee,b9079665-8e20-4bc9-aeb7-e8f71ce2381e
3e849f21-0b62-476f-896e-2e825f406909,1747d303-d69f-43d4-b76b-a1e37620a514
f9946399-11b8-4132-a8b1-47f2a95b6545,4a9129b4-a29f-42a8-a109-7478431282dd
6b0928d4-ef17-4b82-8ddc-fb7d516ef14b,0c7268c7-1570-4df1-a9ae-c11828057e9d
54b4f359-c334-4e7d-9bbf-537abf55e09d,e35b68df-9e12-4972-a822-c7075e3a27dd
144fbc4c-b8b8-4910-b7c1-fb0193854fbc,fedd11b6-72aa-4bf8-8116-f7686b2528ed
208bd78d-82d4-4bae-b31c-dc79ba0e14e5,3b4a5406-750c-43df-ba5a-b135e3ecaa24
f8ab3a44-02f7-4acf-98ad-544506cc72fd,6edd22c2-c29d-4aa7-97bd-318c7afb55f5
1decae39-2388-4afe-a941-ae5035206e0c,3aa3b44d-cfb7-41a7-a428-678bdf1297ee
8f830fc6-8a5e-4b94-8bb0-298c1c190dff,41b8015e-33a2-4813-a579-d25853be7a2d
10737e61-b6c7-4f38-818a-d3cf472d1f5b,4748c223-b327-4ec6-9d1c-b73013dd27e8
5da92fbd-8c30-48c2-ae5f-dda597bf5528,33fba760-2a2d-40a3-a71e-e574492b9620
4600b6d1-ef47-4a17-a697-97ee5edd98ec,9da2c61c-209e-404a-9e27-038457a04a7a
415f545d-e876-40c9-a10e-e0a7b52e94c8,4cc48dc5-1e2f-412e-af40-d187f12f18cc
c6546cda-203f-4953-852e-c9b720fd5070,bc03e334-141d-45c5-a971-298d4a13af35
242cb3ac-c35a-4fb0-a9e3-cbaada1205fe,925a27de-8d1f-40aa-b518-925a3b35d15e
a3a32c9e-1498-482b-b88e-85a7d4ac7d06,3fcad43e-0681-4282-ac6b-698fc8762717
3ec5b400-82ff-40a7-82ba-5b9f7a952322,9fbd7bc7-645f-4106-a2e4-a5c6ff98d5f1
ba91630c-0811-48fc-bce2-ec15e2ab4371,bbe7d40b-9ada-4d01-849d-02df07cbaf2c
53490f05-0b32-42eb-bd30-4ea683a03425,6749bb24-da5b-4ce1-9fde-1e7c076c8984
bb35e841-eaea-463b-83ed-83afb73616d5,7c22c04f-c863-4229-a7f1-9455467c0c55
5e77ecec-a547-4c17-897b-a25a447735b1,e96bd15f-a48f-4d03-ae71-784faf187e65
fcbf8abb-6fc6-4c85-9b26-c910c0343c68,87e7b4ce-5b92-4750-a970-917f1333c58f
4a9e1a71-9aae-4847-bccd-19b910c47d54,04da03e9-150f-4fef-8808-cb64a576e305
aa94ca64-2e6f-41c7-a042-015a8d46116c,dc878d2a-b3e0-46c1-8edc-a4d9bb34f7bc
dc6e3aa0-10ae-409a-9543-cdaef1d82052,a744086f-f38f-4705-826d-be22a966b018
069f533b-ce18-4cd4-aa3a-94c1b9b27887,f93dad3c-5b34-4616-9c11-61a3df68a5ff
f8db7a02-08c1-46df-afe3-0b69c6905a00,97c48abd-4cf4-4079-ac36-792a5ebf86c1
f8ee2b3b-c3e1-4c7b-ab6b-253ccaceefb2,863ee755-608c-4443-a896-7bf524392762
76c24320-44d6-4d7f-940d-540cd9674867,c606c164-981e-4069-bb2e-2d5ec6431bdc
8ac01877-8db2-4a56-86d0-246f41fa78f1,f3042d44-4530-478a-ab5b-f64ce88917e0
0ebbc90d-5168-4d02-9e37-1bc700edebbb,fbad62ea-d746-43f8-8ae8-c3360a21249f
0d6b5ec0-311d-46f6-b341-860ce0eb1b33,982a7178-8db4-4803-b8ed-818f484e1251
b3adc28e-5c09-4e08-a8a8-43e51c983e27,61e562e4-5bd7-451c-9269-a5b08c360132
d9850663-8a85-4b8b-86ae-693791e617a6,43b3368a-b159-42b1-8945-cf3e3befd064
c0fc06f0-830e-4136-82d1-fa14c2103305,20ef2161-81ce-4cbf-ae0f-3f860cabd7e8
06956486-7730-4d08-a3b9-1194bac352f7,8155483f-ecbd-485f-b2c6-6f995ff9377a
166244fd-c232-427c-aebb-b513307407fb,06e5794c-ac04-4cc5-b212-5dc9788d610b
b58f99d8-fdf8-46a8-bec9-5de08e13038f,373a121c-dd0d-441d-8cc0-4bb19538cdc9
7869fbc8-1f36-4c21-bbc9-9abcf3d6bb69,5cb68a51-9aef-4205-9c06-30b0a6c40de3
bc4f9677-3ca0-4bc2-9053-f1445455fd90,fb42f7e7-6040-4799-97a3-3151c23dabba
5dad75ad-c6cd-417a-bc45-e82dd1406016,5f11a0a2-7896-46f2-a580-74764c586b8f
7623997a-5df4-46eb-a72d-70be617f1e89,59cf7d6a-8d4d-42bb-b98b-d539d2de9753
3e631e13-2ac0-4185-a872-c7d8d2cc0e1d,bea80bd1-0da3-45ad-9f72-535806e4b612
e191d4cf-2b52-4745-a83d-4ae4bc89c8a2,3a92f487-d329-47cf-92d1-f74fbb694812
657a51ed-5e47-403c-aec1-d4e90434b235,334419c7-bb44-4674-9e90-abbc1cbbc29a
55e29f7d-0db6-45e9-a358-ba250d4e33a9,93a63194-02c9-4141-87a3-aaaee5959518
97c249ee-9618-42dc-8115-c5d26ec1526e,e4fbbbcc-50d5-43d5-941b-f3cfb4e6b705
e6086814-377a-42ad-aa2b-ea1a0778c1c9,16829bd4-22de-4f54-abbd-e763496b3d7d
d74d1a4a-8abe-4375-9834-548bc4bcc1b3,5169dd1a-891f-4640-94c5-e2bea2fe35a9
e4411e63-85e1-4d09-9ae1-a9f27c33548c,641cbfa4-e724-43ee-9a92-8682687197e0
26e797b4-6135-4d7e-bb36-ec7311d09cff,b245126a-851a-4624-81ca-f5523f4b469e
a43e665b-bd13-4743-a3ce-e736c02af7fc,8cac033f-1891-4a06-a01b-df546ea190c6
ce111777-5860-4e59-b131-ada63cddd473,86fdd74d-924f-4a17-a66e-8160c7f650b9
13ad6ac2-4d5c-48df-910c-abe2d0a2aec4,d760d399-5df9-46ee-acff-b2cae590354d
66a40acf-aceb-42b0-b416-a28e6f0c4b83,a5f6e4a4-3894-4bbf-b187-3990c4f949ba
f78c0e9d-ea8c-4157-9f0f-7f38465b6749,7062a28f-f930-4baa-9de4-01ce7c8f6864
003a847d-73dc-41ab-afc0-34706dc51fa9,59967d44-4d1f-4dde-8cc3-5e1b954b60be
833de925-0ac4-4a94-bbf4-637ac5ccacdb,b11baee1-fae9-49ba-89f6-6cb7eec4ef7d
1ab94d67-0ccd-40e3-ac04-b13dbbe81683,f9e0d1b7-a6ba-4b5d-8e86-2e1e5a857ec3
6cb0e3c8-9dd9-41c9-96f2-c6c2239e7c9d,0b953a2b-1f4d-4063-9bb8-ddf4faef53ee
ac143513-9763-4368-a895-055caf2109c5,158e081d-cb3a-4de2-9e6c-cd1776fc4602
dfb78e10-b8fd-4b82-96cb-d2a533b09993,79f2349f-e8c4-4805-b72d-2d6a20ecb263
73411395-d693-46fd-8293-056fa6ef6a36,cfca327d-636b-44b5-bb22-2df6653ba2bf
7bd4aeac-2229-4413-b1d6-8a044143cbbe,b0a2925b-56b3-4539-abfd-13bbebca325e
aa96aab5-4090-4e4e-96b3-804cc791e0e9,9085781e-e00b-4dda-91bf-084ac2a98ebb
98d51553-c899-46c4-882b-ad42b6911ef2,b50f480d-f281-4b0a-89dc-3a2ef50020db
c5ccb6fb-402a-40c3-ba80-7fd48fec8f1b,ff071ac9-73eb-4d7c-8568-15fdbb8e4fbe
d619c206-d6a0-497e-a5ae-dbbb990bd345,50d964d4-505c-4209-a5d8-83b5d11417a3
590e6b82-5caf-451d-b326-9244b294204c,eaa73f2b-5d53-4740-aa8f-28e71c5ce7df
6b25e03a-e780-409d-9dcf-909244d2bd9a,e37c3c58-4fc8-4b4a-82f8-73f130ead5a5
1bb82363-75cf-425f-84a1-1e133d95ad50,0c5093ef-4f6f-4525-a333-a7b9de0f3700
5b773e86-4661-47d0-aee7-2096813b9742,579da26c-6fe5-429a-ae1b-d7cb0062631d
c6b5e9a4-2eb1-47ee-8c13-fb16408a0243,69be03aa-ad5a-44c6-bdd0-2a8e41550858
9303b794-6e9b-46e9-98f2-2a6ee4db68ef,90717031-2b6c-4b9f-b27e-c55f501b18fa
ae0a6fed-105f-44f3-be37-2257c1de9019,88eca435-fdcf-4b67-9003-ceead24f5d38
82f2b3ea-e7aa-4d23-a6a2-7db189a1da59,321c5828-31f1-4ac2-b343-d8eb8cd3ef8f
86f7f809-d552-48f8-97d4-b91aee6d97de,ba5720b1-80c3-4248-a84a-a73e284cab72
e9cbee5f-f217-498a-8cea-d4dcb86a1ad1,735981aa-5584-4597-a708-506f6f2738e8
b4fbc46a-c488-4973-90d7-2d5b5d3913e8,9b1c8fab-55a4-4b89-8118-a83ea0cc0338
80f087a1-2159-4d32-8962-920866f484ce,b281d028-ba2a-4822-bafa-f94eb96ccd7d
81988bf3-d0c3-43c5-9527-17c7bef36829,5e8924f0-dbb7-40b9-8876-5006ffd4b92d
59829383-1854-44d5-8d92-74c9d26f32e4,0ae7d3d1-827f-467c-8d90-2a5a3f0dbb00
1f4166fb-5c8e-457d-8855-a1be671f6cfe,4efcd592-4f6d-42db-949b-de5237d06084
a7a3d148-f795-4505-856d-2b5d841153d5,2b81ee5c-bb27-4341-a603-273717b1cfcf
c1afbfdf-4970-44dd-a3d2-5407daea6fc3,4f37d301-d2b8-4a80-a3d9-610878f5e453
1ef88869-ec43-418e-b5c2-dea779063bb5,3874bad0-490f-40d0-8894-bea7a0871af1
84effa0b-05e6-4e18-9796-be96f972c060,e3978c6a-f8b2-4379-aaa8-5d2278fef539
cec3faa1-7812-4f75-a8df-dfb6c80f63c0,29979b04-48e1-4d9d-88a8-80996a5ba827
db97be40-f8b8-4723-9351-cc9222ea343d,83e41755-d260-4ec6-bd4c-a36ec1e48bc0
6454413b-ad1a-4637-a4ad-43a4167b4357,3d2afb0d-13c4-4dbb-b99c-76298e605d06
5816a1cf-13dc-46c5-a58f-d27d13fcfac7,5cd6b892-3c09-47ea-a0dc-c7a93a1d7848
cb0c2230-c8b4-46f0-aff2-fd5877e61998,0ef15c93-719b-4c31-95b0-7ff55d89ba03
d8ee818f-f938-4245-9589-cb8a5ab86281,c50c811b-a36a-4cdb-b6a4-375aee54898c
02fb848a-0e65-4c0a-9482-ecbf16f540aa,633a05a4-b371-4617-a5eb-c7308e65b67a
65464264-301e-4832-b5eb-de36e5bfdc0f,4ffd0e1c-a2d1-4da5-9159-129b53cf284b
cff87d65-eafe-4488-bf29-61e3c3999427,9fdbc8a7-788e-4d36-ba89-1e785ee3213c
c74ed5c6-0152-456a-9a20-5ab25eafc735,1cd7b8c7-7e19-4a72-9adc-82fb774ab799
3608c7f4-c8b9-4e9f-a623-2bbd389d7ce9,9ff89d75-a47e-4862-bdcc-84a5321143ee
2678e84e-65a3-402e-945e-5c37f1f25caf,07f04fca-453e-41e6-b916-2b4ec61667fa
2c4c05fd-4ad4-42bf-b9ce-e2acabda7b12,785c58a7-8226-40d8-ac75-a3eea6beba06
458d57be-1716-43e5-bb14-8d08709769c8,5d4a6817-cb6a-4ac5-8ab7-4c1538f57a4b
34d83bb1-3ec0-4416-aa83-5e8cd9671fa9,40b20c37-63fc-4957-845f-bbab2a23308c
31bb4cbf-ee76-4d75-a55c-f69c2ede033e,d312d9cd-c0e1-4877-a9d7-5640039b8259
e6610eeb-7c5d-4a38-86f2-564f8d65fb2f,d118c056-e436-4f6d-bb55-0dce93f73322
5824d5f7-dfb1-40e0-97e6-ef1c76d98079,501e4ab5-ea35-40c8-8b82-69837c252e6a
be3432b5-5807-4cfc-a752-9c1cca0f7025,751007f9-5626-41b3-a22f-b89971fb65b0
e821764d-e0a2-4869-b910-6e7ce0805db7,7904ff46-477f-4ee8-b549-bb232dd1e3e2
9c853659-da06-46bb-b019-f3e49c1f5b3a,750f6e88-29f8-4500-8add-fa72a6187945
eb2a1127-2384-44bd-9122-6f9ec705217e,861e6ca4-7ceb-498f-aaba-3673e9f5e18d
8d8d1a90-3fc2-4a4a-8350-be2519382134,b5cc0844-07d8-415d-b4e0-e938039a6944
82601785-40e1-4bce-a431-6462f032bf5f,986796cb-d9c9-45a9-8223-0eef0183eaef
9c5c125d-a64c-4656-91cd-50e4f3d75fa7,b83cd0d3-0798-45ca-9f33-39d64e945b79
970c7ec6-8791-4c57-91d9-3bb19299652b,16f069f2-e1dd-4cda-9cef-6410acaceedb
f8ad8fd2-e435-422b-91c3-d9ea779a8dff,2e7d1bed-7936-40ef-876c-10953fe03dbe
735487ed-a6e1-47fc-a599-cfdf077f079d,52b0cb9b-7248-4913-9235-98861bac7775
d2a357ab-1c07-424c-bb8f-1da26a85ad9c,57396ff7-a0d0-4bbe-ad85-74f2a86ea877
a9e1ef05-c442-471c-bbf7-11bec823c100,75c89065-fda8-4abd-8618-8f73bd9c6f85
c9865577-353a-4694-b536-77b070f51a70,9a371b4e-59ba-4e48-b4e4-1026dcc233ed
c710d185-fa36-42fa-8576-70b21020df63,4ecefd6d-6e83-4431-8f72-b43d3d0d4ef8
0968045e-9ead-493f-8b4f-1cc3eecd4ff3,a8c18707-14a3-4d8b-b7a4-7ea761cf47a3
21fad622-e865-4108-9d67-99885589d46f,805b53f5-6f7f-4441-9b2a-f8971ddce9c7
cff3862e-9e6c-4b37-a3d7-3562db330450,4a9e6fc8-ab98-4cd2-be04-fee2579f70c8
de46f74b-f3b9-448f-a659-7ef52dc0eaab,39018695-8fab-46df-b07f-52cfab824c69
4911e51a-293d-409c-b9ae-9382f2e9c263,72c2082b-d01a-48db-a5fe-dd1aac1a7cbd
1e6fd55a-f7b3-4c8b-a1aa-6f561408e73a,6fdebefb-1256-4b58-a110-6bc0069336ba
767ba555-009f-46c5-a9fd-2096d7a1bbfa,6edd22c2-c29d-4aa7-97bd-318c7afb55f5
48faf76e-2f4f-49f5-a8ff-4cec283323ca,e1f83025-ab47-4d9d-bd30-7f5c3e9ed7e1
8e6b1ca7-7141-40fe-bad2-c08a41887320,1b4e3e47-e45b-4646-bedd-00c835a235a0
65c70fac-cb1d-4d67-8dbc-0c40e2dbc223,d1f37e3d-0171-4d0b-bed7-a59e80eed71e
6dbff7cc-2c3a-406d-a5ca-3e42c78b6441,7524963d-efd0-4c65-8477-d100b3169141
5e627ecf-4ce7-4b4b-bad4-72957650c1a2,1b427148-3303-49c3-8008-88b3f0272bc9
15428da6-89b7-4346-bacf-125f30fa9cd7,5979ea0b-96af-415f-9f39-b49138f697c4
0d655b39-d125-406e-ad48-5eca314d0166,5dce7d43-9652-46cf-b6d9-80f77698470a
91569078-d09a-4291-8e27-ca9abf12f642,20e0bb74-8045-439f-aab0-c60a00925c9b
2cf126c5-4b3f-4e44-b527-e4eaf4b9c928,e35d2ef2-6950-4c41-8679-86569d71999f
9cb432c7-152b-4015-95ee-36de991c89a5,4189a539-be45-4b13-81b5-e190f03627e8
80c21841-d0fa-4429-813a-530b4332c5b4,efd588ea-4560-41dc-b043-5e6c407d5bd2
1fe56d42-8fd8-4721-a411-eda048199c75,2cc4e9d6-1758-453b-815c-88c4c59685b5
c18e7351-91d0-43ae-9ca3-df8973bd1849,c3985728-997a-47f1-a047-bde1a0d868ff
45bd3f25-ff3d-48d0-b21a-48b1ce1c4700,632375f6-db2c-4792-8071-ae35b29b4294
5dad75ad-c6cd-417a-bc45-e82dd1406016,0aeac272-68e4-424a-9b88-155f76e06468
4201e251-0ec3-4275-8342-a252b353c637,4fd2cb01-20af-4804-8790-fda7c929d632
5d15597f-d954-44ed-b467-805029c879e0,d379c3df-33a1-4b0b-b527-ffed0e5a6e9b
fdc37708-eb54-4633-8f08-29617bed8e9c,39287251-b222-4068-a496-8bdecd0bfbb6
30b6fcfd-06c6-4991-9b1d-127cae7e5a30,84e92efe-1b99-4868-b242-5ebb2dfd228b
02185dfc-9c37-4b2e-83d7-27b69869fab9,09940cc5-9f8a-4fbc-8137-28461600ffa8
6e0fa4af-82cf-4e60-8a50-91fa71a8ae1e,7cb09888-2d8f-4bf0-9f72-ddc4be6c0758
aaec4ad5-13b9-49ce-b58d-11e638718fce,7086398f-fb79-487f-b12e-fa975816dbe7
e6b587bc-a89f-4e90-9e8a-91badad3b8f1,9a721023-5dbd-4cfc-8a59-ac4197fd188d
3556a3ab-8739-4511-af81-e585f02b795f,70daaf59-f81a-445e-a14d-941d42a03267
84a75162-7da2-4b26-b7f2-cbed8746eda1,29d546c7-2061-44b1-a961-4c49183d691d
13698c72-cedc-4bc9-9f81-441c9948725c,cf9a9df1-eae0-46c5-9aa7-98d7e19be810
2f8285f2-72bd-4b64-ab8e-c5adfbd943a2,f3eb702a-0dc8-4f96-97bd-49646cf38321
f1bdcf20-8a1c-4abb-ab65-719c6fc91127,d36ae982-58ce-430d-af41-5da17d1ee56c
555bc832-fd74-4ecc-8610-836f86480f40,5e8924f0-dbb7-40b9-8876-5006ffd4b92d
dffb68d2-ffc8-47c3-b3e6-0f4b31149a10,b29c3ae4-8060-4a93-8a59-22f940705d05
7f3aaa28-66bb-412c-afdf-703aababfa89,81ab045f-9fff-4d45-bc1f-d8fefb725b66
e3a0f9d0-a319-408e-ba27-5c56939e9669,597a202f-db9b-4c2b-ad1d-6628cb969420
ebf9c626-7784-4d66-80e0-b72876dd0534,d0b5bcbb-18dc-4cef-ad18-5fed10ff6981
47051893-160a-4632-a9a6-34be97c7d84d,84eee85c-1e09-4ee1-b8f4-5609a28b5740
af936f85-78f3-44e3-aaad-7d5ded06662c,6bbb147a-5e52-47d3-a371-eabadf7e3c42
643c8244-9adc-49c1-bcfc-2eb62b03b233,045f8aaf-7e72-4a7b-83a8-4725280d0163
244c0702-c2b1-4a91-9d84-7e88e9b03686,df5f6fb0-d1a2-4af4-bd60-9d8c5b4a44d6
ed4f9f91-3642-4b05-a798-e9c0871fef37,92c1f43d-fd20-46bf-a470-60caff6cf80a
067e18bf-c06b-48cf-8b8e-428b57341627,b658f7c4-5590-46e8-ae1f-19226485f556
5108cd83-dee0-49f8-a66c-d1bb90e82910,cc53d7a3-42f9-44e7-b137-807d2f65cbe3
db48e371-35b6-4578-ba5a-2c41fa4c1deb,6ee69a35-9b6f-42f9-9844-00030801b957
4042f047-48cf-4862-9d7a-27edc6376575,4fd1b88c-a910-4e9b-9be9-ca12eb41bd8b
624ef219-9314-4f5c-a9dd-7c55fb0dff86,1fcf01d3-5d69-455d-bbc9-e89ccfa78353
ebca0ba6-caf7-44d8-a624-d9c3791f10bf,d97629f1-0b5b-4fbd-892b-0840754e25a9
1b4afcf4-44ac-4720-9345-c216a2ecda08,2b4e8959-fbd4-4d79-a44c-b6a7cd35d3c9
02d8087b-aca7-4143-a70b-34bc8bd17580,a92f5e8e-53af-4ec8-af6a-63ac464b6563
593f242d-66e9-4cbd-b8c7-6e51c7a53bd1,4457764f-6c33-456f-a536-969abe961b7a
b6e886c3-24e9-4949-94ab-40888e29582a,b14c71e7-ee14-456e-80d6-0990cd4cd855
536913ee-76a5-4a4b-a9e4-bd35856f3d49,09940cc5-9f8a-4fbc-8137-28461600ffa8
7faebdc6-0635-4f2e-9e36-a3eff7cef00f,cf7d6a17-699e-4d6c-9c66-7850fde0434d
8202c4eb-fbf3-4fa6-a7ea-e1ab0ccc5278,c7568c0d-cf0f-4cd8-983c-eee00ca09361
a80b6daa-b085-4d61-9edc-0168fe2dafed,d7d44361-99b9-4fe5-8cdb-c8dc7d13c582
6329f91d-c9ba-4abd-8ca4-3b71ee9592e2,6a7a15e7-82b2-4a00-b7b8-bb445a8ee90d
28ab4bdb-4a6e-485e-bdc2-932c5cd818c8,5c3c9b70-c750-432e-add2-6b0fb1ea7694
97dc678d-8f41-464e-8555-1d55292135eb,f029bd57-1341-4ec8-b011-799943d70ef4
ca6bc164-5fb0-4f58-bf18-8f77859dc5bc,6814d1a1-068b-41a5-8cf3-5455349ba909
c51ec296-8b54-44fa-b0fb-984a3335ec2e,5d70c9bb-9712-482e-a77e-d133a1201a5a
05dffdb2-8b5e-48b2-be4b-2fb255a9124f,90bb9863-b661-4606-810e-a2bb3a08bb50
803956a8-38d5-44c5-928c-87e29eefdbb2,8c889002-2464-4f0c-83f6-d41f3a8b5e60
348bdf22-554c-4f87-b7de-242e76b75ec4,9e7b309f-47b8-4fe8-9269-ddbca2e0a6e1
c51ec296-8b54-44fa-b0fb-984a3335ec2e,07b24077-700b-4c93-9b84-27c66df20c4d
cd3f71bb-84f9-448b-98b8-7f781a7778bc,652eb739-8880-4d3a-91e3-73b3c2033aab
7e8ace70-df3f-4f1b-be9c-9bec9d4d039c,87bd3534-a0cc-4826-a8b5-0bb3b70d5596
1e3fda88-5f49-469a-b10a-f8cd9bb87807,505488de-da2d-42da-8166-99902cb097a3
906e447d-2d5e-4096-9795-f370bbb9bae6,975861fe-bf54-47bd-accd-833481a207c7
0529d271-22ef-48a3-8fcd-673c52a77efd,9a4e33b4-6dc9-432e-a083-442644590a9e
ef1c29c1-fb60-4543-a86e-53daf5812f8b,331e98e8-d319-4558-bef3-fa7878cfd7bc
9c88e4e3-1291-4718-bdb2-7ec76e102230,c9bf6d8a-4214-43dd-95b7-d8e1af94a9fa
36865d78-358b-4d85-b07e-9d448bcf89da,21c6f0fd-df6d-4b6e-8933-0133621e7f2a
81947a67-f19a-4e3e-be18-5b79be76ba0b,13a7a1d6-0a60-4d98-9b84-f976d5b154fe
ed6c2253-5fd7-4ed2-a2bb-b304d733d83f,f531df07-cfa3-4fad-8370-475702eba1f8
64fa364d-501c-4094-8df4-f09eea375013,b22b7fcc-b37d-495d-93ee-83bff21c0131
7950421d-9aae-4212-b7fc-da63123b3c0a,09f82b85-ce84-4f5a-80a6-3c92224f7a95
0141ec1e-461c-4555-9bc0-f3e13dbe332b,0f6f2fb1-9b31-46db-8eb7-e7de72b59ca3
8269fc1c-6233-443a-a2cf-02c27a8c52dc,5418d466-fbb3-4e2e-bc98-8eadfddb641c
70675841-4de8-4972-ae72-82bad7e12286,a72f3ef3-eb2b-4be9-a44c-0c8f6e87426a
efb785da-e85e-43b3-a073-076318050189,7312d619-aff9-4c77-b405-5587443f16cd
5a672175-f89b-4dd5-bfac-d61eea5190e6,7c0f968c-ccd7-4bb6-9055-243d054e1d1c
92e6fa5f-e1f0-44e2-b998-dccacea5487b,c7283170-b5a0-46c1-8c80-d28189755c70
7450025d-b888-42c5-92eb-b969dd84ccdf,408aa8b8-f75d-4422-968f-8bc6be9d2cb8
e1bb27b2-fd01-44ac-bd96-70a9fbdacc55,433717cd-2839-4467-a862-640c42ed78e7
09b5f0d0-77da-4c9f-b638-2000ed9b85e4,4aa024a2-3182-4584-905c-3c23c2a12e63
cd65355b-a1b4-4e2f-a506-bd950c04c283,e187dfca-fa28-4d78-ae9c-6a1a0786dd5c
0c3ad7a4-091e-4026-8816-7d60d31e3ce1,ea1acb83-af8f-4b3a-a110-636d8e08d670
53cf8307-e329-420b-886c-3759d77e85dd,c24904d1-934a-4cb4-b7a7-013f3909544d
a240c6e4-7d19-4200-acdb-7bfe52816943,f5ba3b07-c354-49ef-8b34-26dffb11e1c6
21d897c8-c19a-418e-87ae-1c4fe030bea3,b766b7af-c394-465b-9699-103961376bf1
b5043abf-bd64-4ac8-bbb6-8cf814150fb6,58b4e44c-8841-4473-90d3-af299e10c381
adcfd4dc-4e57-4f4a-b6a3-853018b47d45,d0e5fd0a-3e3a-4474-a264-72f25dd71cc6
de1b8faa-a679-432b-b0ac-49568754f982,ffbc89b9-0f32-4d43-afce-ab1bd93cc9f5
a1994302-0814-453f-9ab4-417d93f22c88,9133ba5e-29c0-4815-abee-7de7818dddbe
4a4d080f-f68e-4dc1-88c5-c1697890d37c,7b372068-a5ae-4d74-ab95-1c61d30e6b05
740c0e4e-5e59-4d04-93a0-1b8216471b2a,6b17a63d-e234-4c57-8e14-de34f075522b
3eec57de-11d2-4235-b338-6acfe0a961aa,d9d7b0d0-ec85-4bba-9359-4d7c562b4ec9
9cb80e03-ee82-4a34-9130-908eaa944cb6,6bb612a6-1b84-4c49-b6e6-030409e88e27
6ce6ca68-a117-4c0a-a90e-411ec7b46ccd,cdcd4cc9-2656-45cc-8983-b0272cdf7f9d
6d4a78b4-3d47-4fcd-8376-196200cd1cfc,4712f056-1ae8-49c8-87b4-d0a530935cf4
99a26f3c-e006-47d5-9dac-b40fcd903617,9c6ce9c6-dddf-4897-88e8-34d0c373e2d1
9c787682-0301-4cc6-99bb-ef7de6dd6381,3e675bb0-c9af-49a9-921b-40efbd6cf3d9
808a0eb3-7290-4950-8d41-6b8aff7c3064,057bf7e0-1f16-4592-a5c9-fdd36a95a0c9
9252c3de-1915-42d1-8616-db71e8f329b0,09940cc5-9f8a-4fbc-8137-28461600ffa8
3d73fbed-2fd5-403a-a7c4-dbfe941ccd38,8ef71d71-e137-4d9a-8cd3-fc3db886bdb9
bfc1b4f1-856d-4e2d-9d9e-78e5eabde38e,6d1be39f-11e1-4628-89c7-6eb04142749d
11ddff1b-b8b8-47aa-a20e-cab678898a40,c8e97412-5f92-443d-b15d-722f94ac3beb
bd79185c-7122-4470-b644-eabeff254249,e45e5929-f5bd-4d90-adc4-d0178582677f
6bd3a167-5b10-4cd5-99af-9da49e7e96e4,7978c732-ead1-4c67-82d9-9a623a6301d3
929e1a3d-e49b-40bb-acf7-e64041935a83,3579a530-22b1-405d-a5c0-d7823a94d0cd
45bd3f25-ff3d-48d0-b21a-48b1ce1c4700,a793cd8a-b388-4739-bc1a-a7a5b9c19a03
427ac396-7c94-455c-98a1-e734d4d098b2,f5a5b3d2-15e9-4131-b0e2-6e63bb581f4c
a806a212-788e-4356-98fc-af4cbff703bc,01d2b65b-b4ef-4060-a77b-acecb4738bb8
3feb04d2-7204-4429-9d6b-ab05634fbe99,90bf8562-b9e1-447a-b2d6-ce462106ed76
20cf8465-cec6-4d2d-ab89-31b6dd791bbe,2fa16491-9011-4c1e-95c2-0f08a2beb82c
13d5fdc2-a00a-40c3-9566-a7021f2adf96,a46d8416-6bba-49bd-aee3-5678e2c946ba
d336499e-8f87-4fbb-a4ad-00a7bf6b9dee,f5978087-7e47-4527-876e-8c258dc788b8
2c0eb9ea-2538-43b0-9332-7755b2bf6df9,064ddb27-8374-49fe-9a10-ce2997ddd726
49313227-4d25-4891-9224-bce9925162e8,45fc567a-2451-4ff3-af4d-ac4905f2b31b
e9aebe26-f0cf-4005-b108-e8edaf6d46b6,c69cb1af-88a7-42cf-8a50-0bd651b748bf
478e24b8-d380-4d05-a37e-3ea4b983edb4,840f9f8a-3408-4886-9113-b6b6d142180b
5bd3daeb-17b1-480c-a9e1-e613fd77ba1c,4897a64c-0e95-4649-a6e4-e71f651097ee
ce05372f-1870-4162-be28-8f4dc5309456,1f86c8ec-f02c-4ae5-9c28-6715f7408a9a
e2e32324-411c-423b-a6e2-4856da9cdcd3,a5715f5a-c7d4-4e26-9115-5e0ed0f638c6
44e16c76-a7d5-4f1a-9576-cfc3501939f5,bbddf1b2-ac01-4451-9587-5d67d7f90611
e6edf772-5b4e-4de2-8c46-a4803cb3b829,e2ee1d9e-cfe7-4693-ba1f-1678b76df569
5ec56b07-c427-4503-895d-06b1edcf98fe,82cd6d64-887c-4a08-a972-ba404b84ff8a
6d3222b8-3f1d-4636-a475-d1d44887790e,62ac6212-cd84-41a3-8b71-96db739f7f78
29eae137-718f-4031-ba59-8730eecef657,26bdbf77-2884-4186-ab1c-4d603e68782e
e2c6cdf1-1e22-4952-a2e6-c9019968da1e,3aae97e6-13ce-4703-a6c1-0d7928a9db88
0dbbc95b-980b-4a34-bc13-65f8205db430,c513a1b4-35e7-4e41-bc38-66159895f001
b3d6b94c-4b99-415a-968a-31707e7181e9,355e37b3-0998-40cb-9db3-b2da8587153c
36edfaa6-c665-4383-858c-43eb6c65c008,30c5bba7-aea3-4979-a409-17aa86ed97e5
c01d7af8-98eb-49c6-872b-87d4404c1498,d5fd2158-25a4-49b2-bbe3-c19761f6ced8
d5314c43-c893-48d5-afd2-a6ef1f48aa13,75a355dc-4df4-4b96-902f-be98122945e7
b7670c91-e73b-4e25-8411-6b97e0c16fb1,1cc264b8-61b5-40cf-84d5-60724dd0e424
d16a70f1-be8b-49a3-bf55-2e9ad6fc4299,8bc21fcd-26bd-4612-ac4d-922edeed2b91
77e8681f-f513-40c5-8fe4-57c59965ea4d,7ff90747-ce0a-4c2e-8ad8-0e28e84d3f96
d8f3fec1-50f1-4d3c-a573-a6210e07d617,81275e46-0f65-4897-b5cc-c20ac4664d17
fa73a474-99ce-4511-b075-73715924ab99,20e4b5f2-86fb-4863-8b17-990b9578e2ac
006d0fe0-4ae7-424f-a225-b58fba8565cd,553f7088-9e0d-414b-89a1-0e548d0d9180
9d41d6d2-e27b-40cf-b420-22830dc36e92,90d0254e-95db-467f-94f7-e480d522d6c5
58ef020b-e150-464e-9823-e9c0245c7eb3,29698f1e-ef62-4b09-8bcc-82e20512f078
50e8db1e-6f99-4a43-af97-21da884d0e9b,f86ae00f-5585-41d5-be7e-17b8bf665ac2
854f500a-57a7-4b31-b9ea-222e3f36ed90,4541caf1-2caa-4ff8-93f6-926ffa22ab7b
5af63845-823c-4fa0-a85a-d7aac42e44c7,8aa4d755-8e49-4b07-ab3b-99558ea39cf4
be130952-db37-493b-abe3-317285a61a7a,68e6be6d-1d78-46be-8b91-cf6968685bd4
e313b716-b141-4540-9c3d-8789aaacfcf2,3fc42a9c-1dc6-4573-8508-ef1734ad640e
4d7da74c-4e78-4481-8f5b-35d65d98565e,ea280fa4-0d3a-4580-b1c3-80017dbe5ab5
7a76c59c-032a-41d8-bc82-d87ecb3154ce,b022598e-3454-4df8-b87d-475228516398
088d8f80-cc99-4934-9cce-f452d514d54a,c77315c2-0425-4f75-8d8b-4013e6183b67
a783ad67-5dab-4e9e-b1d9-effec073a528,4b01d558-5f4b-4360-a083-0099f3fd8ca6
0f7250c6-c1db-460b-b349-7ffd2a2ae60f,df8d8336-c3c5-4aa6-8e16-88b9e58a688e
9e6bdee3-e3f5-46e0-959d-b07f3c0b25ce,850a02c4-e88b-4e68-92e0-8f24a186b55b
6ace6d4b-08c8-4474-8d5f-5ce8550e71d3,04932933-0792-4a7f-8e03-775149ae3a9b
b2ad02e1-0b2a-4376-9f48-37370c86a8a7,5c2a73c6-bea2-414a-8662-6bb85def518c
08890e83-0fc6-43cc-8225-3c884793bf2a,5058b4d1-847a-4a5b-ba25-06beaa02b815
d052de4c-c7ab-4510-8552-4d8a18f36858,26611748-ae46-4d4f-bd2a-b42f1dd6e1d0
b163ab90-561d-452d-9064-a0dee4becc96,fb2ff706-ffcb-4b55-a6c6-6c2000769b93
7c7d048c-8fa1-4b66-9e17-de7ab2adfb83,e33e5ef4-f7e1-45de-88c6-ab782c7d2de6
f3bcce0f-6c75-4902-a66c-5e4bafa4c210,a1514deb-7d1c-4dcc-8307-d6d8d6be9048
9d41d6d2-e27b-40cf-b420-22830dc36e92,d74896bf-8415-4509-a91a-f1deb2139da3
c805eeb8-724f-4a41-8a25-aad01d127ccf,30048b98-d835-4ec5-9064-b37e42288ea7
e13d1597-a74c-41d8-b0d2-a4bd55c9ed4c,921b77e6-3d01-41a3-bc0e-398dab2bb836
f7e65fdb-abe8-430f-ab03-bfb383024936,0a9cd3be-3d7a-4ce5-9bc3-529232407436
610e151a-52bc-4e8f-8216-cc9428b2f93d,cf00e351-b108-48c2-ba74-fce2bc3e7894
a9bb63cc-5f51-430a-a36f-904c20378600,1b43d6d9-00e8-477c-bce2-03280a926b0c
b671b0f4-d440-4527-b3c9-c5f9a1faffcb,52e340ee-8b4c-44f4-ab01-a9aab1fc03ab
a0b58e6f-678a-4d0a-976b-df88ad8c04d8,52a89af7-98ec-4411-8296-b8c4e9f85191
868e92ad-449e-405f-8257-aedf94f429ce,333af2c9-288f-41dd-98ef-4711fe144df1
d0f6a490-3da3-4f41-a8f3-429e98520dcc,e5f60a46-fcf2-498f-89a6-a4977511bbd4
ecebae1e-d68a-4357-8ee0-a336f68e461e,4adbe534-de20-4357-ae88-acb739ffd297
1a3c1ec9-5b28-4506-af02-149782bd9200,c1991e87-db87-4e61-bc48-fb06aa92dbf8
508c74a8-6cb0-44d8-84da-39df8325ed3b,81736117-36a7-4277-a5b8-ecd182cc32ba
ae1c4e47-eb74-46c8-a24b-739446b8b4da,264613b9-4872-4f04-be1f-296e02232d64
71fdf014-9251-43cd-8e87-33b57afda670,93a63194-02c9-4141-87a3-aaaee5959518
ca422bb2-26c6-49de-9add-6dc3d02c41a7,8316892d-811d-45b8-9bc6-1a3abfc70043
c180aef6-9312-4f42-9f86-4cb7160a0922,1c8f0044-3705-4755-9f36-b616b9adf5c6
cc490e58-8f04-4aaf-9d90-0d44a36e815a,ac836581-b2b0-4035-9914-b037f041ec8b
177e515a-8412-4521-934d-c2dbec88487c,880edb84-37d3-45a3-a656-e2611ccdd99d
de46f74b-f3b9-448f-a659-7ef52dc0eaab,f20c3f21-93bc-413e-9773-8c4719797965
b98b5925-f862-4e39-8f15-231ee20b4cee,966a800a-f534-4be6-9582-9deb32516e18
ad363d8d-880a-4810-a0ca-e7a5c95ccf5a,b6fad5ed-5bb0-4472-a239-b413f5675517
63db5eee-9118-4995-af3b-6ddf622320f5,196183af-5d88-43bd-b4fb-b90bd8e79a1f
ea64a330-652d-4317-b1f8-2066ed443c33,09e9ec98-9658-4812-a369-8036b408b8df
28dda6b7-6160-41c9-a5fa-02689bfbf3b1,6e221e99-9396-4be1-9f14-b2c49e0bcde8
96c01e85-9e06-40a9-a645-aebe1d1b6905,bc3dac57-ef35-4cc9-ab5b-75bb6a08b3b6
300af456-e6d7-4751-af08-bed141ad018a,516d8aed-25ce-4116-a585-1adb293e93e1
19dc5c66-50c8-4a3e-8001-a136cf5ed59e,3dcab104-867c-47d6-881d-5ce381121345
ca6ac555-1898-4687-869f-faad25ddd4fb,a22ad95b-dca0-4795-accb-86b4de29120c
b3fd9d91-fdd7-4ce9-a496-0dbaf3757c9e,00da92d3-3a5c-4fdf-9f40-6ca5823244e6
ffacae99-ff0c-459e-90ac-ac461da605a3,c973390c-316c-44a3-84a0-3ba7cafc7595
87222ace-e151-4be9-adc7-b85cbba57032,3e36b875-187b-4e62-8ba6-de54a5668aba
1bef916c-b007-44e9-b2e9-3605444fe72e,09acddb8-c5dc-484b-b032-3b08785d2436
865abfe2-7b46-48c3-9064-84642361006e,918dd829-495b-403b-845c-a83a78a51ab7
b61f2366-99e6-4f6c-bb21-e9792baa1142,b64f3f59-e2f3-4ad4-bc46-5c5454085484
05a32490-02d5-4d11-9a8d-8b9a6f4ebd55,fb0ae1ed-6048-4b8e-8fb8-786e36083b7a
485d507a-fb21-4983-b590-7e1a18bddf2f,4873a967-cfbe-45d1-8954-826b36125642
206309f8-d15d-4884-89ea-833db23a7972,213c9b8c-9832-4db5-87fb-22f6b1d1daae
57facfec-aa7c-4793-b712-c379824e8cac,ec5d8ec1-183d-4dc6-90d4-a9145ad3e747
1b481615-46a0-4f83-83b1-64ba58bbe1b2,a9b097c0-252e-483f-bd4c-cf2762468092
ca7ef57a-2459-4d4f-a03b-b72637ded6b3,e33d2327-9c14-48cb-93c6-46faee299062
97c0ca31-acdc-47ea-9721-edfea5c47bc2,25845c1d-ca14-4e24-9048-6a4dfa17ee98
ff654648-ad9f-41b5-989f-1444ff8452bb,6a4f5ff1-c201-474d-94de-d632c7995cac
a8aca652-64d3-49d5-89bd-edad00b5be80,d973e387-572a-48df-975a-af293af6105b
bc95db6d-1723-4dae-9235-241b06fe86bf,6ea7ba01-3a0e-44d1-a566-d7df2611e439
fbff40f9-f2e6-42f7-b9a1-34eed5cee512,44bbde69-4d1b-4ef9-baf5-7cfc81e25ffa
8cb25af9-666e-42d4-a05f-5dbf98535839,87922c13-56df-41c8-aebc-d160123ee116
cad456d2-42ac-4b6f-aa17-1c9bb302b4bd,d057783e-24c7-4702-ba89-015850c2e94f
f262d501-4029-4b5b-8acc-2266321442f5,42287c98-dc40-488d-a81a-e2ab9cba61ab
da5eac6d-4470-4b35-a0e9-6d181dd9a208,6c0787ba-e990-4328-9128-28404c0f5ca2
59ebd522-39c2-4fe1-8c3e-c5b10f6c00ed,b9385011-aaed-41c9-8b62-428a775038da
ceefdc6d-5ae8-43e9-ae95-762cdeb92316,4fc709c4-1647-44da-8a6e-19df1d3d3e9b
1138258b-9c89-4935-b0d2-92639dae8e0f,0f8e36ea-9469-4854-a19d-e68ebd4cc67d
0604c427-73b5-477d-8ff5-10e450d0ee0b,fef57c6f-1fca-4b3f-a1a4-bb60f147acfc
e2f1a3f9-131d-4755-88b0-e5e1c9e52c9a,598b1a63-d72a-4426-a395-7a1b9eac4d8c
41e9319d-84e8-4bfd-a1df-4c8339ed2d57,54511ddc-7a80-43f4-ad84-606d482ea6fa
306e1942-66dd-4f3e-a0ee-ebace882a5f6,c131424b-a347-49d8-901f-881c138b997e
13ef8ee7-a80f-442d-bbf4-004f035a914f,e1daa6cd-c405-447f-937e-0f07e1300fb9
bb57d970-936d-4016-9952-738c83438944,416cf1bf-ea1a-4c88-b4b0-04e018c06d2d
66b6c141-0e15-408d-a35a-0dd8aa549bbb,ff9af281-a763-4171-89d3-68140b66cd3b
f9a47f8e-cf8d-4629-9f06-a87129306196,a02b9b47-da92-4bec-8488-34a948c8f23b
e6b587bc-a89f-4e90-9e8a-91badad3b8f1,da402e10-3459-4235-8c20-2571ae106103
dbf9c4fc-ba45-4693-bd2e-353c9362e739,fa44c2d4-55fb-46a7-a83a-2cbb6f90f4d1
48a25c96-b48a-47ee-ae80-13f7c1f47a7e,9d1cca14-5ba0-4900-b644-8e49b361a4e6
41137b83-70f8-4d7c-b77a-d76e1484678b,a9fc4d8e-0c9b-41b1-865c-4aab38961f89
c7c7bbd2-102d-4400-8faa-ffb97118d3d0,95302a24-7086-4f1a-9baf-342388c42904
e2961577-bcc3-4777-bb32-2becf88b6a86,7f8e978a-2742-4298-baed-8b899e41e543
b4b61023-5209-460e-a497-31101db76314,fb0fc6b8-7909-4080-b4e7-67b8bd15aa69
45219fe4-a5f7-413c-99fb-0e3a518c59c5,e116bcf1-8fdc-4681-89b0-bdd7671affab
147bc73d-4226-4bae-9d89-3bb1d719fd54,8b5ca4dd-d8b0-4e0d-94a9-e46e38fc074a
863aca3a-12fb-471e-9654-a1755c1ea081,b08b5e85-36de-4b60-9d24-7f5ca86c1c7d
db369d57-d388-4d94-b42f-58ab8149cd41,e80e67dd-53e7-45cc-bd84-e23ea32b866c
672580e5-f1c1-4c81-bf2c-7fe2f99a3703,eb05eefc-7fbf-43af-a118-5539c8debf38
12860080-b698-4a72-a18b-234c4d118d7c,44a68d03-81e3-4613-8379-a4ca122bd906
1b1adc3f-9af1-41c1-89e9-932b2d969a23,f7dc3f08-59ed-424b-adfa-2bf023abddbe
fb79d14b-5628-4476-bcb5-7eb41b13949a,7062a28f-f930-4baa-9de4-01ce7c8f6864
40242382-f106-4d79-89d7-3ee79952cf21,681be35c-f09c-419c-9b28-18fe6cf1b2af
af8518fd-2b87-4f57-93e8-af66f40dcb5b,d5b08c49-bcde-4a06-8492-86195a1c911e
84b64507-bf34-4aeb-a3ad-abe53f02732a,df391ebf-1003-4bdf-bd40-68a17b17bf66
a806a212-788e-4356-98fc-af4cbff703bc,19413e63-43b2-4c5f-9979-56466ab50327
a2501ba9-10e4-4451-bda7-51d72a1488d9,9f940cf7-011d-494c-9e56-f56616c9834d
8eb86f56-83ab-448d-80ea-a199b16dcb86,cd6c9c79-2b54-48a7-9bcf-08b15d5c7088
6550e58f-ae2a-4976-85d3-c521085c238d,e7b657a7-0403-465f-83bf-2304c9dc6006
4b2f1a3d-4653-4e93-af79-4eef22f5c183,7247153a-06c5-4962-a65e-296397516830
28f3f8a5-6a6a-41e4-aa8f-076f868e77fc,f0c02e55-cc4c-4afe-869d-e50440e708c4
81859ce8-0e99-498b-903b-ab8db68c6685,889c0997-6ea5-4a2a-a09f-5af1e4da48a2
00f354da-2fad-4a1a-8981-290987a90669,b4ba809f-ee97-4f7b-b857-449991bf7cbe
964245e4-60e0-4389-824a-87c6108c8670,2fcfe458-e9a6-4f7c-9048-414defce20da
3bf8d93a-d705-4464-acce-8b866de0347a,14706b3e-26b1-4fc5-9edf-6a93ee7591ff
9051f873-2c52-4ff4-8d71-6cd92099b7f9,e30ff855-7221-4160-8b44-821f76b2ccbd
84b64507-bf34-4aeb-a3ad-abe53f02732a,387fdc2a-c01d-4a61-a483-dd2e489189e8
c9a25592-9ea5-49b1-b840-80b04e4c16c2,93de751d-4b88-4d82-bf44-b981b82d96cc
28a56758-3ec0-4c80-9563-9d40aba0aeb5,afc85ccb-c8e9-4876-a666-d9e8734dfada
113b27a8-bf44-4add-b47d-8e3621157574,e5591c7d-e353-407b-ba1f-5d43eae298db
dcd47dfb-d001-4082-a213-2cf88fec1451,79d04b20-dfd9-4f08-995d-8f1675df9b97
73c06f03-babd-424f-8055-0452fe250578,6c9cfbb0-7eff-41b8-b01d-69322f58fe1e
7748c1a1-7ff7-4ed9-9380-40438d07cc13,eb071494-4f15-4ca4-96fd-c02ade161f0d
ea3c6705-d63e-4a77-825d-3589098d1375,83eecf3a-f50f-47ac-a0cb-471012ef5866
d078eaac-39b3-404e-a9b1-972ab1f1a837,d6b5886c-db62-4f38-9844-099e166e08ae
86a8686f-abb8-4cf2-b1b8-208d03ff5a34,894420bc-a82b-4e69-83f6-58dc48c6db2f
1030cd1f-3ab7-4a10-8ce7-581ae2b832cb,933f07a7-20b9-4253-b25a-85bea9c4ccc5
444c0174-8c48-4788-974f-f956462c5c16,6ba9c19a-89cf-4572-b26b-6ee2cb88a72f
71b5f9fd-5b9a-437e-89a3-06679fee04fe,9616b207-dcca-448c-93af-5225002fe8b7
c5a47e0f-241e-4555-931c-e790c7accf07,597a202f-db9b-4c2b-ad1d-6628cb969420
ddf0fea0-f3af-4382-86d2-80feadf6ebe5,53042fda-4811-44af-be0d-3d97d2ce7ba1
5daee9ce-3fa5-4ab7-b4bb-c8e608b97810,b6a4a996-4cfd-424b-89d4-badb4a7075e2
7de27072-9587-4fa8-890e-8cd083c9683d,10a0ce1c-77cc-4c63-a5ac-837b136f9215
e9916024-0447-48f1-9625-50c288cb311b,e70b2969-0ab9-43f1-93e1-aa5079535a14
5139ef31-490b-4040-9747-e14cc98c7e07,7ca60bf1-91a5-4ef4-bf4a-8bbd50be64ff
0ae256cb-5f83-4308-8c4e-06986831c376,b0dc5b59-3235-450c-9c6e-b49cd4a12cb3
a1e79c08-9eaa-4093-893c-e41a5295ab46,7d65273c-389a-47c5-9dc2-b98f666b6802
fcca8a71-edcf-42bf-8b74-528efd8ba69a,e74dfa96-c641-4fd1-8faf-e481791ee9ef
20076b0e-b192-41ba-99d1-cef15a61d06c,29e954af-df3c-4510-8623-50988436d932
68c09d54-2ce5-4896-abb2-8f7ca37acf25,95873135-dcd6-485b-a082-a0bcc618bdae
c56ea33a-ee1c-48ef-b080-7e94932f6a40,6b565662-9e06-422c-9104-c8b131ef36f4
367471ac-661a-4244-acbd-71373bbe6147,cd23618e-007a-4af6-b3a2-f724d7ae4ea9
aa7301bf-5764-404d-93ed-bfc0009dfd6e,09617e6a-05b9-48ed-9dc2-59c4f66113b9
3c986756-f09d-412f-b211-6b8d56b074d4,b9e27062-9b84-4f81-8def-337a56ec7e31
d8e994c7-0477-4f6c-9825-80aab17c5ba4,82abba21-ea8f-4d06-a276-ec7a53be0519
141e6318-f27a-4b2a-a5d6-5386095069ef,7e51e309-b348-4d9d-8b55-85b21a76d885
bff56d48-9125-4a58-959c-b88c2bc96f2f,0ec16dd6-532e-4c64-8e54-66a03d8791cf
1846b976-de8b-41c5-96df-362ff6f6f23e,275140ab-2028-4db2-a873-0efbfe2744bf
7183f0bf-cea4-4aef-9eeb-09d6b6df1a61,5be59f2e-9fec-414d-be7e-c48d4422c48c
5b8d9d6d-f216-42de-8758-4c0d90ab68b8,b4ceed1a-7ebd-4213-a97b-ab25b251bf07
ec22c719-c421-49cf-aa9a-14658bc6ab56,9a3f6535-5bc1-4281-b3bf-8aa10240dff4
68bfac5e-2095-4703-bf1b-f6547430dc57,29e4db05-9991-499b-98f4-7bd16850e062
dfcc8d71-3975-4185-9a45-bdc2abe03662,90dd35ca-a10c-422c-8f19-8bcc3025ddcb
1a1c01ad-d0d7-459f-a016-fa712f7f59e2,63fdb051-36d7-4f51-a1be-437e4bc5bf2f
81bc71f9-ea2f-4185-8129-1d859d097e84,776ea8dd-2b62-4ad7-84cb-09fca9fbda0e
8db5e417-977a-432d-9f48-7f2310036910,93889d02-2294-4483-9fa1-cf6eeaef8257
973ba0dc-22e7-4653-96f0-263f3945349e,5d1eddb7-30fd-4f6e-8375-a1c4ba4d68ea
b86af543-2128-4861-98eb-c5193f66e28c,c06bc3b8-ef1f-4a46-93fd-9d8c957cedb0
96b33a60-44de-47bc-a5cd-a137be91b2be,4c03f9ed-1b03-4c4a-b222-68529d869392
fbefa97f-c1dd-4634-9a1c-e1c3a4b2ea8a,dd487724-569f-47e1-a96d-a244fa38b6c7
5dba99f4-0120-49d7-bd54-0f3bcf65033b,20b2d1e1-af08-4956-b077-8b70d3dc4578
a2cd6215-15b7-4d6c-97e7-e3683896afdd,59967d44-4d1f-4dde-8cc3-5e1b954b60be
7a4db038-d2be-4ae6-9146-b97da1bd8966,b172a3a4-892f-4a23-b9bc-e3a655379de7
9ec95a37-bbdb-4e8f-9c7a-55918c67aa54,b336eca1-73c6-4705-864d-78c4671d44c9
69be29b9-508f-4e4e-904c-26572ff39424,a9bfc16e-c3de-44b4-86f3-6eca18d774ce
f0abc83f-ef2b-472d-bedb-91b2c8eac78a,dd67675e-1f9e-4802-a6cc-f8dafdee22fe
5136ed52-5c3d-47cf-a6a7-bf708f493fb7,d3c7ac77-0c8a-462d-8790-385053d5f54d
9fc4e461-6741-4978-80ed-b068cf5f6ded,b2503a54-cdcd-488f-b917-49d734de6e64
0d9c6ce0-9e70-450b-8428-cf7e086245ea,bbd21196-be14-4157-a6af-00c73a349df4
8e2f01c9-c3ac-4755-ba73-abf14ec3f7e4,27f8e470-d613-4d56-9340-5da3a8ebb266
f99c67cc-fda8-4dc0-b30d-ba867c4e7e4d,e4967187-542a-45a1-9ae6-97511c4d4b9a
fb300f51-e809-4d59-839e-78410e35c8f6,0ca213cb-bec1-407c-9390-f064d4fb8ecd
36eb7ead-5d8d-44a4-9b75-553b83ea0bdd,10c6a229-9a6d-45ef-bdc6-fe2fe0858bad
f3e41798-e4d2-4388-b8fe-85b980f4cbcb,ec3c9c5e-5406-42b0-b9bb-3658d5b11567
f70b5ee0-b315-4922-ba01-17128da039fc,42a2b989-918c-466a-b844-2ca60b288c7b
06236389-6bd7-4836-87da-c5775f17afd8,d29f3bf7-53b2-4c70-982e-1cc1363dab4f
f5350a46-77fa-4cbd-91a0-149dfcd60409,2b7bc6e6-e529-4afe-94be-bb553059e3bf
7dea9444-e3d3-4509-97f8-e1fa18188515,def0212a-4cd7-45dc-a5ad-458c918009aa
26c63edc-6682-45d1-9546-63e056293976,c7550ec9-efb2-4e94-aadd-39c671b1b860
5bafe9dc-38b6-44da-a164-9d9bccef779b,fd0c89b9-0ace-4220-8fdb-61582d2397b5
692b00df-1c26-46a5-84f0-61eae63e84dc,1f37a895-d394-4261-ac84-08089c556af2
4c1673d1-871d-494c-aa52-f503a0a1cceb,73fa6649-55d1-483c-a77a-03f0c79fe182
772cc3f3-1c13-4365-9515-b0496caf0231,18197da9-bc1c-40b7-9ad0-cefae37b3cad
2ae3b362-e28a-4761-89f5-f3841f03d8dc,6f443636-661c-4347-bcce-0f23268265ec
3a3112d9-ce6c-44ae-84c8-820d49139b85,4ed2efe7-fe54-4b5f-b197-9cfe769b70be
6eb3e0ed-9948-4dbb-9224-090cbac54909,6694687f-32df-433c-be00-92ab8ac38c93
f71c012c-0cc5-4e6e-b388-ab8e518925ee,3638535a-f5a4-4624-ad66-e4f473a73c89
b948e4d2-ea1b-4fa8-8cef-7f49b33d30cd,26115f7f-968f-4323-8ceb-8e053dbefe37
7ba6df9c-9279-4259-93fd-992430abebd8,48fc2458-3b9d-47e4-b0c8-907a63ce9bab
b6802ac0-b467-401c-9a6b-f176fd1d2fff,c6bd2d6f-b731-4bb2-82f1-67d62aab659c
21cef776-3081-4e7e-a4f2-258a109d5b7b,a967cc05-66ad-416b-8cd3-278c23b8b13b
96803245-f531-4190-b4b0-044ea0823dbd,66355251-a9a4-49a7-be88-e82f5acbd066
8cb60297-173f-4ad8-a155-012c1a54d92d,c8e97412-5f92-443d-b15d-722f94ac3beb
9a177030-13ed-448d-a59e-1457947817d7,2c36b9c4-0d10-498a-bff1-e6ddf34ba5a5
4283eff5-47da-4b09-9298-b2ffef93aeea,9a6dc6e2-4100-42f9-80d0-e9d1085c046b
a5584848-46dd-487e-9e10-ba7a63ce85c4,f4646d7b-f69a-4f37-a849-e374c3f13248
b711df73-8424-4e0a-9c45-56e366de9bef,043a5f2b-fc7c-4ea3-a8ea-7e71308bb8df
c175a3d1-e706-4e57-bf05-dd9953ad48d2,c6d4260f-f2b6-47bc-9ff0-df4662abf270
40242382-f106-4d79-89d7-3ee79952cf21,24125aa1-17ac-43ce-9b4f-c44ec58faf36
0d102432-d949-4122-9e55-645b51d14933,9de13f88-bd86-4537-b973-aa7fcf476d7f
43550842-e27b-4f0d-89bc-57c0bc23d736,7fd9c80e-c01e-4006-91e7-6f7a3cc79e70
708eda63-8bc3-4b23-8c87-84ad8b05d5e7,01adc7f5-37c0-4e6e-84f3-7137b07b61bb
735487ed-a6e1-47fc-a599-cfdf077f079d,7c1614b3-dc98-45f7-9977-0229e2976917
b2d45445-4218-4d68-ad02-f774116b12e3,81c80e1a-4790-4bee-984d-b482f238f506
e4d74773-4f1f-4552-8c0e-d0525135069d,9e514a56-2b52-471e-9294-fe935d32954e
b2eff755-613a-4aba-85b2-bc8742785b33,653492a3-72e5-4b42-b30b-ce0a23c877d8
2fd241ca-fe6c-4d49-a56f-783a598c0edc,c116339f-f4ab-4d2a-aed4-1a0cfdbd45a9
be00f6ff-6955-4f41-bf1c-2cedb7b562ab,ed20d9b6-9547-41b3-b7eb-ae448359eb44
9c71de50-e287-43c8-bc5c-610ffffac4f1,99abc954-2a03-4511-a878-64deb0ad5fa4
30eaf142-d053-46da-aff0-8434e854578f,6c9cfbb0-7eff-41b8-b01d-69322f58fe1e
b762a825-239c-463b-a48d-0b62fecef868,dfeb1e55-f069-4ef0-b243-193c45362cfd
1fc1e90a-e41e-4ec8-97f4-bf11547b7b9d,24c87eda-f157-463b-9cd5-6670cd1bfafb
3ec5b400-82ff-40a7-82ba-5b9f7a952322,2ac5faf1-17a3-4d22-b08b-5df62d09611a
c5acaf7c-5f26-48a1-805f-189cbfb3773c,1ebee30b-2053-4ba7-aac1-e6867fd7a891
2ef68cf6-f313-47df-a658-69a0704c9080,56b86287-c592-421b-889f-cd9685a190c1
4b80359e-8e29-467f-8340-d557aa8e3a84,b0740143-dc2b-4799-bade-b7b8674c0b07
1a8e4b74-4010-43eb-a9a6-82f2ba665fc5,0a07ac6a-94a4-453e-a0d0-7089e8682542
d0f2c7fe-6e02-4dd0-ab20-534774d4ccfe,75d4d93f-20e7-47eb-9b5b-9053bb21d13c
aa4a94ae-efa4-40fe-91ca-3ff372b7c702,268aa22e-1e47-44e9-81ed-4b11eeeeef5e
c0fc06f0-830e-4136-82d1-fa14c2103305,ca7228e9-3b1d-4be2-a470-5e40fbe84fd2
41f04a75-2f49-4c3e-b207-66aac6d63a78,d3c7ac77-0c8a-462d-8790-385053d5f54d
e8064e07-f5e0-4a3c-9b8b-774da2332692,d3dae295-f793-4993-8904-ae8d57b81396
0ba5dccc-ca6d-40f3-95a7-cea730e926c3,dfc36dc2-6a00-4092-9192-6485df28c7fc
fd5cba7b-effa-41ec-9bad-4a37edcbb16f,2228c8db-8830-4a71-952d-8739d4e55cd6
9e0b9be9-34f8-4089-8efe-608cdeb53f2e,fb14d531-76ec-4b3f-a363-d15288633775
61717247-fe26-4257-915d-62895b7a60f2,02b62f37-be15-411a-9cfe-8464ff6012a9
5300b51f-5b84-4bc2-b4c8-31f36b61a35c,6299e6a7-9031-4bac-83e5-74cb1e44a1d6
72571841-ec8c-4014-851f-b8c4799926c8,824cd1e5-1989-4c03-846e-c5070ab7b000
62d4bd6c-7155-4339-8989-29d436a01852,8b9644fd-02cd-4316-bb9c-0cbab64328b0
6dbe86da-b4d4-4f82-a9a2-78fd6031caf4,b95b3d6c-e0f5-49eb-81a4-5930a750dbc1
6edaf3ae-b7ea-4217-b4dd-a2311c262887,d8a4f8f2-08cc-4f4b-bbbe-bf5a9deaca1b
240a35fa-63d0-4900-a710-dbfaa06e19ee,bbef6f7a-69e4-48c9-ba20-085eb3193cd2
d74b5eea-c23d-45f1-878a-5bf1439c9ff5,0d9d30f0-289d-4cc2-a96c-27bd4b9e5b11
6cf9163b-a1e1-493b-909b-2bfa099ed9c3,5ca15062-3d64-4723-8dbb-47eee6ae5ac2
4452b03e-d3e5-45c3-a0fd-5ba746886576,a6aeca7a-9e13-4caf-88d4-5de9c3313cb9
507c15ac-d695-4718-8a2d-82d7aa7cb9e9,0be9e876-3489-4de6-a3dd-2db2f4db3b61
7e0376ba-302d-4121-956c-945a17b3b611,fe221a06-7acc-4afe-ab06-fa697b9168e4
4c5a20c9-d070-4a51-844d-14fc3d0a15f4,85cef83a-d51e-4285-9f89-3dd90725f58e
c041d046-fe7d-41cb-9ddb-1c9f10bd8c3d,1fcf01d3-5d69-455d-bbc9-e89ccfa78353
bbc8e02f-5ccc-479f-a5e1-2aa3e29ef3f2,82ef8e8e-f998-4550-b4ff-a3a788e203a7
cfa1f16c-803e-4e51-847d-d4beca26607a,11e05447-4e90-4d39-bf48-796a2cb58819
053649f0-f4a5-4772-8958-540740e06b78,9e1ad30e-9838-48fd-a235-18e691a1b035
1d7cf3ed-e014-4b45-81f4-16b667a6f2be,80e450b9-cf79-4c94-99bd-65d7856b868d
0ae3b60d-376c-4b38-8134-e55a85c237fe,57f690cd-223c-4f53-b5f0-f4f542e386da
42de2461-d64e-4b2e-99c4-357c6005275d,2d41d7a5-7185-4c9a-9c5b-1d2de1acc516
f8220de9-a7dd-4b75-9ff2-59331c581176,c5571b6a-fd40-4b0a-8fa7-51d45b995dd6
480dcf9e-baf7-4bd5-bee3-5beaa772d129,d8b717ac-e012-4077-a178-ddb7bc2be8fc
1fe56d42-8fd8-4721-a411-eda048199c75,9a38434e-ebb8-4b0a-a433-bdbcce4ef988
42452d5d-07d5-4326-b0aa-c10773ea62d4,d27646ad-58f4-40d5-9110-1b84b2677a26
9b33ee77-0f17-44fc-8203-0069c69a5544,37039d50-c2d3-44f7-b0ef-9d2c7d7c0b4f
c3280c9a-33ac-4621-af60-7f00dbc87c37,ed6dd76f-41b9-4ae3-bc1c-c548291ebddc
dec86ca1-2ebf-451e-a414-77d8a3945398,f93dcae0-0234-4448-98c3-adbfe78e6894
fd5141a6-c66a-4178-b1f0-8945fb6e6d83,47c6e812-b542-4177-8192-03f0bb3cdf77
0da1bf7c-9c08-47e0-a5be-c08990b0dc53,a5de6fda-0042-4297-b542-9cb21e419c99
c77cf97a-977b-4ffe-9881-7402a522d335,354f9a81-9d76-4e03-ae5b-93028a51d2d4
d5a1f660-2af1-4f88-9156-11456cd8f591,a3315d97-0fa6-48f8-9d4d-4d57655e5833
f28f0858-2740-4165-8661-03c09cac7b05,b1dbe00c-c19d-4841-a92b-9787d37ce86c
07a50977-e434-4a4b-ae5f-82e15b82116e,eaa56130-bde0-4cb6-8c7f-9b8d4fa3c3c5
e115a731-d33b-484b-8600-0e0761eb8b1e,03aa4e87-5756-4e7d-a68f-a503cda26016
f062691c-3b1f-4a39-aed1-1dc4ed0fd95c,5c3c9b70-c750-432e-add2-6b0fb1ea7694
69e1c488-4c2e-4362-9507-3226754f2d06,cb339309-4369-467b-bad4-cd3467b79dfb
53e8c898-5327-441d-b878-e6439dabc394,433717cd-2839-4467-a862-640c42ed78e7
4b5445d9-1228-4f8b-8e33-bbdc4e47a60e,81e27323-866c-4194-adf1-c343ed14d4d6
75971a4c-b966-4939-a811-0f978371667a,307dbb8c-40b4-4cab-bec9-343e6dd8d5d1
21305950-99a3-4f5f-98cf-feb09e325ae4,2985effd-a895-42ce-898f-a88ce52a5d6b
023fa4ad-0e9d-4c5a-9fdc-6446ddfe2282,feaa2837-601f-46d2-ae71-ea64512a3053
a8d7ab2e-3128-448d-809a-24a6b4584dd5,2de14cc3-63dd-4c66-8ef9-112c71ced996
d5ece449-0b0e-41b8-babf-064c2e5fa2f3,eb739e50-34c0-4d12-865b-e1b59cde4ad6
d6244667-67a0-45b5-8fb9-348357474e9f,7312aafb-6486-4b98-964f-95241a7aad1b
6bff0b03-c334-465b-bb04-15d0937e13e6,5cba00a7-d639-4185-8de9-f5de4b0fd3b5
bca20752-8633-4c08-b627-f603902eaaa9,c18eb291-7142-4308-a4de-2fd9fcdbf97d
bc6c3134-9ad5-4326-a52a-5e26477b6b69,82720c4c-2161-413f-8ca5-0b5c1abf250e
4d6802c6-3763-4f69-8e69-bad2a7133192,264f9bcf-196c-4734-95a8-f1fb065d4355
318cd11f-f2f5-4dd2-99c2-4c96beecfd8b,d677393a-f7d6-4f67-8efe-652cfa608875
54c17a18-7e8d-4427-b243-260ae3c24e6e,ac49f308-e46e-4f21-9246-e9c6c5639e2e
e55790b9-1392-4045-82e1-1b231edd0d12,3bbfe83e-accb-4da7-b7c7-2855440a7577
b884c388-c886-462b-835b-925e39b0a6ae,1ebee30b-2053-4ba7-aac1-e6867fd7a891
772eafa6-5863-4b36-be3b-c0f5bca1e2c8,03f994f6-876e-4aa4-b4c0-4f3ba3ff8a57
49361ac6-ea8f-4f8e-9b96-26bbe7fb9aac,7d3601ee-b77b-45fb-b4b0-92ac3bc43d15
f3c29125-5f09-419e-bb88-083fcb4e432b,ef28d421-fb6c-4651-8ec5-cc5f7f8e9137
6b0928d4-ef17-4b82-8ddc-fb7d516ef14b,be091288-99e3-441b-82e8-4be576e3ba88
4bdf55d3-9b95-44ae-aee6-9412b206f061,c3d82ba1-9d15-4b5a-a17c-f4f071cddbea
7448c5f4-6770-4815-ba5f-7b3f3e3414e8,98b132b4-e1ca-4d0f-85cb-181b9c5b951f
e02eb10c-3dc4-45f9-bf59-e9ace3fe7ed4,d12305fc-d757-4171-8f85-0078cb2a8d22
a431dc15-ca4e-4468-824b-f6d15f406504,ceedcfe0-bda7-432f-bf47-fee35d194f36
6d114d7d-0594-4402-bdd2-8c3c9a1d00b4,9d85ab26-6bbb-4971-9e49-b89c0477220c
588f8f7d-4710-4ff3-adbf-3434af04161c,82abba21-ea8f-4d06-a276-ec7a53be0519
0dcfa49a-459a-461b-88aa-658688f92df1,5b5f1dca-4c33-4b7b-82f7-9ab71e21096e
54b4f359-c334-4e7d-9bbf-537abf55e09d,2de14cc3-63dd-4c66-8ef9-112c71ced996
1b18c39a-5afb-40db-82b0-81674fe9fa96,84448373-f9a7-42ca-803f-3f55d7a71bf9
c53e3c09-bef0-4cc3-9c25-a9c4c9f6311b,4fa440f6-ca53-4291-826b-78a64d53a3c9
1b44c25a-c176-4119-9e59-66d9154550f0,220a436d-4ab5-4058-af6f-520d0a7cb952
1fca13f5-d0b9-4257-8283-b9f673f2c82f,69ec304a-390a-4b5f-b12f-48c079b82e3a
a9a10cbc-d15b-4634-acb8-2bdea547a5dd,b55cea37-d8a8-4d33-a230-48814af2fa4c
9f047ff5-f712-4997-8930-3850a90688fe,193678b4-a177-4713-9f47-5852c9f07555
0ee42b01-5d81-4240-b618-85be3699a20f,7e13a864-d243-4360-8fc5-517323f8c08f
bf34d3a9-0b78-4a3d-ad14-d049d0db3baf,e3d90bb2-fe76-46b6-91a7-dd802b088f84
fb79d14b-5628-4476-bcb5-7eb41b13949a,0db82def-436b-4be2-a5c7-db8644431642
ed82ffd8-a6eb-4237-a920-4fd10398b98f,07c8fe16-a505-4bc6-8997-6043cad1902e
964245e4-60e0-4389-824a-87c6108c8670,48ca78ea-4437-4229-b7d2-0ce926de0161
33329da2-3c1f-441c-888b-f5da9a9c279a,f37d7f55-7f3b-4b94-b242-253d8d676915
caabeed2-7e23-42c3-8670-e4457ff02ae7,68ca7b73-e7a4-4778-a85d-538e7f59baa3
4c8a9d1d-2d1f-4fc0-bd5a-d1c26095e70a,486ad749-8998-4d4e-ab85-9892c2447216
31c84ecf-da5e-43de-b6c3-6032557997da,dee67de9-b409-438e-ad48-3279ad935625
d89e4506-a85d-496e-897e-fe167be14db6,aeb2aa95-b388-45fa-9499-8e03010dc61b
9287f82a-0766-46b8-b9f1-5db3c2aac0cc,5fab8b34-56e6-4494-b094-79d0790e9a05
2ba5f2a7-8dcb-497c-b836-1291b21f447d,b172a3a4-892f-4a23-b9bc-e3a655379de7
79c3e200-2136-40ea-8d19-f4f4154f35bb,ae61f5c6-7d54-438e-b776-86477f5f57bc
b740d47e-ed32-41c5-b19a-50473a5cb68e,59c38e23-058e-4765-8e3e-bceac205a222
2750ff5c-0a4c-4d10-9f79-c74a20487005,ebe5f6ba-0965-407b-9b64-19d07550196e
6b3eac05-0df3-4646-ba8a-169c5683e36c,6710d49c-c44f-43b5-99d1-10dc0a7bce60
72fc4851-11e0-4d40-8aa3-e7fc453511d8,46cc3977-c87e-4e16-b8c5-15f642f4e471
c64bc67f-8915-4b8f-b8d6-00d950d0ff92,c463afa4-4f63-481e-809e-ae918ea3890c
5976df9c-76a0-4f34-a759-11d72ab67fc8,4f56ace5-270e-424a-8ecc-8d99f652da04
7e554e88-0621-440c-add8-d273921d3608,bd61ba48-c619-4ce0-bbeb-9ed59628ad59
0b5e834b-9f84-44dc-b119-f1d7a615b9a2,3908c501-5e1f-4fab-91e4-781d0183d082
0cb5396a-2884-4f55-b13a-ea26d32f783c,af4cd9d2-f997-4068-8e0f-15331ecb9aaa
0c7e439e-2295-4947-b800-efb992d41783,4acccc23-d9c2-481e-830c-e1009fc8a98d
106243c5-c13d-4e70-97d2-5c2c3ff97706,3a7c0d1a-b15d-420a-98b2-01e5d1e775ed
d67e9d22-5643-4c60-82b2-569516254d96,34cd632f-8548-4929-bf52-07a285126562
b223d408-6f41-4b5e-84ad-b1d3772ae414,690a19ce-093d-414e-b1f6-107a965dd400
14934ac7-1ad5-407e-ac56-c8ddd6c0459b,20b178ac-bd85-4c08-9bdd-1f9aa0fb7626
faa9b5c7-cc91-42b5-b39c-517703bc46b5,f9057e2d-3766-4e9e-a1a3-3061534b15e7
ba1f69c5-ef09-4033-af55-6201fe4de9e8,e0574d61-be7d-4cd8-a996-e4765849bed7
5c280072-4f4c-4d28-9283-048484f5fba9,ee93c276-c7e8-42c3-9321-b70be307fb66
8c099c24-625d-43c3-b782-6104a010b397,4c510a08-5280-48a7-9f58-d61111bfb398
e28124b6-ebb7-43c3-bb61-625c75586a2b,a66e3db1-53b9-4b4c-9fe2-f36ff4b3b746
3cf86fc0-3e29-4e70-819a-ad028934884a,0aee7ef4-d9e1-4559-b268-0383586d3c51
5bb41a63-2ac2-4021-8ab1-b625ae7c2a12,433717cd-2839-4467-a862-640c42ed78e7
ef20cff2-ceff-47a7-8be7-87702fe3ead3,dd90b78b-1e30-4778-bbd3-86f2bfbe2538
c3a4fdf2-976a-4951-b805-d245169f3eea,e788962d-300c-4712-984f-521f38107d8f
d922daf8-ea72-48df-a83d-af25e2d44dc3,c4b37519-d473-4f07-8c2a-cfa56baa27ab
d7ae5c5e-3e35-43c1-8c63-708aad23364e,025b8117-7931-47c1-969e-968c31f6620c
3c403204-e608-4446-9871-6db0fab22252,ec5d8ec1-183d-4dc6-90d4-a9145ad3e747
21858d45-0e74-473c-b393-279de6c9c12d,ce438fbd-6131-4b3e-8381-866c06591ced
195eca1f-c34d-4572-97dd-7db859c34aaf,a77b4a99-c3ed-46ef-a411-1fa9f558cc53
4b49ba37-c269-4583-986d-5e21008ab9ec,6e8b9216-e119-4f48-8185-e38c59036716
fc22f6ee-e5d4-482c-a57b-9a0a37ebced0,ae4113ba-f904-448b-8d78-184ab9081266
dee2fb33-2434-445d-860d-53a28dbd8eb7,417980e3-4cf1-485d-a071-bdf6cf1f181d
44fd504d-c0ee-4d12-83cd-4e1e890d7516,b9d63f41-9185-4dba-aaa9-b1302c7d27ea
f9ba8393-ceff-4eda-aee3-be17c286c787,d69d0546-54fc-488e-a4d2-108eea081aea
208aa1d3-01cc-440d-a488-537bc6853591,907ff12a-3ac1-4c00-9079-72ed13456ac9
c1ebd2cf-ac48-4cc2-b1ea-1cfba43aea1a,386f495b-47cd-4eaa-9c28-439236a7f4f5
307f7ac2-461a-4143-8d75-b5c270978274,233df079-cb79-445c-acf4-2a5ac8f54e80
97ed2b2b-4c81-4350-8c29-a95e2e6b64b3,66bbac2c-59c2-4e09-b24f-a52bc8e64e03
32915acb-e29e-4711-9e95-bfe6228cbcad,03209ea3-7800-4e4d-aed7-3e2f1028255e
0acc48b4-f7c2-459a-8d63-c602e8bbfbfe,8a779c56-9b42-43e5-9cf4-5c7c1a6209f9
f1ca27c4-270e-48e5-a2e3-0652a9535c4d,a3e501e4-bb7f-4f10-b18d-9e8ea57271c1
feda9706-a5b8-47c7-a725-5b46c3ff1b40,ca1a724e-9933-44c3-95fe-01c155145dd2
055d3996-253e-479a-ae9d-d122730d6370,c3795878-f597-4af5-b7c2-35d292a5778a
0b2feee7-8d96-4f5e-9e86-de0b8a7a8498,3b841746-8f2c-49c0-840c-d038cc08708e
0e4ca3e6-43b5-4aa1-8d51-160ef5ed9ea4,249b6196-610e-4ccd-a62d-601ca373f7cb
87185e99-04fb-4a69-9743-1fe2d5d0f098,7b206ec3-3b8e-4d0b-b117-5002bb7f71b8
6c2dad15-01e6-4e32-9b71-ba0667916afc,ffc01168-3835-4774-b93f-02575faa82a9
e66e782b-1c9f-4ebb-8068-f8939f7eb5b5,c99a52cb-c619-470f-84da-610c2bd9825f
b4343615-2099-436e-bcfc-211d56e71b65,38bf51fc-d0dc-487b-98f3-0de3d1b10a89
49ff1112-01da-423c-91d5-6247f2cfc045,1f7674e6-1d28-467e-8011-4d2a34361dbd
6a6ce7c1-82bf-46e1-8409-7e4dd31ae4aa,7cc92fb7-d4b0-4a52-9ed8-b59cbc0bc2c4
3818e43c-2639-4c6b-9b89-93f14d5a9277,723c77bf-dd63-4012-bcd7-9ee0fd09ffe2
0cc38002-3189-4ec4-aae8-6124047684f7,04932933-0792-4a7f-8e03-775149ae3a9b
26cb9f7f-b2de-47c5-a8a4-5a71dd21280f,da456e8f-3951-47e4-8b55-9c3cc834c6d9
f74d5ba2-9d4d-4461-8efa-70e77ef604db,4c1d8312-a1de-4402-86eb-7ed7cb083475
444a447a-a303-42f3-9e3d-c681f6ae6aed,31ca9a29-5cc3-438e-a306-6d8513bbb27e
40310ca6-876e-4aef-b2a4-c8a314c58f02,24dab9c3-69cc-497e-9120-6915b99cdb63
d8f138fe-4afb-4124-b657-384c5eaa570f,73c9e3d6-507b-4511-8714-66a5497aca5d
55507212-ac3b-4bf3-ba9e-62ac8e503207,029b8dd2-bd5d-42b3-8bde-81462ccf655c
987801f4-137a-4713-bafc-ccc6bca88cf2,4da3749a-23ce-4c47-914f-6c899cf59d2c
58366351-432d-4b08-a845-f25046b9d5bc,fedd11b6-72aa-4bf8-8116-f7686b2528ed
a2fa58f3-2ca7-4201-9725-0333476bcbb1,4c691b31-08cd-4050-b8fe-0bd4073624f3
c76f0613-777b-4b50-86ac-3c3460c3a2df,21d6fb7c-28b6-47f1-b912-816b6fbaf7d4
c4548696-2e0a-4d53-b93d-9bfe0ffdfb91,2d62d88f-31f0-4cca-b84b-ea632d08a6e3
6ec6e61b-cce1-47fe-81ce-5e5fdcf58f3d,26db0d55-13b5-4556-9ab1-b555e3743180
ca63ae44-e2ea-43b8-8612-faa62c91e9eb,14706b3e-26b1-4fc5-9edf-6a93ee7591ff
6dfeb0e5-f5b2-49da-a9f7-cc058e9eefb6,cdb1bef1-d96f-4d2c-86c1-283ab3f15aaf
12d653c2-c122-4ec8-888f-c2324bde9b8a,fe4ac1e9-70b9-4f2c-a894-a56b8df69646
0f96980c-c381-49c0-8152-735ee9edf5cd,48b596c1-9353-43cf-b787-2222a33520b3
326d0792-de8b-4742-b804-537266f05819,16829bd4-22de-4f54-abbd-e763496b3d7d
f8401990-6304-4886-9ff9-e070d5713d08,2e6031c8-5ff5-4b83-bd79-ee1df07da538
5a2630d4-a194-4cea-8464-09dc1d770b6e,60442d88-105d-44c7-81cb-b0f006dd2987
7e4e6421-204e-43b2-bde3-7fefd44fcfa2,b649b7d7-e7d3-4c6b-8fe0-77817ed6eeb2
d57c4b1e-1464-404d-9b4b-02e94d2663e6,a49c6d23-793b-482b-92b9-8d8962cf6088
28ef9dd3-ab29-4b98-84a3-36bc8e6be264,d9fbd00c-7846-49fe-8b4e-2135afdc0646
4fc79dfe-0dd2-4da0-92db-2a9b28eeaf31,41b59a97-a712-4344-98b8-a60aa63b0adb
d269ea90-ccb6-4731-b142-31dc66b0fbbc,df231721-c1fa-4f35-a7aa-7973d606e7d9
2b44fba7-8d7a-48d0-8d65-52537c0e2f04,3493e21e-0d82-4d56-8a1d-e54089f5bce0
d43d55d5-5447-4cc0-8345-91e5b250d3ea,1ae7fb97-f7cc-4598-9a0d-e930579dc25e
585cbf41-937a-466c-ab72-dc3aba24aca4,fb2a9ccc-d16b-4ccc-8685-ca3104f60595
da4bee13-3854-43a2-b45a-8a4f9859ce10,00221963-0232-4009-af28-8dd01a97b282
34f18c08-d776-452f-bc41-dd254889ec17,34fd361a-840c-4a3a-b084-40ec9a6fc956
a0fdb2b0-3282-4b16-8824-0ea0e4d097a1,1b7dea5d-29d7-4675-9717-f94b82d50d26
06d892a6-72c1-4feb-b1f7-93ada54cff14,cca12734-7f5c-4f2b-b446-70c2719346eb
0af3ea15-5de1-40af-84e7-e985a31da7f3,d32ab6f4-584a-4e85-8834-0ccf6bfde493
33ae9526-0ca4-4886-a438-b427cc8631c8,d476e24a-9dba-4209-bba0-360a8b320fcd
6a181f32-4cec-41f0-ad46-44ea839b2828,52a89af7-98ec-4411-8296-b8c4e9f85191
50f0f88c-f692-4079-bf37-da9819e90d8f,fc50ed3b-f13f-4c82-b3e5-37e4e8728a55
8bc17d5c-5c87-405c-b8bf-5e50ce5d0d07,92c1f43d-fd20-46bf-a470-60caff6cf80a
3c6b324e-80dd-4b48-88af-6403136c8f29,5f32780f-2e78-45ad-bc4a-45cb9f2eb474
4cc7ec4d-13b8-4685-8660-e93d2b641735,5db08a18-af98-44c0-9b45-90a5a5a0e96a
472022c1-072d-4d75-a7c8-d621d2fe0fcc,9ae271d8-c0fa-4cce-9f90-c813cf595b45
3f69c949-f48c-427f-91e9-34aecdd9a839,028ca400-1a78-45c6-be65-a5f135f71977
63a311bf-f57e-45c9-a501-eb36d1d75484,aa8eae72-a8c6-444b-8d42-48c3aaf143bb
16d3b9f5-8dbc-4f90-9ee1-63646d997f9f,81428e5d-86c3-4d8c-ba7a-badc45ced814
5ed72eba-ab0e-4134-a7b3-32f1606688a7,2af73ade-dbd1-471e-8426-e4ea5cdd6789
ea23e214-3326-411e-964b-caae88acc742,2d62d88f-31f0-4cca-b84b-ea632d08a6e3
8874b59c-0b51-48e1-bc0a-f747ef7b0be3,4992f27f-2fc4-43b1-ac56-ace7e6ac8cf6
026ec80d-af1e-4bdd-96fb-a97ecbf34f9d,2e9cda73-c8f0-46ed-978f-bc57d840fc9e
cdf1fd77-eea1-4fd7-ac79-4ecc1e278045,4366b3c2-ff5d-46ba-836c-2e0f704cba9d
a6bcd927-299d-4902-9028-1609d593546f,5b2487b2-02bb-46e9-afb9-42aa2dfc76bc
0a95598a-ad57-4757-bea8-86d39731c1da,abe8320f-5bc3-40d1-8752-144205a87a25
deda644f-3919-4a4b-bf42-d9d126d5af38,23df3c96-41b4-4e35-9e6a-66a8c2288648
91c74de8-a84e-4283-a207-8d84cd59ea62,eb739e50-34c0-4d12-865b-e1b59cde4ad6
1b4afcf4-44ac-4720-9345-c216a2ecda08,81736117-36a7-4277-a5b8-ecd182cc32ba
d138071f-9806-4f8c-b6d3-803c9738565c,bdd1ae6b-4ff9-4cf3-a0f8-7dc2ffdb8569
2c6c5101-4cd3-4275-98a0-9f3c1350bac7,41b59a97-a712-4344-98b8-a60aa63b0adb
c041d046-fe7d-41cb-9ddb-1c9f10bd8c3d,e3ec256c-ead5-4cc7-90c1-3b0a2c2ebfb6
da4b3827-6648-4ac0-8d10-5ee4ff909b6c,8eef117c-ac24-4843-8def-e2d30f48ce04
e4b32102-5112-4aa2-8922-b56c1db8959b,88f7815e-b249-40d5-9ef7-04c7c6f72f58
6769316f-d54b-45a5-90de-17f3a691d058,af828b05-a612-4ff9-a332-15d35622d400
8fdbe5c1-f765-4362-8c6c-66788fd25452,6bbb147a-5e52-47d3-a371-eabadf7e3c42
69107924-e412-434e-9923-3534a32605a9,ecd69620-d93e-4ce1-9fb4-0b619d9fa23b
7f068876-6011-4053-b980-183b15c7f13a,32d0d839-2496-4665-8c63-d58d2544460d
ec91b6e8-7b31-42b7-9b21-abff544a034f,e155849f-1c75-4b90-abfe-335316bed2d2
6ec9d54c-3e33-48ef-840b-8cc76beca282,feaa2837-601f-46d2-ae71-ea64512a3053
ded6ba9c-2470-4a09-abf5-1de7f04b105b,aafcdc88-3d70-443f-9bc6-d5d27668d9ef
dd09cad1-7740-4e28-9653-a97203b059a7,d33f0641-09e4-4c37-b923-572810e6c730
9d261a53-d347-4b27-a4f4-858eb4530672,3c582b45-3c51-44dd-baab-ad86c18a481f
86376fc8-5b22-4083-8d2f-9268bebf8eeb,f2df88e0-05e0-409a-ab19-de2b09b90cfb
8812fd16-e2bf-4209-9ff6-91d422b9f84c,1a6d1f86-61a1-4d6b-b14c-8f7766dc8135
b218c923-e49e-4be9-be0b-1045057943bc,38ecd6a1-99bd-46a7-8d18-70f9c1ef1cc0
eff0aecd-d093-4971-a027-526edd55b3ae,c2d3f0c2-161e-432f-9b80-cf3f6fb33971
0ee42b01-5d81-4240-b618-85be3699a20f,01adc7f5-37c0-4e6e-84f3-7137b07b61bb
e2c6cdf1-1e22-4952-a2e6-c9019968da1e,045cfeb8-ab86-43e0-aecc-ba34cba9332f
77a0ac48-05a9-4489-9e0a-c955e638b7ec,449545cc-44a5-4b2f-987b-b6a056de7ba8
473b758c-1aa9-472e-b479-ca5ef238ff1b,70bb5cb7-0816-411c-9aea-6673d44fccb0
db78f7ec-b926-45e4-a9bd-e8ce788c8f7c,ba673080-fb94-47c5-a62f-995138b83bc2
ef1e42cf-9c55-4046-a8cb-8d502b72e851,fbf17f9a-295f-4a0f-968f-fc7e44bd926c
dbdb38e2-f601-4c02-9dcb-8da37e109b78,c837ed4c-28c5-4248-bbf2-77bad7efe340
5678c529-7f00-424f-a791-9792e3007c4c,c940e347-61d1-4b64-8648-c0c9ed1850e2
8566a4bc-3f5f-48a2-aa36-5e72ec34a972,9035766f-17d0-4659-a3c9-5aa4c5cf10a4
6fb6bd3d-6b8e-40ef-ae74-3a985ec22db9,38256e3b-1655-432a-9603-bc085f3fb51f
1e3fda88-5f49-469a-b10a-f8cd9bb87807,63488662-2077-4f12-a85e-edc440202c62
5f788c44-cd34-4def-9993-9d132886a3b4,a8af3bbd-e2e7-433e-aad0-331b160bfb33
6ce711c4-e2a4-4e8e-ac67-5ac940c2df6f,43198d2c-8716-46b3-8126-45c216925707
5488b354-1896-46b5-b5ef-c2095dc21a75,f709e6f9-8a17-46d5-b7d8-75f316fae32a
bb752e1b-b7de-4f5b-ba29-a188c818f3fa,01c1f219-400a-4c92-93b1-ec92f121bce7
4b101910-18b5-4435-8147-8a4901e3e635,cdae466a-753f-4cd2-bde0-9047d6b5ece2
7262f14e-b86e-43ca-9716-7a39809f5448,40073354-21c6-4c34-bf23-ebf38931bfa2
8607bc41-ead7-4a30-a49c-9fb8f843d269,d74896bf-8415-4509-a91a-f1deb2139da3
783e6d37-9fe6-4693-b15f-ab2361f50986,27678de3-0bcf-49fc-811b-ee8f03814695
0ae3b60d-376c-4b38-8134-e55a85c237fe,2228c8db-8830-4a71-952d-8739d4e55cd6
7d6c5e85-f8a7-4e02-8c07-6a397db6ef42,47ebfe23-662a-4d9e-8410-799b977eaf8f
88fc4d4d-c339-456c-ad32-1a2a011724c1,c281362d-87f8-4adb-8914-68026ed1aa5d
4537b05e-f02c-469b-9bdb-16ca09fbcd41,54bcb861-0ad2-4847-824a-5f1ec868fff1
4467fb0e-48fc-45cd-92de-4b1beb413d9c,84c28e6a-f862-468f-a056-4f5efabb2527
7b946b94-a4f5-477e-ade4-a5f01012d23a,d327e165-2116-4f71-8e1a-8c387133ae30
f1b674e3-f3a4-4111-8454-14cc0af9dfd4,88ab4466-5d66-424c-9ff4-9dca4bde71a2
1bfb6af2-af9f-4216-af00-79af5ef54bd7,b88a63e3-45d7-4f33-94b7-cf818cbf317d
fc0e71af-cc23-4e4f-ac91-cc1668c97679,211eb73d-31c5-418f-9b61-c172c8733db0
116cf644-ed78-4a22-97fb-a488aa6960dd,c630debe-900d-47b8-8869-05e1ecd4394e
9e865eea-c403-432f-a331-5053e54042a6,9bd49b8c-e653-4dfb-9f11-c15a2506dab1
e0abd627-b93e-4770-b03b-be222bf935fe,5ed46ff1-319f-4a25-83aa-250ba6435b00
86819826-dab4-4b6a-96b4-95c344ba8381,a84e69fc-e26e-4e9d-8d1c-62c977d3a373
a85b8cdd-81db-4e88-b4fe-7cb876667d3c,240d7ef7-ea2a-44df-9f2d-1a4d5c8ea243
608f4235-78ee-4c16-9b79-a493af84b5d4,a022f7cf-dc9b-43cf-b5cf-1bd811acc13f
afb35b07-1f35-4ff0-b898-becc8d8a61f6,63d03da0-a623-481e-ab2d-f4f2bf3b483c
d55cf174-0187-4eb8-a3b7-9ab406088bb0,7443e429-8689-4e27-965d-c6cca0e06d80
0469b550-d35d-4b43-b7e4-87cab30f68dc,d8d495e3-f4d7-4ef9-9591-5581707362db
d82e6994-1e06-4a49-ac77-aa47c1fb41c6,fdfbcf49-8f87-419c-a2cf-62ad152e4012
f0abc83f-ef2b-472d-bedb-91b2c8eac78a,8269f5be-9f3c-4b77-a67f-985bcf4d6bff
b2042519-8ea1-43ae-a05e-97369dbd0900,b8a8c40e-0e8f-47f3-939b-08445527ea50
47326384-5724-48cd-b47c-c4c3e6641376,1db7d85c-1b09-4caf-87d3-df3341316532
355c65ad-7206-44c9-a407-e87e31282794,23b0d513-1953-4e78-bec2-d591cbea1581
50a82233-7f64-42ec-bd35-8a8bdb0b3abb,e8c45da4-0d1f-4b13-8297-9effb3e283fe
36edfaa6-c665-4383-858c-43eb6c65c008,8ac7348e-88db-4e12-b738-d2be0053b46a
ea88cc46-2257-4efe-9bc8-67d6cb1c0d7d,4706149c-3243-4477-b89d-b821226afb9c
1628d98b-5839-4606-9233-9b490a22811c,4e51883a-bce1-4131-b6e9-2b708acc3ce6
95853ec4-10f4-43d9-85e3-69a76943f77e,69efc7a6-a0a2-40a1-8efc-5382fa42697c
d3344d54-6f51-439b-a7f8-0f4bb2c368a1,6642e63a-7c5a-4d37-9eec-e9f4b02df22a
9359ccfe-02bb-4fc1-ae01-a49be8025158,6a4f5ff1-c201-474d-94de-d632c7995cac
807c87d4-74e6-4413-b9c6-fed524724f4d,42153a4f-1561-4e7e-ab38-ff5d6eadf9a4
d012041e-80af-4994-a439-3af13a4c72c3,b170a2a0-01da-4138-aea0-9bc49161ee14
67c277ed-bb4f-4b69-b74d-ab3f6cbb67c7,9c0b5bd7-8a8f-4235-a61f-6dc36fee6c5d
066fdc39-ac5e-41d3-ac70-5289ef39ff40,ad0518db-34b3-42b5-9033-02b6acb72222
ef999095-13a7-4130-bf48-e44e1cab4a75,5154fc37-1887-479e-88f5-a1aa4a9bbc90
887843fa-f14c-4e60-9e51-cf05dfed4d64,6bfd5457-d438-463c-9e97-fc11eccb7912
a4b80384-097f-461b-80eb-c3ad751ebd7e,9b347fcb-9c72-4161-80ed-02d639c77d23
e061b56f-fba6-4d22-b7f8-6494cfb875ad,e2ee2ef8-1418-413f-b1e4-9b03cde2572f
8df241ee-7a68-4225-98ac-6ab46c7ff074,f8bc3e95-b0b7-4897-84d6-af56f3c67474
6ae148a3-ea63-4f8d-aa64-0d0a1857408b,176f28c8-522f-4a2e-af85-8e49879d2ab8
e783f043-7831-45c2-847a-40dab57feda2,127ffeb0-34c7-4deb-aeb8-b97eae107643
03c5b783-46f8-4b87-8b07-d930878b7846,8e751877-bc7d-4b9c-bff4-e76fc580c938
00c0f40d-ec22-4db9-9ff9-3ceae239922b,6b53ed76-9384-468d-8bca-af543d6e175e
f369e5e5-ce37-488e-a8e9-503461d7f85a,a0ff0911-61ca-4807-b10b-509050c026a5
9e0b9be9-34f8-4089-8efe-608cdeb53f2e,7270ad86-038a-4e9d-94fb-63e7bc2770ef
4b51ddc2-d78b-4d83-b4a7-f7d537df7932,a5952edc-fa1f-404a-bfd0-2dcfc6b8932e
4537b05e-f02c-469b-9bdb-16ca09fbcd41,ff071ac9-73eb-4d7c-8568-15fdbb8e4fbe
210bb1bc-5994-41d7-89a2-a54981018efe,df68a625-4827-4fea-ae27-88c4869da4a9
693c04ad-a62d-48b4-818e-62ff6de46bbf,31ca9a29-5cc3-438e-a306-6d8513bbb27e
5f1ab788-cb47-445d-a57d-84ad2caf4512,7062a28f-f930-4baa-9de4-01ce7c8f6864
b75b5642-04ff-4d68-898d-0a7276b7d2aa,2f35ca75-c713-41c9-acd4-07640f327391
2bb9d95a-2ad8-414b-83e0-ea9d0cb82894,36548cf1-e86a-46b3-9896-83e69b5bdf03
13ef8ee7-a80f-442d-bbf4-004f035a914f,603aaadb-0abb-4de5-b484-03b4216f936b
7a631088-dbf0-4713-98ef-1e5814e29a7b,8a08dfba-3213-4a12-b140-9e397e272e00
4b808b43-0889-484b-addf-d661e03f7076,8b64366b-4e04-409d-bb0c-aaaa9726c7e0
803144a4-3b3e-4c55-a22d-2d5bec76e77d,38bf51fc-d0dc-487b-98f3-0de3d1b10a89
98d51553-c899-46c4-882b-ad42b6911ef2,a01cd286-60ea-4e4c-b149-bc00bd77645e
19ce9666-1a39-4973-8bc0-972bac92f378,dc0d3782-d6d3-4fa8-8dcc-43df9d1fd06b
f042ca69-c885-4496-ab43-ed7ee3aa76cc,06067dd2-1dc5-4047-ae70-5a4731452bc1
d1db2d84-f0b2-4b63-9540-756f3c0139bb,b70fa192-f203-4517-bd1c-538e827e5ea8
f1cb3352-009d-4739-9060-048f5b5f246f,f136d513-2249-4ecb-8888-59c1d6594024
5ec56b07-c427-4503-895d-06b1edcf98fe,53f4164f-6a30-47a6-8342-5f713a907bd1
144fbc4c-b8b8-4910-b7c1-fb0193854fbc,6ce44732-1c70-42d7-89e9-9c0ef6ee0112
e6668eae-2833-4ef9-922f-b12769e77933,7994f244-d57f-4eca-8fb0-c756f6302ff4
a9b8e3d1-fd28-4047-967b-fe1db8c92f6d,e72e7b04-35ae-416c-80e6-f1280c8f49aa
5498499c-3eff-4dc8-ae4c-fe61698ca6f4,03051682-78ee-472a-b7b4-7e12cefb925c
c855b4c2-e4a1-455a-b165-203c19c88115,c8d48199-52fc-4da2-81a1-28fadf7bd4fe
56896380-380d-4651-8bf2-1a50b83eb749,24ada6a3-c2b4-4932-893b-ddd3b20460d5
ee0100f8-6919-4c8b-b759-2365920952d6,899838cf-0c89-495b-a077-58e25cff6679
b740d47e-ed32-41c5-b19a-50473a5cb68e,5d4a6817-cb6a-4ac5-8ab7-4c1538f57a4b
ad3178a0-71cc-4988-bd2c-4854e39afbf9,d996500d-efaf-482f-a6ab-72271b252d6d
0b244ae0-9d01-4bbe-872c-d87ee1cb9b11,80ada8ca-9bab-4864-a6f9-63d4947f7913
e55472fb-6ea3-4cb7-9444-3dd68cc39cab,1863863a-1616-43bd-bc80-c051513c839f
18b3c7a5-a4f2-46fe-80d6-0db0a0cee382,cd089c59-3d54-4097-94b6-858a497f69b9
7e4929d0-cdea-496f-bf2b-74f5ffd334f5,52a89af7-98ec-4411-8296-b8c4e9f85191
c7d15505-5720-47da-b220-6ebd736355d5,eaaecd55-a10c-4b7d-92a4-c44e653c0ccc
16f7760b-bc03-4242-bc92-aa7647291d1c,620e8057-7e4d-49ea-8bf7-cb585e5570a0
68de4d62-0762-4bc8-813e-429f663cb297,660fa767-b5b1-4bb3-8975-63aa56d04df2
77ec2d32-45a1-4d60-9646-dd76f715d0ed,621d3d83-08ff-460a-aab4-0e29dd15b744
b353ef08-5cad-427b-9b9a-7ad6a10b5023,eb3ee1d3-ccfd-4169-a888-5445230c6046
8a83338e-5171-4130-81ba-27bf603944b3,cf271b8c-92d6-46fb-9aba-6c5ab45ee871
bf0ca44d-fb2c-4eca-943f-95b375b140d4,75abcdff-e2ff-4965-814b-1fde6183104b
e3d2da13-ea0a-4100-9dd3-2d4aeb1224e9,4106ec36-d7e2-4488-a954-5966222aa0e6
48e4499d-098d-45dd-81a1-3b62145ac065,71716f87-2092-4144-a736-a5d41f31a092
6064946e-dbd9-4db0-8ba0-741f53442eb2,b6c9556d-42b7-4eb5-874f-5e91bb739202
8f08c920-19be-41f4-a549-b43e33a7ac8b,9ae38878-ca40-4925-9d4a-f87beb2b60c5
909de390-3ded-478a-981b-9e44de6e9e0e,6519a4fa-9bde-40b5-86ed-70e2ee3012ca
d45964c8-ab6c-4193-83c1-09dafec51816,7357efaf-fd56-4f5c-ba7f-3801eed4b3e9
e4277793-e941-4dd7-96a4-49d7b985884e,05b936ab-d296-4a85-afd4-43a6466c0aa6
b0e9dda6-61de-4da8-b52d-7816a6a591bb,41477fff-f157-4bee-8a1d-4bbde3807dcc
af95e29c-6515-4fa1-b1de-d857ac7fe2de,b7baba96-d0b8-48cd-96d4-903ea2530050
4c1cffa2-2b64-40ad-ad57-7798fb163320,2f0eaa4e-f45e-4e40-af30-8cac90021358
158eb8de-975a-411f-99b5-922cd2e0e623,0184b6ec-4256-4658-8455-e237479b2593
f20feaa2-9765-495c-96d8-0c541696e564,e3428407-b28d-47d8-bb2c-eca340b1fbe7
62cd240a-2ff9-4df8-b7af-c5983af68e51,ff430cea-90ab-446e-a130-8a02033ee794
0b8af77c-c24d-416b-85e0-cbc2a684716b,d101f003-c6b6-44b8-8eca-0276cef03706
5a277a34-df3b-42c7-a4e7-496d1339c046,2cfe6479-10ee-49f8-95e8-77dd058abdbd
3109db6d-c0d8-4b4d-b834-fc1afc7108a7,b212322c-7f48-40f1-8d98-aa6a6cb887bc
5885954b-05c4-4a44-8805-082e417fb8d5,ca27e42e-c6df-4e94-b350-f2fb27595419
a1759370-91c1-45af-b26a-85d70a2d360e,76b870b7-5354-4e11-90a9-2ff22c00505b
7faebdc6-0635-4f2e-9e36-a3eff7cef00f,14976002-fc69-4fe4-ae8b-aab2e68582e4
4d7c4138-a512-4bb1-9948-e9ada63c8ff3,c8e29a1e-2005-48da-9a95-21e2156e537d
fffd3d65-feee-4ec5-8a55-d7f864ba4f5e,a67a4ea4-4f92-44c7-9501-51971a7e63be
faeebfc3-46d9-4276-bace-07a9b215d1de,7cc401c0-6f6e-499a-86b0-4f7bce88d35d
c320926f-7f0e-4b1c-8412-113fcaf01b0f,e761acd7-9b53-4805-b8c8-e364c53efda0
3231a11e-51e4-4f56-93c8-e56862f20584,7547cfac-8ab2-427e-ac2e-4080044a7d5a
208bd78d-82d4-4bae-b31c-dc79ba0e14e5,81ab045f-9fff-4d45-bc1f-d8fefb725b66
7ee02e15-a904-45dc-83fd-8a0af038e330,6e24061c-42cb-4e0a-ac13-5842a421340d
531b1c15-4c54-4936-9272-680c62cd96e6,dff4555f-08d6-418d-973c-d20c12af23ea
0a7ce5d7-ed3f-4ca0-9c4c-b86cd09fdec9,953070a5-2753-4659-890a-849e31e427a2
9acff300-6c0b-43c7-a1d2-fa7f38dee4d7,12c2e880-68e0-4ece-a749-4b845e0376d1
265139f8-390c-41de-b206-f26f6414ec18,72871a4a-3b89-4d82-a37b-f2c32b2bfc13
4bcab2e1-980c-4929-92ed-4a088999ea4e,48579098-3114-4c5b-8f23-033c09ed8ed8
6938aad7-fc40-4495-aeb7-f20cc810530d,b32d4e25-0ac4-43cb-9fdb-8573646e6a58
5d15597f-d954-44ed-b467-805029c879e0,390dbf47-9ddb-4205-99a8-7216a7e5d996
9356f8f1-b491-4187-9846-e07423596e37,5823b315-8306-412e-9668-129301f12875
008918e4-0a46-4308-969d-3f3beb1eefb0,767831ba-2c1c-42e0-97b3-1ead24a6a824
b75b5642-04ff-4d68-898d-0a7276b7d2aa,45db63cb-7ffb-4deb-99c1-cb18109074cb
4da06e32-5e43-4987-a7f5-62e784feaf16,f04d5c61-dd38-43a0-8401-695d214ddc1d
d47997a5-a406-4854-a494-8bc096071223,71c5d82f-5b16-4325-b703-5f29f04d89d2
d21ee9e9-1cfd-4ee2-86a4-a75c8ccb1e77,9c32c4e4-0c39-4bc9-9455-663c30ab4779
28ef9dd3-ab29-4b98-84a3-36bc8e6be264,45983a0e-d548-477d-ae70-7669283d312a
4e88a79a-fa1c-4732-90b3-d7fb6fb7fcca,c48e3057-c65a-4ceb-9a93-e35ee1e70e76
2b481084-92e8-42cc-8ed3-0d59f95eafda,3f6ee2c8-baa0-45d9-bdf4-9cc1346736f4
ae3b3e46-a469-48a3-b42e-cf8a2d910bdd,992ed09a-e6ab-4e68-bcf3-20caa487b9b1
e5216ec4-38ed-46d1-98ae-10f87f875dda,f0c02e55-cc4c-4afe-869d-e50440e708c4
681e1204-7406-4aef-8289-307716279b42,84663acb-ad2b-4bd3-8504-a573fdeb77a4
a402d4e5-efbd-4b9e-b3a6-238c6f1f5523,37a5b97b-8c61-4368-866c-e478b03423b6
60e38917-8e32-49d9-b19e-dc0a27e9f34b,66216758-233a-47f0-8b05-076400c3caa5
d0d9ba2c-1d7d-4cc2-8e1a-134c2fc03257,42b8a886-60f8-40d1-8016-ee29ab9074f4
7990073c-3f99-4599-b2b2-4fd32f7a6d93,40d454a8-3886-4a48-ba84-0c1e1112f28a
3bd70eb6-c009-4ec6-afc7-10192e6367f9,6bcbc702-da26-4c04-b5fb-fd54b43a1e61
96d001e9-fad3-4af0-8730-06ee88d98d3b,6ed8a94b-0afe-481a-a0b7-d9806e72fe06
f92ecd16-16fd-4847-a94d-7cd5815d0d6f,d2a52458-a90d-45b9-bf0a-11be72eecbcb
dbd62eed-d59c-46b7-92fc-9a4bcbfb97c8,032b17a0-8408-4747-9ced-4518f7a16949
3bd206af-17ab-4b83-8ab1-6d9360a7065c,3471f565-d890-407f-96f6-d024ec302eb8
35ca673f-55e9-4b74-9799-c4e3d8163387,3f642fc2-d12d-4f04-8c28-569d4a67219c
f7b050f2-c730-4e44-b2d4-a35653b3da80,9a2fd84b-164b-4797-bb35-de2b29486d0b
3ca744db-2d99-40f8-9a1a-bc8e6eeab9eb,514cacbe-40fd-42a2-852c-a363a8bed7b8
e42beb8e-9518-4aa8-896b-a6b080759d6b,326b8f03-e8d5-44a2-8a50-5f528d370235
a26bdf2a-ad14-4894-abdf-394ec60c3466,27586c91-960a-464a-864e-8e9b08950627
03328fc9-992e-42f0-93b7-486323d442c9,3eb7795b-c6fe-498a-9b80-870a2c4f61c0
0cec0c7c-9872-4556-8e2f-afaad6d14a75,c351392c-85a3-43bc-bf18-e04556d76489
97dc678d-8f41-464e-8555-1d55292135eb,8f332420-2692-4de6-baa4-3b6ebe7b22d9
8a55ec8f-1323-46f3-ac9f-3559cab230ce,35e21594-81d2-41d7-8c3a-01bb33220077
790f9703-3523-4979-81ac-0c4017265941,bd5d39a5-7ff5-4661-a02c-edbdd35cca65
2a361c38-7bab-4e39-8aba-e0d18b5e25d1,79d04b20-dfd9-4f08-995d-8f1675df9b97
b359842d-4a75-4db9-8629-fc74be503a90,2845b617-5f63-49b0-868e-161aab687748
2c7d0b73-2361-44b8-be1d-416c0e740330,c3985728-997a-47f1-a047-bde1a0d868ff
bea69899-6401-4f37-b49b-0f643afd85e7,681c7b1d-2e9b-472b-a6cc-1d18b4906306
f768702f-2877-49ae-8dfc-8422c2af2dca,26afa9ad-9e95-49f7-a9fd-e08cab3da858
5f3a5cfb-4128-491d-a1a3-c264bce79a04,53f5cf6e-af31-4c51-bdfa-88c03ac13205
f38a4373-e09d-456c-b54d-4954ed26c53a,20180cdd-3008-49ff-b7d1-185df4dba23b
38434746-66b0-466b-a1ce-7d8110736205,0c7268c7-1570-4df1-a9ae-c11828057e9d
71fdf014-9251-43cd-8e87-33b57afda670,1c737ee2-2a98-4dc9-8ad8-22ce0e158128
afcb9e20-ed7d-4f93-adfa-21f9d8ad7729,81275e46-0f65-4897-b5cc-c20ac4664d17
0a5dc6f8-9380-4461-a429-8d74f8421ab9,f7325f01-ec88-4ee9-a9a4-13d5a31a281c
7d640917-ceb4-4051-bbe7-22cdd57e6547,dc593b1e-4ee1-4aa4-a501-6ab994377b45
af3db012-15b3-4ff4-a6a4-9b6744cd98e6,9a0d5ab7-6a8b-4d90-a89c-0a79b342ef33
2bde64c0-3452-4c5e-8317-d052d7b86cc9,0cd31dcc-2f9a-4396-8a74-c5eaff060444
6929ff83-ae87-4995-b1d7-f88cfec818bb,ee08b0d7-25f4-4e8a-80f2-9adecb2fdc9f
b887fdac-cf36-4399-bedc-5ffdb8e0b03f,8e53a138-6ee1-47cf-8c25-c279195d9d11
952124dc-5b53-449a-8c4d-a368811ab584,9fdbc8a7-788e-4d36-ba89-1e785ee3213c
af8fbeb9-0d2b-456c-8105-c67388b5e8f2,7af29545-b8d9-442e-8ca6-5fd56d4f4d1b
d6008bf0-16c2-407a-87a6-7ae1b1a39d19,fd1d41f6-4322-404e-9b2d-471522b80c9a
db8e281d-12d8-4101-bd77-b93f098ca504,0330804e-0026-4ec3-b1c7-23e0e2a84205
2525c20c-424f-4fe3-b650-b486aa760c88,13436a17-2710-4157-aa16-cead8f8ccf6d
49d8c411-299c-4af9-8c2d-5a478996c8cf,4f18bf90-65dc-4585-abf2-188630216e07
e536d8b8-72a9-4b9c-88f4-5e97880ad2c4,894ee839-9a3d-47bc-82f6-12853eea6300
29860d0e-9407-407e-ab0d-7f3433f3d679,b318aea9-4f40-4ac2-9402-8f3797b08a15
9c599947-7101-495a-afb0-aebef4ebc6f7,8113f7fb-e734-4820-bb26-5ece53fdec4d
02cc514e-2557-4289-b3b4-da8d3f3ddb2a,a022f7cf-dc9b-43cf-b5cf-1bd811acc13f
7d928765-ed05-4a42-a5e8-3bf53746f8ac,bf5412a3-afaa-4088-a944-44e0bdf3e50a
87fd2428-f666-4d2f-b721-990e06e9b87c,adea1a92-247c-41da-ba4b-2057389914b3
53606970-c326-46a9-897e-18bc6f621963,7638704d-ca81-486a-b20c-aa793a6d294c
e47d74e8-ff08-4fff-af25-7e0219dcd019,154e8b7e-0ded-48ec-a2bb-28e9ed14d308
8572cec2-6d07-4004-b2be-671c70affbcf,1f26a1aa-9efc-4736-9fca-a0b51099179e
534e1898-3b04-4b9b-a6bd-e85539bfc58d,8a8fed5f-07f9-4e49-9bd2-f1c88fd7dd7b
e738ce1b-cb10-4ef6-b924-c8be953475a8,bece6eb0-1bf2-4769-90d5-a1fc8f648e96
d294fabb-0cff-44e1-a7ae-a8e4b652ae74,27dd74cd-1e41-4274-b918-dda2143d0b1b
d1f30be9-da49-45c0-95c4-0c0a57c46923,8aeea6b8-4fc6-4ddd-a4c4-82fe42f31c12
1526aff4-5b1a-4e34-91d6-1554d1734e2c,dae46a36-35b8-4b50-b9b1-7fe54b12883d
972f26d9-5f3c-4ee5-b3e9-8e0de0c2b11f,425f73c5-6da2-494c-ad0c-3f6b56dea4d5
c710d185-fa36-42fa-8576-70b21020df63,42153a4f-1561-4e7e-ab38-ff5d6eadf9a4
bc68df52-1017-4d24-8bd5-4e3e767a5f10,69d26697-a59a-40de-b320-aca640a82337
5dee2fad-1852-4bbc-8587-12e71c1951ff,7b52a00c-9024-4f96-a021-09d03dc5e90a
bd1ea08d-f645-4370-ada6-fbc3e5455478,712a0d1e-760e-4711-881f-ae96e815f6fb
e8dd4b9a-ddc5-454d-b347-fde43d918784,59c38e23-058e-4765-8e3e-bceac205a222
7113cbd6-8126-4528-802c-fb0c343d85b9,35483d92-beb4-42f2-b89b-d85c4225d148
1b971850-1b8e-4add-b922-f5876c0afd7a,346e3fc2-c96e-4709-8bba-1875b787e75a
dbad2aff-9dfe-4b1d-953d-d2795e161444,a2bb567d-19a4-4da0-a0a5-f03d0dd20d37
806859e7-db9e-476c-a0d9-01da45c69b21,d72adc4b-5f17-4862-bab5-fd34e859bfba
b81d06cf-e971-4cde-952f-04ac7df4ba62,e89aaa61-2f11-4f82-b57f-9ecd46319619
855f4210-af73-4dd5-96e7-cf215ee3e3d7,6a4f5ff1-c201-474d-94de-d632c7995cac
79b70ffa-ad10-4e07-9887-fc841685253d,2175b341-7167-4e6a-aade-cdc5d64d73d1
a14f8c80-fcb6-4545-9431-7e5a5e776e0f,2bccd474-8538-4628-996c-6bb3eedeee30
95eea07b-7dbf-404b-bf28-0f02d4dffd4c,70005c50-eec4-4aa9-aaab-698d1e31d803
453479bd-38c0-4237-83e9-e190634a7d38,d05a66c6-0b61-4a64-82ff-3ce059531ca7
ffb9306e-e480-4b82-87b8-d9df4f4d3b1a,73790303-8cc1-4f76-a38f-9777c2b039da
90e72efc-d2ad-4ecf-bcf0-1a17d74be45f,cbf0e44b-2a98-4b69-a069-ec265a36b790
0cc38002-3189-4ec4-aae8-6124047684f7,4f8a8dff-df6e-4b2d-ad27-3243e29c8362
d5e2d0ad-40a0-474a-bb24-7a48bfe1f9a5,7dedaf6f-6dd5-4765-b803-9c9ced774a1f
bc014665-7449-4688-b59c-c9f878959631,cb6832eb-16e4-4127-bc71-377d8df9435f
ac143513-9763-4368-a895-055caf2109c5,4a5951f3-2290-4113-b392-66b7ddf8208b
28fc832b-c646-4318-a202-800a14e6f6fa,7c5d6e4f-83c6-4bf9-ae22-7738728e4a5f
185c352c-e41f-4b6c-a895-240671832904,5b3ec765-d66a-4d9b-a497-f8133f45063f
079b3602-ff24-4bfe-a016-5a6984bd9435,b7ce9af1-0671-47d4-b966-198430626a09
e5db8613-8a78-4c67-8429-4b2934a6c3f7,300e4939-f104-4612-979c-ccc27af5391d
a2d189d6-8431-4cd1-8911-4b96bd893b3d,cfb6b10a-6a64-4454-aab5-aa3586d2c98a
6219625e-1c5a-4e3f-9b97-e2e8cc527561,ff354e6b-5b6c-4b7a-bc5b-306cdd065387
0d196f84-d28b-48ec-9f37-1120bcb19815,5f32780f-2e78-45ad-bc4a-45cb9f2eb474
89aa0c94-5289-478f-8622-33f04084091f,a232d939-e077-4653-9cfe-d8271743cd69
63d342b5-71fc-4ae5-8c88-f29091b943df,2339984e-1fea-4192-8d36-5f291be513ea
3380d376-826d-42f5-809a-879a63d7e0f9,c5fdcbab-7d4f-4a5c-9732-1c4f954df458
9cc5a65c-d2be-46b1-b265-11f9bd5713d6,58172765-6c6f-4f2b-bb20-d10aa58041af
7e1b3efd-2040-4cb4-ab7a-24791143aac6,a9b782a4-bef9-4f54-adc0-e4df64a13338
75386d02-46f5-4e70-9d09-eaa572a6b12f,cfca327d-636b-44b5-bb22-2df6653ba2bf
5efcd1c6-08fd-4e12-9b4f-5f2057e45697,be0e32db-f8b5-4a4b-8295-bb68d2c723b6
9bff843e-4517-4d7f-a66a-3b902dfba723,2b7a342a-1541-4913-a73b-5f2987001bde
8052ffba-b64d-45ec-9339-f09b2bae6578,91a9dcaa-9516-40ef-a6e4-e393704eb2bc
e240b78d-5bd4-4525-b852-8c8ea45ffa15,46d85f09-8571-43fc-af36-addbd5675644
37e8ad67-1ee0-41d1-9e84-812493e934cf,2c623d92-3e09-430c-a6a6-457eb2f890ca
a1fe68e0-b7a7-458b-8a80-558fa500211e,7bed5ace-dc5e-410e-814a-c22328642474
09abfe64-163f-4277-9742-d5fd784a2cf9,9dd3e667-0f00-4421-97b2-9d0daf286bc6
67eb2399-a8e1-448d-8fba-6a0be12bbddc,6358bd29-99ce-42b2-b000-c441c8c45cf7
ad33f022-3573-4c65-a963-8af0a54ebb99,94157835-c844-48bb-8234-6b758a0cd62b
420e2a2c-6b60-44cd-84ad-fe0bfaecd1ab,0818f2d8-343b-422e-8c80-3510a6a0a809
5b88d41a-f659-4b70-a87f-413005811751,5175d769-aa3c-4e3e-a5f4-20a34233dacd
39b3607a-d9f5-4a85-8e88-9296e584cc30,333c56f3-ee5f-4b2b-9dc0-6e3109f55969
862a170b-0614-41b7-9b36-77fb58f3c4b4,dfe7d2dc-863c-4af1-9ddd-3e7b816631e5
0b2dc6a3-a999-4608-b625-611e8233531b,8dddebce-fa31-4a26-83c3-d36b06ed8692
88524f00-fc75-40e6-8cd6-1de0f06d8e14,0f60a608-fe8d-4cb8-bd6c-34096c24b53a
5a46c540-77bd-4f61-bf59-61f563a7002e,c3c0e0d5-9065-4c11-8f2b-35e1776110d5
2c0cc202-3b46-4c8d-ae86-7f9964cae86f,e12b505b-0e70-4cbc-bc9e-bdf6df6e24f8
edf08a55-a50c-40cc-aacb-bf12e73add84,ce8b8e30-3bf9-4917-a6d5-52216b44ea71
6e5652ae-3abe-4440-8fad-199a81751128,b7e82c09-bcea-4e50-adfc-0b16094df5db
a719077d-5f9e-4c4a-a377-179f94e781d4,b23c5e8c-6adb-4d9c-bfd9-f695fa1e0204
91739a77-5f2c-42a0-9612-3e292d603815,99784f48-f4f0-4399-8867-8942d70530fc
f89252d6-36ed-431b-b75a-26385c64cc8b,1356d649-0e17-4377-a9f1-790fb9c2545f
2a6f924a-17ee-43c7-9ca8-685662c7929a,75339fe0-f18f-4bfe-9a8e-e16ff6cd2716
15daa353-0c4c-44d5-aa0b-151a10dc4b4a,d9abe681-1808-4950-ba36-7e51d668b2c3
4cbfe3e1-7a71-4489-b11f-52336e21e18b,382fb410-27be-47a1-9e12-de420795d446
0e86500a-1545-4cc1-acfd-215c9411d697,e70b1cce-84a1-4235-a817-c760be081a65
5f612abe-c833-44e2-8544-b7314411bf8f,1f7b3103-83ab-4911-8da4-19e780e488e7
4fae650f-937a-4144-91c9-c339079a26ad,8ba2d6bb-cf61-4119-8dec-386d776efe2c
673804a0-5738-4d1d-bfc7-bf3702990208,9e28934d-fb57-4dae-bb42-4beb6c92a249
d8960e81-1be3-445c-ba8d-3b6a6fb99919,f5bccff3-afc6-46b6-afe9-9d26d9c2311e
54c17a18-7e8d-4427-b243-260ae3c24e6e,d512fe92-2155-4888-bdb8-c89b44606f12
3cf86fc0-3e29-4e70-819a-ad028934884a,a489e046-b0e9-4c57-a4d2-717c8eb70927
b884c388-c886-462b-835b-925e39b0a6ae,d2184a06-2489-4d0a-8fe7-3014a366b92b
8578e131-3eed-4220-b491-1274f3795ce0,62cacf89-0c37-4cd3-b34e-ea07d3d90881
2d18595d-2116-4419-a017-1585c6c37e35,a5b50b72-79bc-420f-a402-b1db7e664b85
8cf65e16-c0d1-4361-9a30-b01120fd1c7f,7e28f0d7-6ef3-4410-95e3-6a44f38beaf3
01c9b4b3-b749-4664-a340-0794129fedc1,5af3816a-2c65-45a9-a864-0467741ad834
07d0eff2-42a5-4204-a8f3-72d9bd0f8a9e,cf93515c-84f0-410b-941c-f56803054ac2
5dec1a6d-139c-4ddb-963d-4d359b167c45,97a5da91-8695-4ecb-8df3-8ef909b6009c
8aec5705-38d6-478a-aca0-195c33d8db97,16afe716-dd3b-455e-8d59-cca64f77a016
b79cb0b3-708c-4bfd-9d74-0cfbbfd2d5e5,8be0834b-fd65-411c-a153-6a25d528c04c
1c7c812d-3eb1-4712-8b8e-f7948e8a5a3c,33531460-f540-4890-8249-7fdefabd2200
572c5a82-66c4-48f6-bbe3-188eb1982a59,929956b4-35b9-4fc5-bc72-24abd1ff1a11
c5ccb6fb-402a-40c3-ba80-7fd48fec8f1b,96f4a7d4-c340-4a91-8470-c4d0588ec00e
cfe10cf1-2d3f-4e3f-8e55-3b7c24664d24,3aba7c8a-3ce3-4c36-be50-d0e3519c48d8
bf9d429e-6674-4703-967f-93e4a8ea99c0,97c48abd-4cf4-4079-ac36-792a5ebf86c1
1e137324-ff2a-4e1e-b417-e71be7e4eb08,2b7ee28e-1c64-4353-8faf-944f642bf1ea
4167c29e-f8e8-4ef8-a130-71efad8ef6f8,c453c418-5f18-4475-befc-2982a9974118
7a087431-34f2-45c7-854f-7da9835ac368,c22fee28-ce7d-4d27-80d3-4dba1d1a6ea6
012dd9ee-91a0-4565-bccc-1c5a6d040323,115a95b7-3ec5-4b0d-b1c7-4ffa29e29c2f
0b2dc6a3-a999-4608-b625-611e8233531b,99744176-dc83-4832-9443-c75fe034ad2e
aa932996-d7ed-4798-8318-73d7b8521888,4bebe9a5-e994-4c09-8238-3cd524b84535
67f20fb6-3715-48cb-bf9a-73a35fa53c7b,87cbfefa-7db7-4908-b0c0-4b0c941d5036
94ddc379-ff02-400e-843a-f44f5080d4cd,21580e9b-dce2-4ca3-962e-500c1f039c32
7db85ada-6f2b-46f3-9238-ccae53b23923,c9946c16-887d-470d-8fc9-b9567a0e0bfa
81859ce8-0e99-498b-903b-ab8db68c6685,93c2e347-5616-420b-8ea6-cf3a26d4d342
bbc2e833-577b-4fa2-9194-3dca131e84cb,b53648d8-3090-4ac8-9720-975bcd1a0f8d
be254a6f-d933-4750-8482-fad21e0187d8,27678de3-0bcf-49fc-811b-ee8f03814695
4c97b8dd-0614-4366-9d0b-c4d8135bc73f,819f6df5-9eff-4711-a14c-8545f8126d87
bb6e2e78-8f1b-4d9c-9f9f-cc66ec58d186,9ad5d790-8e76-434e-9717-eca1f8874429
9c853659-da06-46bb-b019-f3e49c1f5b3a,1b2c0ff2-ae52-4989-8c73-11a6b44c0c5a
bd235310-5261-45b5-bb97-442c8a4ced96,fce6634d-685d-4239-aa7a-82c46558b48a
6dd949f4-22ba-4245-ba53-1f58ff7652a3,ccb3764b-5a14-4641-9ce9-bc66c6d99d18
23ce155a-6c70-46cd-baf3-651e4ae8bc08,558e03a2-90ba-41ef-a169-b701332d8c7d
7302d05b-8e10-4d0f-b32b-b9ff73d66b3e,fcdd9f73-5ced-44a7-a8d4-335c46793720
5b80aa3c-74d8-465e-b417-1225a5eb54ba,cab9af5b-5bde-4681-8df5-4aa695c2fe93
1a3c1ec9-5b28-4506-af02-149782bd9200,528116d0-5714-4fa9-abcd-d9bf31e9ffdc
508c74a8-6cb0-44d8-84da-39df8325ed3b,9c2d00e8-8daa-401a-bbca-f36513bf520e
71df17df-5586-45e4-91dc-1d1ef709f960,28a16ce6-8bbc-487c-b201-780250c35b5b
7ff281db-881c-42db-9855-14701e9fb107,ca21950c-5b5a-48af-94ac-a30c13891a2b
f92b72c6-1d0c-4edb-94b7-e9406d54e830,2f8a772c-9a25-408e-a356-f47fe3f96b6a
a75f90dc-6426-4113-8db1-6fb0acceb4c6,e5c3b3ab-276c-4311-aac0-16fdfd9ad2d2
d3b3373a-9442-4567-a8f7-a11c8e4123fa,ee94e63f-5d13-4232-bd64-7391aa6f57a7
d8f138fe-4afb-4124-b657-384c5eaa570f,9d14b883-067f-4f96-911c-53a1d7c42071
d4a1a25d-d82c-42b3-86a4-917f104b1b98,8888f7f2-a666-4356-932e-479fca1caf14
e81c8c90-c55d-4d9b-82cd-1dc2fb8b048e,b0b176b2-da55-41f4-88fa-7922846cf2f3
700c4803-2620-4e2f-b864-cb9a1956c54d,33326b9f-5845-48b3-a943-2d1becd5f856
f5f9793a-ef5d-42df-8ef0-a13b3e2b8815,86e6770b-bbfb-4e99-ad9e-ba5572fb36bc
2d7ff540-3ff9-423e-9d4b-034a02152dfe,85cef83a-d51e-4285-9f89-3dd90725f58e
8dc98723-e587-4535-bd9b-bd5412dd7fd7,6235a0a9-45a3-4c86-82ad-b440fc510846
ee3c20f7-5c0c-42c0-bc36-b3172209a799,a77540e7-56a6-49e4-b7cb-302c4ac8b6e5
4c08ca2c-7742-4ef9-bc2b-5314df40c321,4ce20ca8-9e4f-4e09-b7ae-bf805c481ec6
d26978e7-b849-49df-aa4e-9a0e2d2c2632,eaf4935b-8569-4926-bc36-d7a603473d26
034a8bfa-d9fc-4003-a225-e502dc8a50df,21533999-f61d-465e-972d-719050f2f414
e31f2bb9-2e2a-4944-8c00-305652acd4f0,b90cc0e8-6ed3-42eb-994f-a6f53c9206f1
708b94d8-f7f1-4ad7-bdcc-1afc60fdfa81,e99b7dbb-e070-464f-a0eb-6322e07e0719
8a872ee4-4554-41d7-8d52-f9eab555355d,255f355d-2568-4795-86ea-7b39f7cfc95f
f2e59b83-191d-4447-a91c-8c2ea99e9c86,c47a8b54-f3e2-49de-8b96-d46ed4a85b4f
855b70d1-a0df-4b4e-8083-854f65885b28,e2be6beb-bd6e-4531-a592-4e82b5944478
bca20752-8633-4c08-b627-f603902eaaa9,47ea6296-0e61-4564-9413-8833f13c8bc0
7344ff6d-f2b5-42e2-b27c-eb850e3bb9cf,7c367459-bd3b-43b7-a886-b03bcf38c308
431828ec-62b8-48f3-ad54-a3de7f7dada3,a833ea36-1d34-4e19-abaa-fd3078ec530b
9fc3ebaf-83cf-40c0-85c3-61460d6a0776,dce521bb-b5e5-4d61-98b9-24259c9ff5bc
de720ee8-724c-48a6-b0ed-5a9530933e1d,616c1909-d1e8-4144-b943-6512d19d724c
7b4fcab9-0ea9-4120-85d5-1648a1a51c1b,b409176b-67af-4189-ba60-312c7684a000
aba14610-661d-4264-a21a-c33732051c7f,e271ddb9-8863-47ff-8587-54723341680b
aa3bf4fd-d215-467a-93b7-59978da533e6,1126c091-55a2-4955-86b3-d8eb5ff7194d
76bbc188-2bc7-459b-bba5-29867e1296c8,356c0a88-d644-4222-aec1-4c6f3057cc7e
50167808-ecef-46d2-9a71-8c9090e3adc2,11fdeca5-fb8c-46c1-b227-f827c3318764
c14b2274-bfe4-4580-a26d-96b4a6c870cd,80fc1987-9742-4b47-b09e-cf6e5c6625da
cb645a24-fb6b-4e24-98c8-f05575df9028,4ed2efe7-fe54-4b5f-b197-9cfe769b70be
f54d755b-c678-43a1-b076-574299c198a6,e7b4095d-d9d9-4fa8-9edc-554fe3ed56b4
48faf76e-2f4f-49f5-a8ff-4cec283323ca,a47a05dd-31e7-41bc-807a-cc787ccaffa0
d8398325-408a-4f56-901d-666f379b5013,a7f006df-d8b5-4957-a5f3-74f126514c64
f3fc3ee8-435f-4d82-a9e1-bc5263066350,461a73d7-e7e9-4efa-b1d4-bdcc0108e819
ef5c50c8-2d9c-4f2e-a574-3df4c9489435,14ce0fde-02a0-41bc-8cf5-fc2feb4edd91
4ab18422-ab2a-4c18-ad69-7cce14cb3dce,b21618dd-ec8d-438a-bc18-1758cdfcfdd1
5dea65ec-be1b-44df-bc37-7c7369d2d5e9,49620823-f232-4c63-aa89-878114ae95ec
8d42420d-8ded-430f-a255-c19892a7c9da,acd8b47e-bfb5-488c-ad02-97df8821c5de
5985176c-82f0-4788-a6d7-a2c1e32a94a3,b057ca9c-693a-47bb-a13f-5b44003f4919
2eaaa398-4edd-4d86-9290-56c576690a2c,211eb73d-31c5-418f-9b61-c172c8733db0
ac5ffd05-7d06-4aa7-851a-af6a1a46944a,f24cdb89-b08e-43d2-9903-3dd66b52ad5f
bcad2b35-acc7-44da-9a8f-5a394d590d8d,fe8e018d-4c0a-4f99-bb02-384a26950f0a
c305e8a6-f0db-4b48-bd6a-a059b3bd356f,d21925dc-a2d8-4c41-9953-7363a828356e
167177eb-c5af-420d-97c3-7e162718b5c1,03c0a0be-7847-4b6d-89ae-75702dbd8124
8c2fbd35-5b15-44f2-af40-07089f8663c9,3471f565-d890-407f-96f6-d024ec302eb8
1a6dd59a-10ff-4354-9e97-10abdbe5780c,e97a3a64-2007-49a8-b33b-12bf8f78413b
00b8aa1d-13ed-48cd-99b2-45b76db3c2fa,425006a4-e38a-4c76-880d-87731c2aec48
9252c3de-1915-42d1-8616-db71e8f329b0,b7cc7683-0879-4338-b669-7f55d70dec11
6f2e9eba-4352-4c34-9d00-1d1807ae2b57,6ecdd62b-22f0-43b9-92ca-b0e2fa255c19
e1377a08-e248-4b0d-bbba-0864d2e605d4,c198eeb7-5910-4ef4-ace1-2e102363fb47
8a0594a6-52ee-468c-9b32-e7d7bdd90848,30f760e8-bbeb-4163-ba87-c6cea0f28423
bb78bf63-c6ad-4380-a95c-461eb7a6fc6d,dbee6155-0ab0-494d-8468-ac10495243d4
57be1569-f012-482f-a795-6e2d55e88807,af234720-5bcc-4b39-b780-eeca49def221
4e9225fa-d3d0-4c3f-9aed-84a79dbc058f,a9b782a4-bef9-4f54-adc0-e4df64a13338
c7c7bbd2-102d-4400-8faa-ffb97118d3d0,76138142-a687-4a10-b219-d5d1338a91b7
cfe10cf1-2d3f-4e3f-8e55-3b7c24664d24,d8a5211f-e5f4-4a48-95a5-c308c91fed99
a2d189d6-8431-4cd1-8911-4b96bd893b3d,9844d017-0bfe-4d50-aa87-2d4fac70660a
54a58ace-074a-4c60-803e-1529981c83ca,8f85d27c-fc7f-4ff6-89ba-4cbfa759f06f
082517e1-d93f-4fd1-a3a6-f107990262ab,30692b54-ca78-4fb4-948a-caba9354a02f
3d730d1d-af88-438c-a635-164d44c152a2,fc5c2633-e51d-4a48-aa17-478a27163ce8
d0d517c5-1dc6-4b8d-bba5-8e7d46262154,c131424b-a347-49d8-901f-881c138b997e
d7792b66-e994-4bf2-84ad-898d4848de4f,45cb2509-2d06-44b3-af9f-471e04c7c0ea
ccbf0231-25dc-452b-ae99-356afc404dd5,7b39a3db-4670-4c67-a879-32c5c5cede7b
64f40fdf-6553-4511-b5f4-fbf6bf127c34,805fe2ce-73b1-4684-b61e-3fe4abb5fdff
87439e5c-e5c7-4374-9569-ecbe4719d936,b27d282e-cef7-49ed-be41-bc0f6ed38dd6
fbd07176-9282-4192-a740-d33fbddc7bb6,a55ca344-5318-4dea-9781-92e4b24a2deb
2bcfc196-dd23-4080-a01f-3245f63cdf04,34f4844d-66c2-4c58-8df0-052dea91d88e
f4eb544f-5a20-4eda-b68a-f7737602ea41,0ccae447-a774-4fb4-ad49-85366eb9c42c
dff44079-3092-467d-a880-c177a98d9806,9943a00b-c1be-46a8-b0f8-d353a066db7d
fff6fcfe-a3c4-4e97-ae21-1ab4167b063b,7190d802-a8fb-4f0f-ac16-fef1372e52f6
948c0a88-dd5d-4218-9b01-8c9c9d1701fc,aae94b7c-2993-473c-bd01-2d4f653f85e2
7ffa8a8d-5ba8-4256-b807-f3806855a842,8965d599-9a2c-43de-aa75-eb528a536a00
fdc2f1e2-9640-4c1d-b4f0-4e786c81ade1,b0b176b2-da55-41f4-88fa-7922846cf2f3
b2f8e567-4241-487a-8427-839240230ee1,d01aea61-a110-40e3-892a-4479390ee49b
0d655b39-d125-406e-ad48-5eca314d0166,e932123e-817d-4a00-8727-3e6cfa4f1750
4616001d-1506-4925-8645-742c1167faab,953070a5-2753-4659-890a-849e31e427a2
2eb891da-967f-4cb1-9041-a2340a37cb1f,1bfb3333-8930-4dcb-8afb-119e126970e7
8d167982-e2e6-4818-ad0f-7cda37a9577e,0ef39cdf-0c72-4b89-ad2d-aae9abaf195e
1eaef818-3de6-4ec0-a907-da8ad6a2ed9d,09aaeb96-3b3b-4aa6-a375-37b4af3d52f7
4fae650f-937a-4144-91c9-c339079a26ad,d629a203-bacf-423d-968e-5763ebbbb0fc
50e8db1e-6f99-4a43-af97-21da884d0e9b,04551f4d-7a20-4476-94ff-8a57288d9295
2f80e1d4-6fab-4b2a-a505-c92d5ec09539,6ba9c19a-89cf-4572-b26b-6ee2cb88a72f
bb0b0bb5-fd0f-4661-a733-7908a27468d8,909b0dae-2f97-4051-8ce0-ce088e0ae439
4749f743-e8f4-454a-9b42-757e9e87b739,baadbc47-481d-42d8-9ee4-1224237f113a
6e0f08a9-979e-43c7-82bc-d9c60d3d6167,85505914-66d9-413c-b99e-7ee927c45307
f0840da4-131b-4b7b-9eb3-0cc56c4ffeb8,b29c3ae4-8060-4a93-8a59-22f940705d05
38e61dd5-6498-44e3-a87f-6ff31e574540,bf9301c8-8b16-4d9d-9104-a889aecb8286
ffde0ab2-e1fe-40ff-9012-eed9de373873,f0844c9d-6125-4c80-9055-1c962b931607
256119cd-2ef1-4331-9faa-e1fc1cd4b0e4,98211c67-603c-4b62-8f3c-7af39a5ada1a
218019ec-2e76-477a-bfe0-246b451e8de2,67b98fdf-dc74-4f13-b7e4-b5b64504b8f3
f768380d-2a68-44de-94a9-48b8906e2a19,2bcb08db-dc26-465a-a9a7-3615be5ac53f
cc3ba1dd-297a-4f4d-afa2-21471580a1ad,44efc3bf-c27a-46e9-977a-6fc43538e8a1
fae65d67-da7f-41da-b7a6-5687dc9df5af,8316892d-811d-45b8-9bc6-1a3abfc70043
2e97f3fc-b94c-4c41-89cd-757cb658cd14,91f34df5-7ef7-418e-9bf7-46efc6bbcb5f
554e8eb5-f896-4665-a750-6ea6f68d0c81,7562699e-4693-406f-ace6-5eba71aecc4c
f218cda2-d11d-4cb7-ad65-c31875919876,94777e05-c11c-485d-a5e3-ba4b2af2b639
c227d88f-958d-4a43-82c6-809f3f9b0a4b,a4987a16-4fef-431c-8fc8-7328b12a073f
2069e525-2d10-4a37-a8ec-a11246bc2eb8,a4f76c8e-4480-4096-b097-c92d261bbc85
f0a914ba-6bf8-4be9-9d58-6402a9adc0ef,1cd7b8c7-7e19-4a72-9adc-82fb774ab799
b2ed0b79-db61-4323-902e-d86a7a328b87,5927d9ba-ef6e-41e9-ae14-adf6b20da50f
cfb15be9-905a-452a-8c57-a780ae5db06b,cf00e351-b108-48c2-ba74-fce2bc3e7894
ce5de3b6-0864-49e6-9172-d241e8e770c3,25cede33-22d3-4017-bb04-ab6aac88ea01
905bae1b-60cb-48f1-8b0b-5384e963981e,265f7d5f-3ca2-4e8c-a58b-02fd9a5acb18
a088fa2f-0361-40b8-9473-57d099f05c80,e5591c7d-e353-407b-ba1f-5d43eae298db
14bddd15-846d-4c35-af02-bda95ea78933,33fba760-2a2d-40a3-a71e-e574492b9620
9dec99d3-b82a-40bb-ac3f-af2cc6b7fa19,7a129e10-4997-4ef1-b5c1-f8c4df01d07e
d0bb5f16-2e9e-4d53-9b00-4253beb4edcb,f445e93f-e50e-4cc3-96c4-2a3da52b1c2d
f6473e60-7bcd-4437-820b-436cda8d70c2,b9494c7b-9dd9-4b29-accd-f8b107cbcca6
7c69d609-ea2d-45d0-86c5-a57022ce2d54,b87f8400-4232-432e-ad60-61e73ec99e86
c1338761-b8a5-45ba-a751-514c1a80c1b3,9ffd0406-97ef-4ba2-a2f1-02092c2e7ae3
0a7ce5d7-ed3f-4ca0-9c4c-b86cd09fdec9,82a12019-2fb9-4f2c-ae7b-f10cc3113b61
3fd00c03-aaf6-4560-9030-465d05ef2136,12a7c8b2-7e0a-414e-b401-0fc292c0584f
55e29f7d-0db6-45e9-a358-ba250d4e33a9,fc63b982-d1eb-436f-b5ec-002e1533cb3c
528f7f98-3f51-43e9-bf3a-206a453c14f6,c051326a-9766-4c1c-9600-e1f95f52851f
64d64ec8-b776-4fe4-8e3b-7f6bbb8698e3,24c87eda-f157-463b-9cd5-6670cd1bfafb
d1cd27b5-e41c-48d4-a520-2d106aee5135,a72f3ef3-eb2b-4be9-a44c-0c8f6e87426a
2f71cf72-301b-4ae3-b50d-62a02e939a3a,b5222aac-5ac7-437a-af3f-887a9144a940
803956a8-38d5-44c5-928c-87e29eefdbb2,ece1f693-b685-4984-9771-e7f78f783f47
5e902eb5-9275-4f48-9036-d06abe56d18c,71851450-a873-42e1-ad8b-fbe8cbd35934
e52875e6-3dbd-4f26-a9a1-5bc328dfe2be,f7b371f8-ea20-4877-afa3-53797d4fcbdd
d759abc4-3d81-4fd5-9f6c-0b9f3b16dc38,2619a54d-fb4e-4e11-b552-f86051a95484
aa69c4ae-8492-4f74-a2c7-1f805e490b08,a39bb16f-83b8-4f35-a154-45901bb762e7
6de9118d-8215-4306-96d9-38f09b644349,7ad61d6f-9149-47f3-8b03-84919198037c
bb35fed8-5bd6-4c8d-babe-6c3a999856ac,92f4f92e-a393-4efc-bfde-75140fa0e06c
98a88e13-1c81-46a0-99f7-87140aacce7a,f7b68121-7bab-4002-b368-c4449bc000fe
2482a81f-0307-48ee-a7a6-0d157abcbc54,93dfad1b-5ab0-499e-b298-e5651fb51879
47b49a8f-b0be-4e04-b0de-08732a425e37,9dd98805-21ab-4e36-a180-264567bc885c
7990073c-3f99-4599-b2b2-4fd32f7a6d93,54088331-11ea-4953-b604-688b5ba3e548
006227f4-0de8-4078-8320-d9e891ada114,75a355dc-4df4-4b96-902f-be98122945e7
80c21841-d0fa-4429-813a-530b4332c5b4,df391ebf-1003-4bdf-bd40-68a17b17bf66
cee4ecad-b46d-4994-865e-53664ac1f723,466fdd75-2cc7-490c-9529-9e54ed19b22c
4b746ba4-064c-43c1-aa20-49ff43a3bf5b,cc53a5ab-268a-4149-b1b4-e5d2ed4efb03
9f8141d3-11d9-4677-ad48-1daab7c0501f,e125ca11-606f-47f5-8fe6-04b6c380c714
992bca48-e7b6-4f76-9f4e-5b82295e740f,025dc9d7-f917-4808-86f6-9fc74d924e47
6353be7d-996c-4b09-b704-52f4fbc7e8c2,46acce02-372a-48e9-81cb-182583fe1e34
15f2ba5d-d10f-4f1b-a1ba-98d9a2828d2e,27c392c6-2d17-4505-847f-e2392e50edea
9252c3de-1915-42d1-8616-db71e8f329b0,c96711de-7520-4414-b6fd-c5e235311efb
9ff7bc38-5402-4e1c-8ed4-0e2324be45e5,6fc9c199-c0b0-4578-a64f-cb701616fc66
7b65d4ab-be6a-4312-96ce-35877bdd5279,eb739e50-34c0-4d12-865b-e1b59cde4ad6
511898e1-e325-411c-9a43-7de4c584cda0,d902a787-f5d9-4500-ac20-d4705d74b0e3
a7270379-c8b4-4fce-9799-3f9ade10a4db,a0cc0edb-e359-4341-85f5-8a225d571fb3
2ff2ea5c-b4e3-42c9-bb6f-d7bcccfebfcd,c637ffdb-ace7-4ea9-a364-439df6497be2
fc48494e-ecb8-4642-9cdb-1af95eb8f450,1f86177b-f234-4d04-8fbd-137b4c69f2bb
64b0788a-9d14-4ce2-8917-531270d4b5ba,80e450b9-cf79-4c94-99bd-65d7856b868d
c79def72-e077-4c6d-a7b6-daf582005074,86f0bbc6-5443-4e05-84b2-085f654a26ee
dad56bb7-236b-4728-8a17-85ccb7b70b9c,c6ebcf9e-0068-44b8-b83c-46055bf5fcdd
0796f4de-7675-4cde-9969-b1b4158e42b3,97118fda-2d4f-4425-ad12-039f81dfb563
be0e46f2-5472-4256-9116-188efbe4b294,388ed4ac-9b35-411a-a1fa-0cd3731e0add
0c89cdd4-e41e-49ec-8c35-4e08a958ebd1,1ef251b2-dd8a-4b8b-94fd-8c9d71c64e3e
269e7fac-a70c-4ee3-9184-e69884dcbe9e,4649d1f6-58c3-4f24-bd18-5551bef5354a
5caa5318-69ba-45f4-8986-be7168e8c173,788a77f8-a896-43ff-ae86-d9efd9c3cd1a
c3550b81-28c9-4245-8211-130925c2a774,308995bd-b00e-4529-ab7d-281030a9de68
67c3b478-899d-4b30-b8ec-6643c25e2f42,7ccef908-a42a-429e-ac8c-3aa32c373207
3b97a6a6-61d3-4130-a240-d03000425ed6,40fb306d-4988-4ff2-82c8-5c5b1b860fe6
2383a5a9-0003-4331-b3ea-eb81a7234aea,7ff90747-ce0a-4c2e-8ad8-0e28e84d3f96
2f93e72a-6ccf-40ab-ac44-b27d66916271,f7748b73-9d93-4d28-911d-a41ef2d342ba
0fda0735-71bd-44d5-bd90-70b006d3c90d,f4097fa9-be75-41c7-a336-824b56991198
32a47051-f9b4-452d-a66d-0816f77e0bb7,1ac0be67-fc4e-41c5-acda-f80851ff3951
d0bb5f16-2e9e-4d53-9b00-4253beb4edcb,bda0a5db-0828-4153-8b81-f1900c6f1959
7d04667c-f225-48f3-88d7-416986ced610,e761acd7-9b53-4805-b8c8-e364c53efda0
60c187a3-626f-470e-a77c-4bd8659ec8af,7e6231f6-e3d0-4ca4-b200-fe917d72bfdb
9ab9fa7c-be58-42b8-9980-51b9ea1bd489,e77bc567-6f6b-47e5-8fdd-ff0832882cc2
f0a18ea2-849b-4da8-83bb-168cfc2cfd68,ece1f693-b685-4984-9771-e7f78f783f47
7dcb3799-6171-4fae-9726-ce75e439655e,c4e9f768-69c7-4578-8c70-ce3d7fec7bf6
1b01cf36-2309-4eae-a930-503523b8e57b,90f486b9-8509-4fdb-85a2-dff515ed1592
b1dce66f-415c-4248-bb6a-8b3ff246b63f,1f13a828-7619-4b17-8975-83121e1b5de9
3d7ce596-a43c-454c-9100-e9890dd1781c,3ae8fef4-062f-4775-b22c-4c1e4ca152ff
54969b7f-87b0-488e-8941-f750283ef158,395d3fb2-e431-432f-9afd-0c89884a9875
f37ca686-38c6-404a-b19b-8dab1ec6dd34,b9982b4c-16d1-4694-9f43-4eef62edc176
3d099751-deee-417b-a0dc-f9aa46ccfe7f,42b8a886-60f8-40d1-8016-ee29ab9074f4
4647749f-e7ef-4924-a1a2-4e826293ff03,1ad0297d-8730-4e02-a0b5-b7456a0182e8
ad72584d-65e3-460a-87d4-5bff08bc9f17,0c671628-0a25-4b46-90e7-b2a996049212
118c241b-2356-47be-a327-8283b6ac988d,99ee2dab-b1f9-4b45-8d11-b6de79ee3191
e82327b6-2301-4859-835b-fa73a44321dc,63b48766-620d-4000-9b4a-ead5a4c8c961
1bdc3eca-076d-4f56-8242-8a4e780fdf73,249b6196-610e-4ccd-a62d-601ca373f7cb
b58f99d8-fdf8-46a8-bec9-5de08e13038f,7ad61d6f-9149-47f3-8b03-84919198037c
d9850663-8a85-4b8b-86ae-693791e617a6,c20d4511-5d0c-4787-9531-bcfa455ac22e
4dbf9da0-e308-4dc5-9023-da258937d0a1,a5b50b72-79bc-420f-a402-b1db7e664b85
c1ebd2cf-ac48-4cc2-b1ea-1cfba43aea1a,156114bb-46b4-4a66-ad78-22c12d1406c5
576c1908-a948-4c8e-8135-ba7baec8cd6e,3266a555-5bc6-47c3-9d46-87db23726a43
7df28c2b-437f-434b-a339-a538354fac33,ca231202-9279-4f6c-852a-22f4c15e2450
9d41d6d2-e27b-40cf-b420-22830dc36e92,1c9dbde3-3e44-4577-9176-20f7374e877c
664111ff-a94c-4570-ae8a-4a82bf223843,82abba21-ea8f-4d06-a276-ec7a53be0519
6a1bc0b6-b874-4984-b4d3-5abb1e4959bc,f786afcd-aa8b-4879-89cb-9c1a80452d22
6cb5d9ec-a3f3-4c90-8154-2bcfdfdcd468,05de9716-01b0-4a21-8b5f-0ac6c97b5682
4150b4d4-ae83-408d-afcd-62f7fd34b697,bd5d39a5-7ff5-4661-a02c-edbdd35cca65
3516669c-0457-4f10-9b50-b0547c352c35,3047aa47-8ee4-453f-aec0-d083030777ba
c909f855-b725-447a-b5c0-a154161f9d5b,c6c32715-ce94-46f4-97ef-7cee5303e4ac
ae9d8993-13b0-4538-84d3-b17696f121c1,fedd11b6-72aa-4bf8-8116-f7686b2528ed
75386d02-46f5-4e70-9d09-eaa572a6b12f,4c3a22f4-3f6d-4222-9740-d2983f1ef786
a955d6a3-a1da-4c25-a881-028d390985df,2d1b51fe-abbc-4cb6-b77b-5aad31835ee0
d74d1a4a-8abe-4375-9834-548bc4bcc1b3,efff08d0-5e11-4a16-aab0-645dbdc36200
5d87a4c9-c52c-4477-a2e0-7f97d090dd82,6d1e1e8c-5bd2-4629-9778-89e516346692
214c6646-9742-4e63-b14a-edda5d88eeb3,4663a729-6a95-4416-9d73-18478eccc7bf
4b49ba37-c269-4583-986d-5e21008ab9ec,175cf043-1866-433d-896d-5d6e81336849
b8dfdf92-e11d-4b75-8227-7b767e5ac999,4adb5302-1532-44af-be4f-00e578069d83
faeebfc3-46d9-4276-bace-07a9b215d1de,68ce9e61-5114-45fc-a44a-6c78d5bbc536
5f127d4f-b575-4f44-bbbb-2d78059131b4,6c2d6f7f-12a1-443f-a8ce-d2808281348f
8cc1cfa1-428a-4d8c-b263-0bbf8b19a3a0,777bbc8e-ca03-402d-b297-8da4aceb4fdc
878c32e1-362c-491a-8a70-c6cf57dd852f,e155849f-1c75-4b90-abfe-335316bed2d2
4ea25421-38c2-4d3d-b211-07c1fe35311d,0d6b0189-9f1a-4e34-a40b-801111a019f5
afb2bb82-ef19-4704-9d77-1a30d82c8da7,4b3404b2-ece3-4c56-8e72-4d8339cf418f
c1f90943-b920-429f-b9fe-e04422d09aa1,581c7a60-7fa0-49b3-a545-37eaf6da2d8c
b5694b13-ca7a-45ca-820a-6698ae6de199,3f9a8276-d575-42c9-b3d3-487d4c34db8d
6e92d430-5533-4158-bcc8-3416e803b53c,0bd5d34d-2541-49d3-a1d9-3fc51fe27ff3
a2ae06d7-82ea-43eb-bda9-92f936ad16b7,75abcdff-e2ff-4965-814b-1fde6183104b
b9d60be9-4b74-47be-9cba-10bdc7fe515f,ccd578e7-b7c2-42b1-9522-63398e667907
1193a088-75af-4d3b-86ae-ebc63474e2de,79e530b0-1e79-484e-9eb5-5ec0e0eb7952
96c56081-14ca-47f4-bb5a-8a628244f4da,f4f090b5-9701-4595-b4ba-4acc90f5a808
1fe56d42-8fd8-4721-a411-eda048199c75,9cf9a44a-b3e6-4a52-a90e-b051ca00bedb
0cdfd9a8-b9ad-46f9-aaf1-a21532380bed,fbe7c0c9-aa13-4694-993b-2910dc513a40
f8e62485-519e-4eb0-9d3c-abd89cef24b8,7d578041-1adb-4ec9-8c71-f22f87441896
bcb55fdb-58d3-445d-962a-cee7d0ace8c9,06895962-e3ea-4bc9-9794-fddab128cfea
f4093154-4570-4c7d-b119-8165c0e162d3,f50bcd11-d455-4b6d-96c4-c33be5b0b1bc
07400b2a-fe3c-4231-a38a-dcad1ffd8f97,88862324-a219-4e3d-9850-c148f4b229dc
3fd4c5a4-5499-43d5-bf09-3d08abdc80a9,022f79d6-b7dc-485b-82ae-d939e3cc3be5
85b963ef-622d-4c49-b335-f5f67608946f,86758c51-2009-4cad-bbc7-c3b507b5facc
c6a48b52-50ad-4254-8d0a-1f861def85f1,575ddabe-c1b9-42cb-a4dd-f154b8e9d6fc
a1fe68e0-b7a7-458b-8a80-558fa500211e,01c1f219-400a-4c92-93b1-ec92f121bce7
54544739-4187-42e4-80f5-845b3c92c902,60a4f76c-1a8e-4d79-8aea-a4268b5feb3f
95b63dea-7586-4bba-b21f-76c79aa8fed0,43913147-2157-414a-ab5a-78df3cbf3600
0348cdd0-5db5-424e-b3ff-4c769a3be75b,dc352a66-a113-44aa-ab98-eaa8a81d7a71
e4277793-e941-4dd7-96a4-49d7b985884e,136bfac7-7fef-499e-8de9-12abf769a622
9ffdc263-92e4-4591-8205-ae74955d4175,b3673463-20ee-4be3-9d6c-d099fe962d4c
ae2a42a5-a9bf-4d9b-a20a-482677e0f4fd,ced3825b-3d81-47c7-85da-0cf8cb99cb3e
bdca9d05-007e-4399-a989-4dc4a8d247de,318451e7-fcf3-43e2-886a-df8776df70de
d8514d3c-5312-44fb-a431-06a9740e7692,b2769974-39c5-4f36-9ec4-13cf2f4fc1af
0e92cb17-39aa-47b8-87d1-2ff953daee80,f1119cce-4135-44b9-9885-529d2ee54ad8
9e518369-d77b-41f0-a693-1c2b2415002b,1b427148-3303-49c3-8008-88b3f0272bc9
4d0ca825-5db0-44b7-a0aa-41a27d33e52d,653b273e-8e62-4296-9c58-bfe25ce82beb
230b785d-e4df-4efc-91c9-806ad5ebb46f,5c08c6f1-4fe0-4fea-a04e-453aa8722251
c73ac38b-206a-439c-92ba-367b6c013b97,ea2f3348-56d1-4a44-aa4a-10b46d746a10
78c62215-c10c-4659-9fea-c9ff0aeae441,a04b49e1-7433-44c1-adec-c3f9ff86819f
32915acb-e29e-4711-9e95-bfe6228cbcad,a81c114c-e6a9-41a4-9a49-606f0d22120c
5d3068d5-51c6-456c-bddf-2ad2c12e4dd4,dd6baabb-17a9-466b-bd56-d7327663e8c7
703893c8-fb5c-4374-af39-06b72d38e027,6c0e2d74-8e69-4e55-9b77-8b7185184ca4
df7f4341-6835-4259-ac15-be70b0a12ecc,d9980440-998a-4245-9921-8d6b936d8890
8f348eee-4163-407a-946f-9fc4e3a7d93d,55eae52b-793d-4200-afcb-c823ef5eae23
c0ea1bdd-4f95-4772-a41c-6019b6baa919,32c38e47-933b-47f8-ad8d-ee76848325e6
bfe6638d-4ac3-4ceb-bdae-a58109e4aa1e,41477fff-f157-4bee-8a1d-4bbde3807dcc
6e670024-acab-4c2e-9dca-427dd68fff81,04047ce7-d187-46fb-91ef-7e135504d05e
f70ad05d-76df-4d39-bb08-46b485457378,41505b97-a07b-4f0a-a900-0dea77dea94f
2d6e3713-99b8-4147-9a4d-2882925fcf4a,5ffb3b2d-9eba-48b1-b8dc-e8858ad14492
122aee38-21e0-4c54-9f80-3f9ea131b804,85d16256-8428-46cd-9f07-eb7911f9faf4
f3762cde-84b3-4443-b797-c03aec85c01a,227322a2-666d-4fae-af59-78b60e1f2607
868e92ad-449e-405f-8257-aedf94f429ce,2ad1c3ba-f666-494d-bac7-72244a9698a7
8f3e0a5a-4ae7-47e8-9ee4-f1769c96f78d,03d3e71d-9813-41cf-bc40-4e09b4639008
b09c516f-b959-4703-8dd2-7d88cb6c4f95,2fd341c1-8a6d-4cc3-ae2c-aa06676759a9
cadb8724-6a3e-4f2c-acad-99d72820357f,a2e4f31f-f762-421b-b580-835ccec49daf
ecb6e360-8a3b-4f61-833e-ea7a207fc890,ce8304c2-3ae2-4407-b2bb-1ee60b146edc
4f553331-093c-434c-94ff-4093b6c8e6b1,8b34507b-f14f-4323-9405-568f7acb35cd
5933d4ca-a2a5-42d4-b56f-95d2e8a618b5,295e3b6d-d859-4581-a98c-375e0762f5cd
79eeb55c-6f14-48cc-9083-6a262c02858a,c637ffdb-ace7-4ea9-a364-439df6497be2
44eae102-a300-4ccb-b8d3-de04c92bfb15,1747d303-d69f-43d4-b76b-a1e37620a514
424457ae-2edd-407b-a987-6dbf0e7b6075,bbddf1b2-ac01-4451-9587-5d67d7f90611
a2e2aefc-25f2-4ce2-99cd-3b7a31c2b8ad,0c121657-9558-418b-9c76-2eb12e16f466
39e82441-cb2d-413a-bde5-6a6f4dcd0620,afa75b28-3b1a-4a7c-9697-62b4a1de9c8b
6e485fcb-de08-47ff-9f11-4a3ce4bc1ba8,ecf8d818-f3f7-406d-83ca-8ecf3083f332
4a082ac4-12a6-44d8-99b3-f87b22b44fe2,5c135d16-1671-475f-9e92-0b396319b2db
a575866c-dd6f-469d-b8a7-a49f5c939b2b,575ddabe-c1b9-42cb-a4dd-f154b8e9d6fc
cdcd2d6e-252b-4419-97db-a006ec95787e,ebfc17ca-df17-40eb-8251-9cb67b64127f
d10fc486-d03f-43c6-ada3-59b3428f4e62,be069796-5670-4b5b-9d31-4184c624d650
b5c3a903-b25f-4bfc-a61a-f06b011e95a2,ed5303e5-f0b3-4f37-bc01-1027817ba2f5
a5b5552e-613b-40a5-9217-96422a01e284,e1e2a486-8671-43f0-8faa-fbcc483fdebc
51439fc6-717d-40fa-98e4-b245f32840c6,5c5566c8-de84-46b7-be6a-0447367749e9
8dda1e0d-861c-40bf-822f-5da1c7d6e9ea,c3f4fba1-d9da-47ec-84eb-cbecd6322510
285bec9e-e12d-4a9a-8d63-38220d2f9e85,05664885-74e0-467d-8c44-342bdf9c7d6e
b01af8a7-290d-4a0a-bef7-8a78ddfc7028,fd71f27e-c844-4162-a087-257c0422fdea
62d73ec9-5cf1-4c94-b2d4-9045b8fd964e,0ee9d175-81b7-4765-9e46-7c66f0a8b6e0
7fad8b95-e7a7-4ef6-886f-ee10cb5ccdcf,0cb69c98-6fd2-424a-a846-aac34e14be52
dd364e4c-3b50-4fa2-be0c-975b1ffb0155,fc50ed3b-f13f-4c82-b3e5-37e4e8728a55
0835ce85-6d76-4681-8bd9-6be2d59d11ca,93de751d-4b88-4d82-bf44-b981b82d96cc
e9b5ff96-cb2e-412a-9584-fe2f4fee013f,7ce88dbe-a00b-4431-baec-9e0b5eb97f1d
783c2e90-d7fe-402b-b55a-c1c8fad8bb63,e74dfa96-c641-4fd1-8faf-e481791ee9ef
4bdd9718-c862-488c-b529-8d7106ee560a,278673d3-b7ad-49d3-88b0-bd866f53dde5
7d640917-ceb4-4051-bbe7-22cdd57e6547,c7cf8561-3e9c-4c1f-aa03-90677f71cd6a
bbac0003-50b7-4145-a874-cf43aad2c613,aff3c143-f30f-4413-bd12-9e7ce5b494fe
055825d4-2333-4789-85ce-40a520f77bb2,f7e298d1-12da-4389-8265-b96814e3bb6b
0494e8f7-8b8a-49f0-98a3-c5cf27cd49e9,cd65e984-707a-47d3-84bd-87bb9f275de2
109374f2-6074-4927-a4a1-185dc04f17c0,f5ca4bb8-d781-453d-aebb-1916532851d4
9302ebd4-dcfd-4f94-862d-aca3db66901d,b281d028-ba2a-4822-bafa-f94eb96ccd7d
169b73e0-4d54-48cf-aa61-d74546ca9401,9c236e0b-c55b-4b5f-b976-7a4dc219c605
b5694b13-ca7a-45ca-820a-6698ae6de199,aca066f9-226f-4024-b602-cd94f81c12c9
d792c785-c922-473a-9b4e-007c55395b95,05664885-74e0-467d-8c44-342bdf9c7d6e
4d0ca825-5db0-44b7-a0aa-41a27d33e52d,e9066237-0dc9-4960-9513-650af33f6819
ffcd9b43-d428-4d36-8d53-450985ce1144,6fe703bd-d96d-45fd-a5a7-f55e34f3a6cf
794c90c8-14dd-4b10-956a-8368c654cb65,aa4076cb-cb3c-4911-a00a-84eb9266bdbf
fac6cc31-898e-42e6-9181-a68ecf52c73d,0735aa2d-a03c-4ecd-9115-cab665dabdde
61add4fc-d225-423a-a84d-e3a4f768779d,1cb3cc3b-e5d1-4454-93f5-9eed7a005526
94d0657a-e3c9-4b33-9e54-3fb087e65738,dde61caa-b442-466f-a7f0-f133eadc6ffa
2318c75c-914f-4189-908a-c8f9c58aba74,f71fde8f-0701-4851-88ea-64d75e641ecb
c33b8e77-ffdc-4946-9a8a-b22e95832025,4bdc8e8f-66d5-4092-ac51-d2b764a5f7d9
5a98a76f-b525-4a3b-a312-a885dde1d142,815558ba-5d07-4d3e-8b3a-e7714c4dc583
2f93e72a-6ccf-40ab-ac44-b27d66916271,861e6ca4-7ceb-498f-aaba-3673e9f5e18d
8a1af347-56eb-4dc5-8d28-a5bd2ad90ee7,aa95bc3c-11a3-4dc4-92cb-7c23ba2b9a91
4d4c0cb8-628c-40d3-8026-f371ffadb40f,458ada4a-7608-4128-89bd-b310a050ace0
92f10827-f36c-491b-bbba-f97ba9e0f598,03059441-6616-4569-b6a5-62fc418829d3
b7c7cd47-909b-466d-b55e-d40d575a254c,ad14570e-83c1-46df-a63e-9a9eea92612a
a81fb2b1-aa01-4f5a-8b4b-af024b888efc,6e51ba3d-7c14-4afd-8140-f821988f913c
267ca443-67bc-49f6-8d9a-fae738e95582,a5dd7370-6f8f-47e1-95e8-eaf26cf6f4bc
8725add1-013e-4e4f-8518-11f077ad4dd8,aedb9f39-8f91-4b49-bdb0-14529c57d6fb
a3784dca-e92e-4c33-970c-e4cd13139db8,104dba69-006b-4d87-aeb6-b140037a8548
552144a4-cd2a-4087-94f1-1a66cbb41140,47a3656a-4708-499c-a1ee-5fbabd64f4cf
7e71dfba-7e6d-4204-81fd-ea5c30ecbd86,fcfa4cfd-4a35-4c11-ac60-afd99f2d96b5
dc0c7243-6ab0-4dd3-84ff-95c49d552cb9,27bc5b09-6f7c-4863-8286-2da664cb9cb6
8af871d9-4079-4af3-b512-4e48c61c876b,3d91fe8e-0bf6-40e7-ac78-628c326553f0
5e35dd9e-1c72-4ed6-ade6-95a069fbc0d5,5e26ae17-d2c5-4416-b46e-c0b86c468c88
23fa5e2e-4abd-4222-b119-4083e512be2d,f4bb9604-9539-4a85-ae82-5b55a8c5b22d
f9a0aba6-99b1-4c20-a471-f20fd16dfa1b,9b1c8fab-55a4-4b89-8118-a83ea0cc0338
3818e43c-2639-4c6b-9b89-93f14d5a9277,05a404c4-4c3d-48cb-a87e-5779d8aa224a
47743ef6-eaeb-429f-9609-ddb83aa45ee6,09709008-5992-40fe-8f2b-e821fdcd214c
262ec04a-d6aa-4007-8e25-1de3536451d6,aa163638-2273-461c-a9ea-85360c9ae85d
977229e8-51e9-435e-bf50-7f9142101c6d,f9a45882-1a3f-4a65-9510-95e4a7d3d486
8d42420d-8ded-430f-a255-c19892a7c9da,735617e7-3501-4a53-973a-fe2b04b60324
88206fef-4dce-4d88-beef-7f1a8bb8c9b2,fb7e2b9d-fdba-486a-bfc5-cf6a4c723aee
47588382-3d8c-41ea-acec-4f0e3ab1c2fa,db53cbf7-fc2a-44a2-a95e-b7608c0ecb42
415f545d-e876-40c9-a10e-e0a7b52e94c8,d512fe92-2155-4888-bdb8-c89b44606f12
7076b728-d012-49b4-a80d-9e1b993988ca,5703d3d0-55be-41dd-a54d-a205e5f0aa4b
559a00c6-9c23-4861-bcf2-df35b77414e9,f8f178ca-87f9-44a1-b40a-a5f454a7f54f
4025261a-1d05-4465-a76e-ee8ef66ff1b9,d77438cd-61ce-4772-939f-13e9951c6605
baf9ef70-6cf1-4bf6-b208-e685095ed5de,449d3f3c-e71b-4bbb-9174-63e5d9e0391e
a79ec020-d88b-418b-a150-71359bc69ad8,ba5f9bd1-62fb-405d-8c08-c2ba2e7a5d18
1e3fda88-5f49-469a-b10a-f8cd9bb87807,e822f52d-5f6b-4af1-a10c-b319983f1ae5
ddea0d47-35e1-4473-96fb-10faa4c8b88d,2e7d1bed-7936-40ef-876c-10953fe03dbe
a10fed8a-0298-4e8b-a4d6-43c62dc56d6a,4fb22f1e-5fe1-4b81-b9a5-604c31bfd750
8cb7e3a7-5067-440f-8452-71e09e0e4d8a,ecaa9dcd-2d97-48a1-84e3-251acb286c7c
0414b519-2eb5-406d-83ea-14aa50f57ead,4eeaf0b0-e0bb-4729-8e21-7e6397a4426a
41726966-1d56-40ff-a674-7aad5363c833,9c236e0b-c55b-4b5f-b976-7a4dc219c605
73c06f03-babd-424f-8055-0452fe250578,f2c626f5-0b10-42b9-acb3-5288f29249b5
dfabec10-d688-4b54-9a83-5f5c1305fa05,7f2892c0-6c25-4a2d-8467-3c95e761a410
5c95f5fe-0bbd-4b96-8ad8-122d31581db5,47f04890-bf32-455c-a55b-83b0fb526c51
05761d94-2ef4-409a-bf98-3ba145f47ada,e56fd066-ee93-47eb-9e2b-a74380844cd5
f2db4d45-e537-47bd-8fe9-f75cfd865326,798fe57b-d906-4239-9b90-0e07e757669b
cbdd488d-724d-4d52-8566-b9a9b6ec46a8,1f8c191e-eb8c-4a5e-a897-2caa285c4eec
c139664d-1cd7-4de5-971a-3df3f879c4a3,4c392c9a-b5c8-4613-bb5f-db06d93a7a61
f635f1ea-963d-447b-82e9-5e29d58e2392,1faaab6a-db33-4c15-9e66-5c0cb4a4a428
84cc1e9e-ea56-4111-9d69-49b4ea4b84f6,8d5854bd-6192-423d-8e4c-7c90099b4585
964245e4-60e0-4389-824a-87c6108c8670,be2c8f0c-77c2-4221-b5cf-2e98313e2c71
be0e46f2-5472-4256-9116-188efbe4b294,94b548e1-c839-425f-b5cf-8f7b410182e6
0673b067-e4f2-4392-bebd-f3d5c778ad6b,315fdfc7-4733-494a-9dc9-52375eaa4307
7a237ddf-d20e-4850-858a-32b2f7c0891e,edeefc32-c531-4b39-8c4a-cb7e373b9b10
cff33a11-6079-466e-9461-a4cffe35d044,1709ed3a-dace-42ea-8000-9f02c3346815
13877f3c-bcf3-4369-8d24-4d5cebe0b440,6a4f5ff1-c201-474d-94de-d632c7995cac
622e9851-91ba-4454-8bd3-61842ed3ba24,9d28b5c5-e337-42da-8a20-78c72c7466ea
50c659e9-6b47-4d37-87d4-f1db7e7a6a3d,ca5e2909-3e35-4475-865a-c99610304030
30337ee1-8218-4f5e-9aa8-781827f9930a,420137d2-871d-46db-986b-36b4cdd18823
1199b08f-cd37-4ad1-9bac-de205b8919b1,1943384c-9b5b-4436-910c-d2814b1e20d8
afcbf817-7d67-485a-8fd1-347a9cf63cf2,c5d9f7fb-95a8-41ed-a33f-91357180fa04
b1ced315-cb77-4bcf-b526-d55df914e106,894ee839-9a3d-47bc-82f6-12853eea6300
96e29fc3-95c4-4219-b539-9c78c5f2fcfc,516c708a-2597-4c00-b668-72beccc08e5f
4911e51a-293d-409c-b9ae-9382f2e9c263,c198eeb7-5910-4ef4-ace1-2e102363fb47
04b49766-50f9-4ae8-9726-6bb3081be411,6adeffaa-a914-4792-b13e-5cc8356166f0
acc92617-21d1-4bf1-bde5-5f9d9b7f2cf1,8a779c56-9b42-43e5-9cf4-5c7c1a6209f9
be3c439c-0aeb-4a06-9df6-81110938fcf5,850a8fd0-43a6-497e-89e8-b4e8aa7df1b4
7b475313-4c99-4e28-b5a7-2187eced2b62,4b01e3f0-44af-4b4d-85d4-6d02b12cd20e
ca66d166-1cee-4a33-a194-ffc0e2af8828,a665c157-c0f4-4471-b08d-b7f53dfbe1dd
f3b2c2ae-7a4f-4df8-b5c4-df5da7608e8d,06e5794c-ac04-4cc5-b212-5dc9788d610b
2c2864f2-3577-4365-be3e-65e3844d19e1,8daeba49-4dde-43e4-ba37-d50d6b11375f
cc83fdfc-c853-4673-9be0-3d594c9c120e,9aca2adf-944f-4b38-ae08-daa9586bd951
5c3a02be-9c65-4f7a-9d94-e7bb8067fa82,75cffb69-c5a3-408f-84da-ee277d9dc9bc
9af59624-f1fc-40d8-aed1-77d00d2e9048,d3797b72-f4fc-4667-b4a2-c6f1740ae3ec
956ba991-2433-42cd-a42e-8ab96a232fbd,8dfa4773-29f3-44ab-901a-8e892397aa3a
71b5f9fd-5b9a-437e-89a3-06679fee04fe,eac156af-f434-44f0-90c0-4da0c58f5ffb
d138071f-9806-4f8c-b6d3-803c9738565c,27678de3-0bcf-49fc-811b-ee8f03814695
34ff0449-fa12-458e-b275-dd9f87151179,bf8bd5bb-d69c-4ba1-b656-3a7e7765e754
1cdc0bc8-96c3-4c51-b4dc-88367e0aafb9,0773b3b6-1036-40fb-93aa-4e7a67e9c8da
32396cb9-bfd2-413b-bbbe-3e3f39cd2377,828a4ac2-ad61-4181-8e91-40a8f8f7fa7a
ede012fb-2d02-4caf-86ef-7c164bf380e2,6571779e-bbee-4589-bcf3-5ac725d31fe1
2673d5b2-566b-4ccf-945a-68827afad408,27f0d1f8-9360-4243-8d8b-4db84d1a1594
77ec2d32-45a1-4d60-9646-dd76f715d0ed,6c5206e1-4d83-4bf6-8a36-70a141a51c09
7da978e6-991f-44e5-89ae-8b3df2362ef0,0e092ed3-62d1-4d19-82ef-f9db132485d0
6956e6c1-abca-41a6-a5d2-38ae347ee5ce,96d5d00d-d21b-4eb4-b634-dc1ce33495d1
c283f504-8776-49af-85a5-3c384420db04,d604b384-2ea5-4881-b003-dc22c2559cc8
783c2e90-d7fe-402b-b55a-c1c8fad8bb63,a2aff1b6-315a-4f65-9545-4b61ad58348a
893fc900-e96c-477f-8c41-0df3f4444c12,0f834108-abb1-496f-aeca-0d070a5b0ea6
49eb37ad-114d-438d-aeaf-533796b0d0a6,d583c1c9-1dd3-436b-aadd-f7d62cd87ee4
af8518fd-2b87-4f57-93e8-af66f40dcb5b,cce48a6d-48e7-44fb-81ab-0867c578adf3
3f4bf1fa-53a4-4bbc-98e4-d0f327dd5968,8ba2d6bb-cf61-4119-8dec-386d776efe2c
42b37dd1-a276-46f6-8863-8e8a42a5598f,4ec572f9-97d0-4dbe-b36d-adb716c98333
8f287c42-e196-40bd-b269-1a8411658178,62768e67-386e-4e85-87a4-82f8c0354632
bf539bd0-3731-4b8d-b7d0-c6573f5f4afb,02386060-1191-4f73-a55b-e0dfaf1a3ed3
1dd2d7ab-0abe-458a-a67f-366a0dbf4039,a3fb5b77-00d7-4834-be49-5ec151280a0d
f7d6c809-8659-4ead-abfc-d01483432201,95302a24-7086-4f1a-9baf-342388c42904
deca6173-0c85-4104-8093-2355e77b7f95,c9045268-b89e-444b-a43a-78558ca3c92d
7623997a-5df4-46eb-a72d-70be617f1e89,fc7786e5-14aa-4d2a-80e6-55fc825fa316
6e9e442c-338c-4ad6-b9eb-fb04f39e3ca6,6c20b68f-95b7-4190-bc2a-da9f6712921c
f92ecd16-16fd-4847-a94d-7cd5815d0d6f,a14a3db5-75ee-4024-a01a-70c24e2ab486
65e40c60-62c3-40e6-ba67-e391da4cb666,bab9c4e9-958e-4be8-b941-42bf61b3a2a1
572c5a82-66c4-48f6-bbe3-188eb1982a59,f07e9531-b3cf-44fb-8fa4-8465585b2db1
aa1c1ba6-05e1-4a07-a142-78289e399162,bbef6f7a-69e4-48c9-ba20-085eb3193cd2
c0ea1bdd-4f95-4772-a41c-6019b6baa919,88c4bc54-6ab9-4363-b015-320f8931ec46
a3a0ec03-6c86-4e7d-83a4-d59956711fc1,523e8045-7667-44ca-86cf-7706a7f5d1d6
437f658f-5135-4fa9-a33f-619619a9d5f2,62e39eb9-9991-4a14-ac6e-7b067f34f5c7
6dfeb0e5-f5b2-49da-a9f7-cc058e9eefb6,b98259ea-090b-4c17-977d-f9d31d0280cd
b6d34949-2de6-45a0-8c69-551a0deb29fc,f31b67da-bd55-4df5-b7bc-0caf0d5cdb70
a4770274-cf3d-4e19-8c5a-1b52594cdaa7,6bfd5457-d438-463c-9e97-fc11eccb7912
d044a087-6888-4c85-b780-727179ce9805,0dca97ff-7e9d-48fd-8aee-fcc7ecf9fcb7
8c07a65c-55ca-4db7-ab28-5d4bb153b3c9,f6d7c82b-d390-4a79-b719-de7ff43d9b35
bc0ce32f-0e21-4fee-abcc-86521c939ac0,982dcc8b-9cd9-4ef8-9ba1-c66bd5121454
945d4247-f927-4475-b49b-1362888f6bc7,b67d7c95-cde9-4ada-bddd-367ca011b06e
47781798-3f24-4472-800f-4400ed7a6414,91c0ed88-e10d-4b68-b59d-2aff6398ebb6
f14c9fb2-b567-48c5-9a64-571b4e47cb81,988e83fa-0612-4fc3-883a-9d51e18e77bd
9a6080f0-9f96-4924-b26f-5a5adbb2a38b,e2c9b06a-7a4f-4de6-9caf-83801eaf9067
b89abeb6-4a06-44d6-9bfc-f0ad6b23f2ab,893453ac-4b23-47c3-aaed-cfeda4ad8ef2
aa3bf4fd-d215-467a-93b7-59978da533e6,12658f62-da33-4234-b6fb-ae8a346f2b31
2fd41ae4-352e-4561-8355-f7acf38620e5,f953a7da-c22a-43db-87f8-96ee4e241665
af670429-6828-4781-90aa-5490d9eff01f,4c62cf4f-04e4-4d4d-bb60-2182f55d093b
0e8db705-eaea-47d8-8417-cbe337407d33,0265f9f5-cf2d-42e0-b9b6-9d71e8ac935e
281ceb71-4344-4124-b9ea-456bd1b8138f,ed335f22-a2d7-4566-9dc3-b674e99f42e8
ae4a6e7b-016c-408b-b496-345bc507caa1,05a82884-ed2d-4962-9b15-baed73a4b162
35727487-7001-49fc-b8e7-6f5bb7d7bdd1,6f296888-713a-4aef-954f-5ef6265e4b43
380d7bd0-4774-4d50-ae78-0d1a0dbbc229,f82d57ff-c3f1-445a-acfb-ce2289bd2bfe
b39c6aa5-973d-45bf-b680-5fdf7f053400,69ad73dc-a1e6-49fc-bff0-08d3967c701b
2299cebd-0183-4cc7-b882-120a9f3b62a3,b963c3be-6671-4ae3-816e-3686bb7a753d
aa69c4ae-8492-4f74-a2c7-1f805e490b08,2c2a5537-244a-4437-b0f7-4e7cf0cbf3be
0935b72d-01ec-479d-9765-63599abddc30,525569ac-c83a-45dd-be5b-40b19d4b1784
56de86c7-3621-4c1f-b3c6-1dcdd3918882,362c46b8-9287-452e-802e-c3149870c74a
d4fae58d-40a6-4b21-959f-b7ba937f1ac0,51078c9d-c35d-4900-a8d1-852641b60a8e
b6e886c3-24e9-4949-94ab-40888e29582a,b6fc20da-aac4-48d0-b4a0-58e5d3a3a155
9e585441-353d-4562-a084-0487e94dfb60,28a33572-ef75-4685-9849-63eb5ce644aa
6e454257-8fb4-408f-8016-9c92ae7fa556,ad0d8bf6-07aa-4452-ba96-93c0dd382560
866b923e-cc83-4aea-976b-dd3a181eaa15,725ca829-3025-4b9d-a0c1-440e4b2cfa39
404bd5fb-2018-4df0-8514-f4ff87367de6,37e6d12a-a371-4e8c-ad9e-c19383a61c7f
44d51d18-3198-4486-82f6-73c8713270e8,4834b4bf-44ef-4951-bf40-ea5ac55b4aff
eda3a89c-7a44-45c0-9021-3f1641d9b3b0,207f4ade-bf8a-482a-ae53-8ae9082b5c6f
7e33f720-dc44-4b98-997b-a54d5eb9317c,8ffe14e1-8b09-4cbf-8465-5e10e0297474
61c0e810-9411-4cb7-8ea9-c3049e342355,7c24f3a3-159e-4b84-a1b1-cc10f19646df
93239937-a55e-43ac-8d70-304ffe65a780,88f6bc36-9595-42b0-b857-6e14cd9d671b
24ab856c-0ef1-4b99-b802-d178dc71ae85,9d28478c-829c-42e2-9fb5-191af16078af
61a0d1ba-325c-4b08-9999-0e949271d8ae,1f0f121a-64ce-4a2b-bdbb-80cc31cad62d
31bb4cbf-ee76-4d75-a55c-f69c2ede033e,e5591c7d-e353-407b-ba1f-5d43eae298db
87185e99-04fb-4a69-9743-1fe2d5d0f098,d33f0641-09e4-4c37-b923-572810e6c730
11f71ff2-aeee-46d9-9c75-539344943c3c,428f6993-d52a-49c0-acf7-ac4a61863f0e
d96b027d-1424-4eca-a102-987e2731a5ca,5975cb20-34dc-437c-bbe7-55fa8bc5889c
9c130d8a-d635-4bf9-8c82-ce1848553e40,b08e3bc1-ba52-4dac-a5f1-434fbb6e7f05
fb2dc8b5-867c-406a-9251-d4decf77398b,0a362fad-5592-4025-8570-7cb458ab7657
a8bae1c2-b3d1-499e-bfee-d2df45a9343a,653b273e-8e62-4296-9c58-bfe25ce82beb
bc002910-8b34-4b32-81ab-2768799b3127,a5b50b72-79bc-420f-a402-b1db7e664b85
a431dc15-ca4e-4468-824b-f6d15f406504,d5fd2158-25a4-49b2-bbe3-c19761f6ced8
2049c2c1-63b8-45d1-bc06-4b736ed92f22,7bbd7f1c-59b8-4ac1-8579-0587b3856fb2
f6957ba9-0237-40a1-a019-5eeee3b0e032,269c0b2a-4821-40b6-8a08-55c012483858
51439fc6-717d-40fa-98e4-b245f32840c6,6635dbe8-3f41-4f36-b53f-6e57c54334fd
29de7384-e7b2-4aac-86a7-de12e80e30ea,d2686beb-5ddf-4a96-bfc8-082bd5eefa89
a957cc0b-8212-4f78-b2c4-706fac9b1afb,33531460-f540-4890-8249-7fdefabd2200
ca53ae50-d2ac-4427-8579-1767376cdb5d,e0392bd4-d96f-422d-a402-61fa2272dbaa
945b5280-ee0a-450e-b0ad-54e7149313c5,1c5abbcb-3fbb-407f-ba1c-96d932c21c61
3b1e8d38-2a57-48c3-961b-0795a3c9ce94,eff6c2d5-a9ae-4b08-ac47-d4bc1435cb08
218019ec-2e76-477a-bfe0-246b451e8de2,95665587-1619-4eba-8f4a-97359ba6c0a2
f29f808c-e77f-4e17-9c4d-e4ee37bf6a13,5b671775-8972-4738-9368-ee92cb150048
6a44e9dc-30a5-45e8-b4fb-4ccbdf3aa31a,00b6dffe-e395-4978-a9b2-bf03a202124f
367471ac-661a-4244-acbd-71373bbe6147,049c8aaf-bf6d-40d6-bbb6-f653cd40e2f0
816b72c7-a127-4b84-bee0-ffe22c383701,bb370e6b-a1eb-4d38-aa58-54de51b75ed2
73616362-d04a-406c-a0c1-8e5d461ae4ce,739adbf4-3da0-4b82-9cc6-22a2964080df
d87def98-d3b8-4e9e-9b88-171a82c7bc5e,6e221e99-9396-4be1-9f14-b2c49e0bcde8
d26978e7-b849-49df-aa4e-9a0e2d2c2632,29728335-0031-4dd9-864b-d72bee02ce5c
8ad3625b-d962-4af1-b9f1-41e84ec5b4fd,02c2aa28-b0f0-444a-b750-398495d18e1a
66e66831-3a32-4f9e-af92-dca5ece22858,272652b9-7203-4ea7-b1e8-4f3ca146c91b
166244fd-c232-427c-aebb-b513307407fb,2c623d92-3e09-430c-a6a6-457eb2f890ca
c81267bf-ded7-4fb6-a66b-c8bd25bc506f,370cc559-2cfe-49c3-9ce4-923cd31971e7
824d0a4b-e0c7-4f1e-bbd9-35f3774df545,2e525ab6-7a2b-4792-a903-c8319d3bdffc
977229e8-51e9-435e-bf50-7f9142101c6d,a1730bd4-01cf-4354-8361-3002eb976443
121df481-42c0-4ada-8a34-13ec7eeb1e40,e065ba9a-c1de-4107-98c4-6b5baf55c018
46eec70f-59d6-4843-91ef-bac3264e6a57,c0d61bf0-dc0a-4830-8e56-5bc5806681f2
d86ed260-33fb-44c8-8b10-738cd7cde054,084f7251-3d4e-4fa5-9046-90639d2fab21
46c3f759-9da4-4a21-ad78-20431155cd96,36206fc7-2030-40b4-9385-681fe37e09ff
c2f3de31-ab52-4008-a9d6-10ac9c4602f3,d0f0dd19-01e9-475b-919d-896f2d29696a
df56d6c9-e5d5-4f8b-9f8e-1ecbc10a744a,6c376e6a-92ff-4e68-a834-5ac174f0fa20
03052833-853b-4975-95e2-ed34a28918aa,7b161a9e-7162-4321-ba79-3abb4768b3bc
05ec1fec-ca89-4b01-bfb6-2ef54683532c,57b23948-0a4c-48ce-8af1-9f946a60d35a
240a35fa-63d0-4900-a710-dbfaa06e19ee,72303231-4119-4899-b1ee-481138489a9a
b3ec8ccb-e616-47ae-b89e-22df6e756dae,2da0b7d9-911a-486f-b7f6-2686b63bdbf6
341e2a41-4fdb-4fd9-b480-de8eefce8b35,87d8c3ec-9f17-4009-93fd-f96da57420da
1180c8d1-e867-435d-ac5c-74cf071e2390,0217b246-f311-42f4-a2ee-0624f5dba9b8
e6610eeb-7c5d-4a38-86f2-564f8d65fb2f,9dd3e667-0f00-4421-97b2-9d0daf286bc6
98f23f76-1257-423d-b656-099bfc00c3c7,9326cc01-3b3f-468e-b3af-4b49f9d639e5
48019821-196c-4a8b-b713-23c9473778fe,d16869f8-9d9a-4bfa-ab54-07e52a3cecb0
481e7fae-8948-4fce-bea6-b97ba3485520,25790e39-4c49-4b89-8df7-6bd52309b2ad
988c1940-8725-40d8-a4fd-d7f8888ba002,14a4026d-217d-458c-811a-a6b1aca6a640
c9eb1b6a-6ab6-4fb5-980b-21ba18e141db,fe437dcc-de00-4c44-b88b-0f50c4f7fee7
94c2f7c2-6d6e-4b42-ae55-3e1314b2e5ce,641cbfa4-e724-43ee-9a92-8682687197e0
02fb848a-0e65-4c0a-9482-ecbf16f540aa,143198e1-463b-4680-8774-9466f58ba15d
0612e49c-a681-44df-8afc-081701c1d92d,0e73c74f-756c-41dd-a19e-48a537dfd233
86079fb3-0603-4a4d-a96b-2e1d662d5127,420137d2-871d-46db-986b-36b4cdd18823
19715efc-9959-43e6-9197-47607afb3485,5921c20b-75ce-401f-872f-5e759073b61c
7f7e65d4-cae5-48e8-8bc6-95d1543afbcc,e70b2969-0ab9-43f1-93e1-aa5079535a14
474c0f53-d50f-4875-833d-5c1a56a412a5,bdd1ae6b-4ff9-4cf3-a0f8-7dc2ffdb8569
61bc029d-4e80-4140-ae04-4adb8ffd08d5,faadc717-a973-456f-b35f-04e7ea1494ba
ab375d1b-e6b8-4604-8d80-823fe60a1c8c,23e969a2-83b8-4b23-9376-82a1f9113c08
486a1fb0-06ad-4946-882b-c2c67200f604,de544af2-2cb6-460b-a848-9c1b9b14845c
386a717c-a366-4b74-bf21-aff318d692db,6eb5eac6-72bf-4725-b730-b89f36c55f82
2d91198c-823b-4491-aa34-239780cd40ad,cd089c59-3d54-4097-94b6-858a497f69b9
9d717e23-75b2-4696-b8f9-2d4fd4164bed,e34b24c2-9bd6-4ded-9ef7-f58225086581
e9ef208c-87e0-4929-b434-b3cb1eb7897d,355630d1-5da5-4330-ba7e-5007d7f3010e
2cf5e298-04e2-4c2c-a545-c2f4ff5f9bef,6c5897ff-c16a-4aab-aee7-b1d7db7c18f4
51c46b83-9566-4308-aa4a-8359c94f388d,268aa22e-1e47-44e9-81ed-4b11eeeeef5e
70c7173a-1e8f-4910-966d-f250cc3a679a,6d9184ba-034f-454f-af4c-2bdec3f7108d
bc90f57c-0c8e-49dd-9453-bf34d8638624,0d5e47b4-d2e4-45d8-b959-00a2b59f6370
4cccaa8c-aced-40a3-9fa9-65409c78cb98,34c453d6-65bf-4319-b727-ce01c94fd54c
f3bcce0f-6c75-4902-a66c-5e4bafa4c210,2b43b06b-fc7f-4d79-878c-edc9b91dd60e
0a2a13c8-192b-46ae-8255-26a527f7bdb1,10cdcd5e-515c-4409-bb6d-66fd51872afc
f2b713e8-f2f2-41a7-a906-83bf9f463d92,c41f83e5-4c17-40cb-b8cc-6f63ab02ec8b
610e93ef-26c3-4121-ba23-41cf0c25eced,d07d5421-3735-4af3-b184-4514a888018f
8e9e92c1-89e1-4cee-af0c-7e3155ece238,14bf12b1-ea0f-4405-8233-e18dda9d6885
3f56852e-34e4-451c-bd53-0db669e6f48e,5bfc90ea-1098-4703-a1dc-2f9327a42bb0
a75f90dc-6426-4113-8db1-6fb0acceb4c6,0ff791c3-2d5c-42e5-af18-580d5d66f88e
87d619d0-9912-4e50-835a-191822343fc1,81efaa02-338b-4106-ae73-ed5e74b8471e
a088bd24-924a-4fa6-974c-ade96d3061b0,53d80a62-20e6-4819-bd47-17f75109f507
ba5cba0e-00c9-46d3-a974-e4759d1bbac9,d7105c59-4601-4217-a743-47b056724038
5efcd1c6-08fd-4e12-9b4f-5f2057e45697,db8b4c6b-7c63-4ca1-9f94-552079b66ed0
21a618cd-4f11-40ae-9a02-2b83da04309c,36f315ff-3b5f-42de-8858-e21c3279ab00
f5872e14-a7d9-4bf8-a660-77dbe33ad9e2,2d0a2e97-60e8-43a5-89ed-9458958d97e8
a8fa47ca-8e2c-43b9-875c-323afa1187bd,6e33205b-dd9c-4a02-9f6d-ba216145ab9f
0885807c-49e3-480f-a137-b37a78581a95,46d85f09-8571-43fc-af36-addbd5675644
387c87f0-90c8-4c02-8f3a-3b781f84c511,0242afe0-3d2f-494f-ba01-a6a033341a94
c4e0ccbb-b94f-4d3d-abf1-d13a300a6b49,75fa4a51-f8d6-4cfc-b232-a2b71cc57b99
9e0b9be9-34f8-4089-8efe-608cdeb53f2e,fa511781-5f20-4d67-b1ae-184665664079
a053900d-30cd-4e1d-a857-b4ac9718fc8d,0ec29f19-63bb-4c0c-b2d8-fff67fe97b6f
cde58b7a-4903-4ddb-bdf8-47df16894c97,69d5f491-465f-4a62-a02c-68e95ff17a0b
e5a43817-baf5-4184-a354-4a2858d0530c,559985c3-2d19-4e89-ae8d-32827a774b81
8506f99b-6e64-4c98-a7d1-e688c9f2a986,8047c597-8d7a-44cf-b2ad-1b952f733458
a2e2aefc-25f2-4ce2-99cd-3b7a31c2b8ad,3eebf73b-a313-4ab2-bf2a-36c05d7b15e8
7a9d6694-632d-491d-8f22-f5eddfd24624,8549044e-81d5-4893-91f3-382195ccad1f
afaebd0b-ee5a-4a9b-9309-e1c8dd042f1b,495b3ae5-92fd-435a-a607-7f489026675e
d8e994c7-0477-4f6c-9825-80aab17c5ba4,7abd0f5c-7128-4a5f-b979-ba672e56a2d9
27a788ba-f7a2-4dcf-8c17-5ccf311d7d98,a5952edc-fa1f-404a-bfd0-2dcfc6b8932e
79537b1a-8ded-499f-bfcb-55b75de22771,f4a84475-e272-4f46-ba51-8bb00e486a5b
d9977d6e-b3df-4ff6-8884-5761ef75cfa1,acbf8823-27bb-4ed8-87ea-370d2d4d0a7f
8aff08d4-9ffd-47d9-963f-dc1ed10d04c7,5eb4fdc9-94b1-4565-ae67-b70d50cd29f9
c0fadb85-c880-4842-b5ae-d8c511b0f538,b9989dd0-ba67-4023-a7b8-936cf6ed0ffa
04fce2bc-c8f6-485c-9d01-83e4bcba113b,a47d05cc-8076-4f65-850e-929020ecbb0f
358c3d9e-66e2-4d3f-b071-73c9203340ca,599247e0-c21f-4e00-a466-19be01fdc9d8
91b3de6b-d136-4e1a-a685-d5ae5bd286b2,a36cee0d-f71c-4925-b835-b43fe0b293b5
560d1c40-4b7f-46a9-95e3-371426ec9723,f3557f6a-c074-4550-8bb0-5edeeeafc3a3
f3bcce0f-6c75-4902-a66c-5e4bafa4c210,d437d9b0-dd31-4323-998b-70ae2bbc26fe
f1a69a23-4f71-4bd9-9bfa-7e86d15dccd7,355630d1-5da5-4330-ba7e-5007d7f3010e
af937768-a16e-4a58-a96b-d9e2a9faf033,19b12863-09b0-4cfc-a108-c3820a52f641
12e582af-70bc-4cdf-b79d-719cb0ef003d,232357e3-1e2c-4d1e-bf80-c57406232028
5caa5318-69ba-45f4-8986-be7168e8c173,89b9ad78-28c5-47a3-a66a-6922af6381c7
e0a1fdf5-3f73-4e06-ad8e-0954bc54880e,84a624fa-c87f-4a0e-9c9a-00585b5c39e4
a9d60713-61b8-41bc-a322-f3624c10e978,046d5bb6-b5cd-4d44-b3f4-45ba29f78c7b
d6472ce5-9b49-4e7a-b6ed-7e36c4625cc6,f353108f-d15f-4c31-ba4c-f1c0eabbd813
6ee10cee-c9ba-4d53-a9ea-2597ead586f7,37a5b97b-8c61-4368-866c-e478b03423b6
55caefe9-e8a9-41fc-ac21-7247c0750840,f6d5a62c-069a-48ec-858e-3b24ef6fc6b9
7e25a27d-95b7-49a8-a5a1-acbae5c32ac4,674157d2-43cb-4189-98ac-a642cf7bd90e
c0fe99d1-14aa-47ec-aa0f-f4c6f104e3b7,41dd5bbe-51bd-4f77-835b-e808a6c01628
a0987523-8443-4108-b438-2260428690ed,59026f4d-5238-44b8-8cb9-a69ff676f560
b421b99d-b429-49a7-9043-161366276149,63af61a3-3b0b-4a5d-a105-b02f96c6b02a
a8fa47ca-8e2c-43b9-875c-323afa1187bd,723c77bf-dd63-4012-bcd7-9ee0fd09ffe2
c82e1dd2-dbd2-4ae0-a8f1-ae50840b1b56,5dd655dd-30e1-4cb4-aec7-f3b7ccc7ed1c
96a94eef-be7c-45d8-975b-c46982bddbf9,8dfa4773-29f3-44ab-901a-8e892397aa3a
64db6b16-e285-4812-956a-0ea4529a8503,dfeb0568-ec07-480e-8891-26a5482e5074
ef1e42cf-9c55-4046-a8cb-8d502b72e851,2e1e2b80-7c73-4613-8865-53ed71f6c9dc
da362baf-2b51-4d17-a624-40277a551f4f,a0564234-0ab1-4e63-8c8b-13c852ba61ae
a22d76fa-bcc9-4d4b-839a-706fefd2d819,b18d1aab-3a72-4644-9d62-1a9af4e43ba1
c39447ea-5ddf-4fb7-811a-d1bc63c50f64,16d81319-57c9-4156-a4b1-4bafe1ef383a
175a8200-37ca-4a53-b147-58226ab8f57e,baed2651-caa3-4dfb-9141-7695db71e7e4
b493a768-7d24-49b0-b640-c43c9511363d,599247e0-c21f-4e00-a466-19be01fdc9d8
4f17e0fa-a024-4973-adc1-beac3e36afd4,dc8c85b9-28e5-46ed-9a00-4cd171560f97
3d3f4572-6fe3-435e-aec2-9e0ee56aa5aa,066a7ac8-a8ae-4bfe-b2d6-34ea438a6b69
e6b1e4c4-7fbe-4646-831b-978d449b9fb0,d7094d07-b405-4d61-8b8a-485da9ceff1c
54f4c99d-548b-40fe-9d36-2c9393f423a9,1ce57e13-c47f-4c76-ad8b-1cee520d6571
1a3a9584-2efe-4f76-aade-a5897f621140,d9541b3e-c7d4-4c8e-b21c-5e5084016524
8ad60c8c-7c44-4ad8-a6c8-4a6597a4436d,a9f3ae8f-57ca-4471-a6e2-5f6cfba8f39f
e3f478bd-a728-4a9f-af05-26003d312299,e38c786c-67d4-4abc-8ac3-189a1627112e
0a009a4a-e03b-401d-ad83-698d8e854666,92e1bd1f-b4c3-4ae8-9830-e671b4544ac5
41d98766-fc66-414e-9fc2-4e299a44f78e,32f090f6-ce84-4c94-a244-604cf8b662b8
59cf3ef7-a347-4cce-a0ad-9a7afc68a51b,046d5bb6-b5cd-4d44-b3f4-45ba29f78c7b
2b717877-aef6-4c06-9889-e3b4ef82aedc,ce833cd8-598c-4219-9706-d0abeaea066b
d8fee8df-c694-4b6b-b694-80dbcd755828,69037735-ad87-4103-ba48-663046e72c35
49df62fd-7240-4a19-9b98-2c4a3daa6d40,4d81587a-d8b3-4777-b723-b245e79367ae
6c729639-0d8f-491f-9ba4-5dd783913d05,81f65fbd-83dc-4604-b310-d2eb98b51a2c
33f787d9-161d-41f4-834e-f32a9a3b2498,78dccfc2-0c42-449c-80b1-f75027bcd39c
d9a93daf-c858-413e-8cdc-c58f77aad7ce,2e48fd82-2fd8-4c62-9cd3-deb8a3f62997
b835b90c-cb21-42ba-895d-10ab1f506f14,f10395f7-cc18-4f1a-8205-fb4c39b95fc6
869f9274-dabc-4348-99f6-9d5d10c05009,a527d6df-3152-4a80-a545-affb8597ff12
55a3a756-7c31-4c7f-8b52-0b4c12b15799,b0105cc6-26a9-45b8-a873-3e5da825b70b
5ef00e8c-79ee-4b94-99fc-408ae65038c0,8209689b-440c-4ad3-8f7e-b5446c5aa92d
ff6f2f71-ce82-4653-9373-88eb69f46c05,5f874b6d-25a1-4a75-bede-2d6e2c8fe668
311a1cc1-ec82-4693-86bf-91954245b521,5256b3cf-e0f0-4f5b-9556-48aee1129486
dfe03599-bd54-47a5-b78a-10b7abb15e8a,acfaf5b7-07a3-423b-9b35-3571577b12a9
a9384b10-1555-4c66-bd8d-c7bd470f73a1,d554734c-db0e-49a1-9920-afc612582552
745ada53-c957-404e-a419-c9e2449be269,53fdb433-a23f-4072-9e5f-040c97580b1d
5dee2fad-1852-4bbc-8587-12e71c1951ff,8c46799b-3367-47ef-a269-4f2cd294ba92
c949d3b8-9a3b-41cf-bcc1-1e535e058fb4,afcbf8a0-11fe-459e-aca3-95b52060dccb
015e2d8c-b3c8-497b-af1c-e24f92566ed0,5466f334-9699-4024-abde-6002508b25e5
552052c4-bc50-4fce-a5f6-ab67519651f9,d807e17a-b5c7-4023-a4f8-0aadc9738bc4
6ab57978-2d9b-405e-8a8a-8e344aa9d167,53533890-fb4d-4575-88c9-e0e89c132b93
5627f71c-1fb8-47a8-87ef-28f3874f6f26,9fee1e47-69ba-4ed3-9451-5851460c9a3f
a0523912-2d2c-46bc-a36b-6353f65627e5,75bd8485-0bdb-49ae-9446-6f423d347de5
1b18c39a-5afb-40db-82b0-81674fe9fa96,d16492a6-2999-4bf1-b48d-5bafde8d2867
03a1378b-1b60-4f1a-bbc8-63979a12c62a,8440024e-9d68-47f3-ae70-7fd439983720
4118df4f-3954-4b87-82cd-c33641d381c7,aae36b5c-7f38-4f69-8fc0-18fc9a7876af
6fa5e2af-db71-4f5a-943a-7531210c3c35,dfdc02cc-ad7e-4282-8480-0ff8a97d1fff
58dd8e1e-4051-4204-b60b-cada157bb63d,b9d63f41-9185-4dba-aaa9-b1302c7d27ea
d0fea938-08d4-45bb-85ab-e25306b5b1b1,01df88d9-220f-4b03-baed-7f66b2c48dec
8157751c-4fcb-468c-b393-7d17d0fe1f47,213e7356-df99-496c-ad2c-e3fa7f3d944c
f4eb544f-5a20-4eda-b68a-f7737602ea41,dcab818b-b1af-4efd-b109-e428b7079949
e36d2b62-2c5f-4c2d-b19b-7413ff4df544,40150c08-9557-4826-afda-a4b89e620cba
70675841-4de8-4972-ae72-82bad7e12286,35e6f921-f2f3-412f-9809-976ea372d6a0
04cc144b-f042-4662-83bc-decde51be65d,f90c2a41-ed5a-476b-93b5-bda25ccdde09
8e745f22-3715-4415-b7c5-6b6f01b14afb,89ea8a1d-e740-49c0-8e4f-3e0337d851f1
f7cc640b-ed77-46ac-a64b-e0d68567a697,f79fa53a-3e6c-40ca-8037-99f2c25be3c4
18e7c9d9-ab42-45a9-8ef0-772340fded43,4beafd40-f7ad-4d19-94cd-8b28d00675b4
6064946e-dbd9-4db0-8ba0-741f53442eb2,d0b4fb45-14a8-48be-a38d-915236491764
4338af23-6de2-4084-bb79-661e09537ac5,ef9fddef-e123-442c-abc2-6f055d98695e
80cd5bc5-9cb1-4b75-9838-bcddfa0ec17b,96daf1d7-a174-4c25-9579-13c3e59e242d
686c61eb-4a75-4348-aaff-80f0d3722a80,d74896bf-8415-4509-a91a-f1deb2139da3
5ef00e8c-79ee-4b94-99fc-408ae65038c0,26d05aaf-953c-495e-97cf-4e8f7a9470b9
d1059368-9536-4aa2-8538-d9ea69c9d6c1,523e8045-7667-44ca-86cf-7706a7f5d1d6
5cc672e4-1c1e-412b-a664-2ab6aecb07e0,0bf3841d-3be1-456d-a505-4d31e2bca5d7
81a4599d-7750-4ee3-8c6d-70d8c1f97cac,48f9ee35-c57f-40c1-9ad1-8464ba7edab2
288bd005-8f7c-447e-8eb2-e0a49a3f61dc,508fd6eb-5b17-4a64-855d-d710488da9fa
6c702b14-cdcb-4d62-a8d4-a8626dd3f78a,b50fae88-10a4-43e6-ba60-1e64e7797af2
0f5025fc-21da-49ee-bc78-240d036d6b38,33cafe6c-4c21-4dad-a868-c31bc2e4210e
0ee26aea-c59d-4625-af32-f5f563c90930,82a33789-b087-421d-a676-b1216a4df7e5
6c2dad15-01e6-4e32-9b71-ba0667916afc,18a89a0d-31df-43b7-ad32-3ebe189cab1e
7da73105-f36f-433a-a2ab-3e58fe7efa8c,7041b74a-7a9d-498d-8038-2e54b4618f7a
fc3c2a2c-3464-43e4-a1ed-db21a322086f,54e0ac3a-85d1-4130-8e38-3520cd539865
d564c7a7-2ddb-40be-bed7-0990b1d6f527,872ac9c5-16c8-4350-b36f-1442791efe2e
7ccea5da-cc85-4e2e-bb3d-db4b31ca47d7,4d11840f-4245-4867-bd86-1d726a7c36a4
4bf6d9d0-1867-492d-b940-bff7cd075218,ae7771cb-64d1-4038-9087-d217bf9c1e46
d4d7bbdf-521b-4eed-a001-a30556633cb1,d04c9877-6c0d-4e20-b983-cfb741e6e8c7
0207bfc6-58c6-4aa6-b3ed-6f366d4e98a7,6c113641-713e-472c-9a1a-633ee2b9da47
bf1875c2-9b9c-45cf-ac80-491c92f90646,e1e213b4-125e-4ae1-8190-0e35fc90c663
838fa6e2-0c6c-4adb-b608-21fcdab282df,8850a669-b353-4a69-918d-b9f7ea3de9e9
d820207c-2589-4dc3-b8b5-2b7155da170b,962f8b06-88a4-48a6-b51b-253fb6065bdf
1ba5b021-dbeb-430c-ae01-3220508957cf,f3557868-f5b1-4b3f-915c-bdcad6645bc3
b0af0eda-4a31-4f78-a3ed-36e72b883cef,e932123e-817d-4a00-8727-3e6cfa4f1750
fa054900-2561-449c-bee5-f13a57155ab6,e680425f-0805-428a-ab09-741d078342db
3e5c70d3-e281-4797-8de8-1df446ad8065,5de9e1e5-f78c-4ce6-b7f9-5a09b65a6f14
b79cb0b3-708c-4bfd-9d74-0cfbbfd2d5e5,046d5bb6-b5cd-4d44-b3f4-45ba29f78c7b
f3cfdc4b-dcd2-41ae-b160-d3c3d529df8e,d0ece677-bc77-4652-9412-67aafba3b824
8e5dfcad-5e5b-43e0-a1e8-1794e079962c,75a355dc-4df4-4b96-902f-be98122945e7
76b11f12-8890-42a7-9926-9b8d94f3a137,3b841746-8f2c-49c0-840c-d038cc08708e
e375d81f-d8c2-4911-8f14-12f75c6d550e,21d6fb7c-28b6-47f1-b912-816b6fbaf7d4
efe95322-aced-4cff-93a2-f500d8b987fc,895e7a73-737d-48a7-9cd6-677fbb1171e9
dbe1b181-9f0c-47a4-b3cb-6d1794ef10cd,a88a838b-602b-4c06-8ab6-2ebdd318b297
466b1022-d88f-4fa6-8331-47af96700c24,57de7291-0046-4f7e-9026-20eceb63af53
54c74f4f-be4a-4786-bfe5-8b82a845878b,99cd090e-62e7-4e52-8eb1-832c3dc60e6b
78e9ff82-a8cd-4767-bb44-b86f982da0d3,1a331fed-ede2-4402-9f8d-00b5e07e4b3c
8570a6d2-f666-47b7-a256-b4b6a2062a4b,009317f9-174a-4adb-928f-a287e6a9db22
d37cdf6f-44c5-4a6e-b866-457f9d23e246,77ef5f8d-55ae-4002-991b-815eea63eba4
cdc78147-d69d-4f12-a3fa-914c1b5c4526,084f7251-3d4e-4fa5-9046-90639d2fab21
bc4e18a5-e884-41d6-9452-ef0c1301afc2,9bb63edb-911e-40d4-9b36-005f0d44195c
1d528425-66d1-4648-875b-7e97ae686f2b,23e8aca5-99bb-4a37-9171-6437a3fe88a5
1e5ced49-f877-4373-be81-762e75c2d133,71d8f27c-954b-4349-a8a8-999e157067c8
f5ad5c0c-f8a2-4bcc-8dd0-16e9c776b960,42b8a886-60f8-40d1-8016-ee29ab9074f4
2cf5e298-04e2-4c2c-a545-c2f4ff5f9bef,d56f79ea-b635-4990-a158-54efeb45882d
a575866c-dd6f-469d-b8a7-a49f5c939b2b,dc3e01ac-8907-4b28-b208-d8deb8c83ea2
1936b553-920d-479f-b703-e3448743c614,a833ea36-1d34-4e19-abaa-fd3078ec530b
94ddc379-ff02-400e-843a-f44f5080d4cd,cba07106-a4bd-4ab7-8516-62c64d950b4c
75282020-8cd9-46b4-8fce-686a7bdf33ca,65958680-8e82-4e96-a985-4266f5f47187
ed5600ed-7b00-45fb-81cc-2fb0cd7bed69,ea6b5241-95ca-49bd-ae53-7ab9637f4378
08c88fbe-1e24-4698-b28e-3e26eec0793e,3f29e872-894d-4554-8d97-227ae63382f7
ef174102-6aad-4347-b034-e3ecf21960c3,1f7b3103-83ab-4911-8da4-19e780e488e7
9f6ffed0-0e05-4f1c-bbf5-d4cbf8c42660,8b66a0ff-f910-4b79-8ba6-35eb51714c1c
fdc2f1e2-9640-4c1d-b4f0-4e786c81ade1,6bd2c586-3125-4a7b-8d64-558ddbe0750c
9658146d-a67d-42bb-9463-e372f9620e9c,6ba9c19a-89cf-4572-b26b-6ee2cb88a72f
fffd3d65-feee-4ec5-8a55-d7f864ba4f5e,2b7ee28e-1c64-4353-8faf-944f642bf1ea
5af00b1a-42f3-4496-a74e-06ce737b280d,c1e1dc60-04a9-4517-86f1-741139399652
a2f2251c-d8cf-4d87-a131-75be1377e0c2,7db9bbac-a666-4dc6-9f8c-7fa5bb8db938
f31371b4-8c5d-41cb-8d26-3e13be3f592d,e2461d03-7ae4-416b-a3c1-0e6bba74bf27
97ddc085-edf7-40f3-ae6b-0624a9832722,a833ea36-1d34-4e19-abaa-fd3078ec530b
43b33fd9-b6b1-4fcb-834b-9e51ac340f18,8d1d2a31-94af-4d40-b8d9-49bb6e432593
5f296cbf-dee2-417f-8f93-78abd30f5b25,8fce805e-7358-48d8-aa33-677732ad68a1
7c6bc7b4-df56-4c3e-ad22-1ed6188f7d2d,0c7268c7-1570-4df1-a9ae-c11828057e9d
323b7e55-78fe-490c-ac0e-d4bb8395ae01,974e3829-f013-411d-84a7-faaf76f7a7e2
f1b674e3-f3a4-4111-8454-14cc0af9dfd4,c06b9ff3-a1f4-4b56-b16b-cf50557c39c6
beb7d9a9-d6c3-4d72-b64c-33e6d43d8da9,cac49a3e-8bd0-4e01-a6dc-98e12d70d742
7acd6bf2-8f0e-4cab-85d4-c6d7d130d0ea,0242afe0-3d2f-494f-ba01-a6a033341a94
50167808-ecef-46d2-9a71-8c9090e3adc2,a0c94066-13ac-41c6-8679-cb9807360784
6441e9e2-71df-4bed-9cd2-3563071b2ac2,8584e283-6494-4aee-b2d1-502564789c33
4986ba3d-8669-4082-8041-b8d3ebe42122,27f88ead-92a1-48b9-a72a-031e437dfc7d
275502ff-8dc1-4784-9fce-53c8d59ddcc6,7f2496bb-72fb-48c4-967d-907d670cd352
3818e43c-2639-4c6b-9b89-93f14d5a9277,db6a88c1-0680-44a5-a19c-6dfcecf5a294
922b7444-71ee-4091-acd9-90854df53d2f,bd61ba48-c619-4ce0-bbeb-9ed59628ad59
78ffe1c3-50ed-4616-b289-218e670de81d,78a7da7e-27f5-48d7-9635-e6517249299d
055d3996-253e-479a-ae9d-d122730d6370,dc576781-b3b2-4569-9f73-ef3d890847df
0f256f6e-d4ad-4335-8277-f079ab7cb520,1b29bb54-bc26-4429-9d76-3fedbafba489
8bd053f5-0c29-4c0a-b4a9-f2623f0fb3a4,4c1d8312-a1de-4402-86eb-7ed7cb083475
fab55bc9-d61f-4a9f-9af9-0c8ee7f6ea0f,fdd1a0dd-3060-4ed3-a9c1-182c64b13c94
6d9a1a8b-e9bd-4bf2-997f-1eaf89f52f6b,b10e647b-5b3e-414a-9dc5-fc27368a2033
7afe0281-76a6-4eec-837f-3fd921cecf8a,d3c49de0-2ffa-4ed8-ac00-9276f74d7431
5a83c0fa-bb62-401d-8d58-64a6cbc94bdc,22e54a34-a832-4b84-80ad-749ceff9521b
c86b2c41-11cf-4722-864a-ff9dfba754e6,adcde769-0866-4871-a11f-4a1d73ad7896
a11f6c6a-e804-49ea-9eda-891b10f0414f,7ba077ed-fbed-4993-b06b-d8f0ecb4ebed
7e0376ba-302d-4121-956c-945a17b3b611,032f756c-5164-4255-a147-febbb8cae52e
754007c8-d651-42f3-8ae9-37a5891a11df,db6a88c1-0680-44a5-a19c-6dfcecf5a294
5136ed52-5c3d-47cf-a6a7-bf708f493fb7,95059ae3-c8ac-4ef0-bec6-ea03db04a80b
1d2b4117-5aaa-4e1a-b425-c12bd7e8034e,c373e181-4df0-43c6-b349-356f6a309d6d
b6d34949-2de6-45a0-8c69-551a0deb29fc,f350845c-b730-4064-b9f0-05eec2d7b5ad
89efda52-0478-4a23-987e-71c128af3ca3,5a45e226-1cbe-4e18-a257-66289fe7878d
42fbeed9-bce4-40da-a037-faa3e615706b,238836a2-ddfa-476e-a4c9-3cb89289bb6d
e2b5928c-38fb-4552-8a75-ff3aca98b0ac,e9cdcd3d-d9b7-423b-ac87-2a68a97eda79
2ff10108-fe53-48f9-b256-30a986da2f62,63a93086-b509-47f5-923f-1d5c0a6c494f
f8ee2b3b-c3e1-4c7b-ab6b-253ccaceefb2,0ccae447-a774-4fb4-ad49-85366eb9c42c
4a957351-2a2c-4973-98c9-92ff2c4c2b7e,9d59d9d3-34d5-47c7-9247-5be2fc662582
8d25e721-1599-452a-97c9-7ac77dfe47fe,e1daa6cd-c405-447f-937e-0f07e1300fb9
f5f218a7-c2d9-4f30-9bd7-37b6267983f5,9d5f0480-860e-431a-8003-04a2efc8f32e
ef6ea267-14a9-470c-ac76-639e88312aa1,3aff9cd4-2c38-489c-bc23-c82255f15e0f
cac8e97e-db44-4506-ac03-b06d341c37f5,861e6ca4-7ceb-498f-aaba-3673e9f5e18d
6e92d430-5533-4158-bcc8-3416e803b53c,55cdbfa1-2c9f-4117-8dc6-77107d8a1a09
dde18292-e782-4a0f-8545-1a1ce56726c9,b21618dd-ec8d-438a-bc18-1758cdfcfdd1
7ca4e535-19bc-4166-b6da-089e1fecf302,2c5f1791-763e-4764-b3c4-a382da80b158
3c780fc8-7b11-4de7-9280-0e611f499767,926617bf-ce10-42fe-927c-a20e38e3fcce
8ac035e0-ab35-4a44-a2b9-0627350d5417,3b841746-8f2c-49c0-840c-d038cc08708e
2a53f32b-f429-4270-8a23-caab0014dafe,3aaa81ec-0e6f-490a-817b-1a84447f877e
96af78cb-d182-40de-891d-9bdddfe502bf,fd2e3129-5bbe-4b0e-8d54-0b60674c61d5
23f3d373-ed1a-4108-98d9-76e920350941,11156a21-65ba-4391-aa9c-8b41a6fb7f93
487abebf-185d-4f59-8ef5-a61286a8e3da,0bdf65a2-6e92-43b4-ba79-7bfb6ec4de5d
d32cb7d0-4e71-4102-9e65-408bb9b230fd,b3717fd1-092f-4149-ab71-5b5021e42692
e4f3356e-e971-425a-9e2a-a0e1116840d9,4fbc1ea2-c29b-4887-9381-0f0d05e54e5f
da009b38-db1a-4abe-9ef3-d5ab223136eb,cb818362-a6ae-48c0-9770-3145898b07c6
2c8c7f05-e2ab-4942-9de5-21b0d464bba5,2efa9405-99f1-4b81-87d2-9343cf6e8555
98203fe0-3187-439b-b70d-e54b5287522b,6de1bab1-644e-478d-9511-a9bb183e7af5
1f9a3975-9b16-454a-9b64-302a70d31fd2,674024e0-0969-4a2d-a2b5-565284bfaa7f
921bf9b0-0706-4fca-a151-ee37a02fbd51,d2f71237-74f6-447f-8fb6-3b8b8845c526
24214bec-ac14-47b4-a94c-69c35bd932b6,0030bf35-5eac-4f56-a555-2fe6d194d389
ac64d479-70c4-427e-806b-f4fe905777da,e712c3a4-d4f7-418e-b5f6-a377565bde83
eaa5f102-6557-4724-ba48-553d79ab810e,0773b3b6-1036-40fb-93aa-4e7a67e9c8da
7da98218-4382-4dcc-bab5-cfd419540ffa,3aba7c8a-3ce3-4c36-be50-d0e3519c48d8
f330ebb9-e788-4cb7-8bf1-4f663590f8c0,61b67492-bde8-4c48-a79e-362b935ad1a3
9e92391d-923f-4a06-8ae4-fe8f4a955f23,d16492a6-2999-4bf1-b48d-5bafde8d2867
049df37a-34c3-4a16-8d43-eca0d284d4c7,3b65a48f-1edf-49d7-831d-1085d2466dbc
becc6106-98ce-46f0-bcd3-67eea5af2210,1ad9f6eb-adfb-496a-957b-e8311762a2d9
7a9a6388-e858-4056-b883-ae8366c36c11,a43d3aab-d68c-404a-89f3-25a64f95b65c
36eba2c1-89ae-4347-a5ca-59247f60c40d,a3315d97-0fa6-48f8-9d4d-4d57655e5833
5462697c-653f-4943-b3f8-a82513c9c753,c1518097-d415-450d-a40b-acffda5b6663
3af6aaa3-e9a3-4b50-a6a6-6328499ccd8c,ca9134ac-f819-4d8d-b93b-4cb82beefa26
d0784a4b-0ad3-473e-8224-c5144f8ce475,785c58a7-8226-40d8-ac75-a3eea6beba06
e3d2219d-8be9-4ba9-978c-34a7e47bb07e,f21f8cfa-e5a0-4596-a45b-3234eaed9ba3
bb35fed8-5bd6-4c8d-babe-6c3a999856ac,a2e4f31f-f762-421b-b580-835ccec49daf
2ad20171-becc-4bef-9209-46ba5a1f585a,0d0dcfc2-4cdc-41e0-9478-4eccd06fe7c5
2743dcea-bb4a-451e-850f-3817c182f9ee,71b12495-2111-4c9e-b834-c9ef99942e59
3435350e-780c-46fc-a2c8-31339d5a923c,324eca39-1edc-4532-abf7-c468a1b93f25
c0fc06f0-830e-4136-82d1-fa14c2103305,b9701a59-c6f4-42a7-9202-f83e13e9dbfb
e1bd50d2-1e0c-4d6b-9eb3-6b708a15c649,44b24bbc-3865-4430-bd92-8c59f6e95b40
bc574bd0-ce75-48cc-8676-fb0f821ba1c6,f58e74e3-609e-4c4f-9348-c62cd7384076
d32cb7d0-4e71-4102-9e65-408bb9b230fd,f2be7172-a9cc-4a58-80b0-0ce1694a9d49
dc45a6e7-75c6-4ff1-84fd-a9ff9badd3fd,c6961b32-451f-4857-827d-a86cb698b667
b4879409-4423-433e-8033-a0052362d6f8,50bf8d4f-6205-4287-a454-eed44c8adbd4
4723a936-ec3b-49a9-8845-0f1b70ab6ec8,f669c4b3-eda5-4f5c-b752-ee6d9abb6075
97a404b9-0f1b-414c-98ed-4bcb82294a72,2d5d5c72-a783-46b4-ad52-4f7cd5e8f07b
7dccca4c-3c81-4740-b7f9-ba200220b921,9a508092-6955-4ef4-9689-977aa5e5be65
d0b44238-8709-45ea-88fe-afe9dda40afe,516448d5-d6c3-4fbf-811a-9c08ef2264e5
e87b4300-5464-4677-a13f-701222b0b236,cc919929-9459-4193-8fb4-828f61569708
16671ff5-6583-42e6-a224-185082aa0f32,73effe75-ead5-4953-a3cb-dfcee1232238
775ef092-d15d-4882-860a-cd5aea9e1872,e753aae4-a9ff-4457-8c77-289924ffe067
b3af6b98-cd65-451e-8e8a-52447bb106db,d285b919-b3f7-4eb9-a376-9915d821bc01
bfc9a70d-498e-418a-899e-79fdaa63415e,a0b1096b-7d78-4040-9c35-31719bbca089
adf13c4b-fb6a-4659-873e-a35d721c781a,5058b4d1-847a-4a5b-ba25-06beaa02b815
ecafe865-d2ab-426a-a66f-959dded6cea8,50526b6a-47a7-45ed-94f3-db0f31ae8a7d
610e93ef-26c3-4121-ba23-41cf0c25eced,bd7288a9-3b3b-4f72-bfbc-d04f8bfc481b
c3d128dd-cd14-4629-a0e9-472cbb5f39c6,4914aed8-53c2-410c-bfd3-ddd0d44fb97d
6978d827-8fc6-473d-95e5-1f0ddf67596d,d1220b3f-f1e7-4c10-9656-97a250c79a7b
128639f6-09a2-4244-9b05-5e431cd775d8,4c68d448-b065-4efc-be2e-1e3af703fc05
1ba715c2-1851-4e08-9727-80d7b830cf2f,c48b9acd-812d-481d-8ef3-11ce3d7c524f
bc0ce32f-0e21-4fee-abcc-86521c939ac0,547a30bb-cc65-478a-a757-90941744baee
1224f0db-b5ed-4230-8cf2-bf8c1b4214f5,dfe98714-5f74-4493-8c42-5d087b113ab2
e9cbee5f-f217-498a-8cea-d4dcb86a1ad1,77f098a3-70f1-4566-8e36-09cef79f1cc2
8ca0f158-2fbc-4b7a-8052-e893ea7b53ca,09acddb8-c5dc-484b-b032-3b08785d2436
ed49733e-af69-4239-8e7d-ce2a85388aa0,82616733-8361-4c08-8b2d-663dc64f8482
6ce3ee62-b802-4a64-8e31-d49b0d04dcc7,3426413e-3636-4b8a-9155-879708ff71f8
e36d2b62-2c5f-4c2d-b19b-7413ff4df544,6c204644-4875-4c34-96a8-797d0dd80c3d
0b27be21-843a-4ca2-8139-5ecda4071d4d,ed832e3e-3ee4-477f-84ec-edb452daa7b6
ac6df366-c454-4d42-b8d1-60ae3e72903f,d583c1c9-1dd3-436b-aadd-f7d62cd87ee4
cb12fcae-7d79-4c05-92eb-4c28682241e0,353b8e22-d995-48c1-b5ed-6209e9731bba
7a24aea4-fbe1-4b42-b771-58907fc6d2ea,24d6a7a7-f0cd-42ff-98d6-821204540e80
7aa6442a-4385-4714-8b59-32d2a68deb5f,11156a21-65ba-4391-aa9c-8b41a6fb7f93
8322b0a8-9d5d-46da-bf85-8ea0741c05e8,c0635355-fe30-43f6-af9e-f984a9b1590c
8f102bf6-0750-42f8-977c-2b557b78ea41,01569574-8456-4278-b3d7-5ef84454d35a
67d588a9-12a6-4358-88f4-fca47a7e832e,df640819-abb9-477d-8be6-4fb0935e5bb3
18b1c0e9-fbc0-4b76-956f-a0f6888bb7cf,eceb31cd-1a89-4db9-8c0e-e3df40f78e53
34d4c9d7-817a-45cd-a96a-7408c0758b71,80a9f2b6-64fe-4fa8-bca9-beff42bc15d5
bbc8e02f-5ccc-479f-a5e1-2aa3e29ef3f2,16d62824-dedc-4695-9619-878244ed564e
9853be3c-e2bf-41d1-a7b6-b96f62de6b0e,13709791-b76f-4544-90b5-38e4fc816596
9d261a53-d347-4b27-a4f4-858eb4530672,81428e5d-86c3-4d8c-ba7a-badc45ced814
7e683b85-432f-466b-aa88-eb600cb2783a,8f17f0f6-c382-4c38-aa77-8b28b38a39b1
7dea9444-e3d3-4509-97f8-e1fa18188515,b7e82c09-bcea-4e50-adfc-0b16094df5db
ed6c2253-5fd7-4ed2-a2bb-b304d733d83f,2ef97f95-c926-48f7-9ba9-65879b0a5d5b
d8b48958-779d-4448-afd8-2703998da3d7,e295b012-61e3-4983-8f8c-4c0cb5eeb9d5
62ebdb64-6600-44c7-96ff-6c524adb765d,e6f354c4-2cb3-42b9-936c-ddfe0ad66dcf
1e39024d-88c5-4a0d-8c48-6380f6dc933a,0ba4e401-256c-41ab-b418-d80e339cf65d
d74d1a4a-8abe-4375-9834-548bc4bcc1b3,257c27bb-ba2f-4d5b-9fe3-cfe269adc044
011a440f-1e00-425b-b7b9-771a00745c17,e1fd1bd8-930b-4959-bae8-284e7dc34bb9
d87000d0-adfd-4404-91fb-91e02c70cc9d,31a8fca2-aff6-47cf-b9b4-968dd174581a
d4210eb9-adf8-420b-8eb0-a19cae5c2e13,21206faf-9a88-400f-ad6d-6229d9864c91
5f81e3af-80ff-499c-8815-1240ccf38dc9,ecea79ec-e792-4db8-af46-09675671576f
2482a977-d4d2-43a1-940d-861bddeae0ee,fb869dd7-3b6e-4376-8b8f-c61fddac0d89
4bc01b80-9fde-4989-974a-60bd95f937f9,7c22c04f-c863-4229-a7f1-9455467c0c55
9bb3927b-fca9-4cb0-ad66-e946c2437097,cf0b4c5b-55bf-42b1-a369-17163805c99e
2678e84e-65a3-402e-945e-5c37f1f25caf,66a5de2e-33b2-471c-b288-92ae98689465
ffabe80b-b812-42e9-af3d-3dc92db6243f,b74d069d-d06b-4488-a620-07590100653a
3d3f4572-6fe3-435e-aec2-9e0ee56aa5aa,2a32d177-945a-4689-8250-b4b911117cfe
be2a0c03-8040-488e-aab2-dc18dc1fab68,77eaa1c2-e238-435c-b262-7063a17d46c0
9853be3c-e2bf-41d1-a7b6-b96f62de6b0e,63cb0d61-686c-4988-88b3-d62aeac238c4
70504286-035f-4142-bb57-4590ad3fe0c6,0671e289-01f5-43fd-8a30-c9a624fb3b74
8aba3ae1-681f-41af-be58-113c8092f726,3e6b9949-8c3f-469d-8631-05766fc9596c
d6cae904-8bc8-4daa-b2fe-7ce9d8cf312e,2e6031c8-5ff5-4b83-bd79-ee1df07da538
c33b8e77-ffdc-4946-9a8a-b22e95832025,36206fc7-2030-40b4-9385-681fe37e09ff
caabeed2-7e23-42c3-8670-e4457ff02ae7,2e371bd4-9559-47ca-a705-c740414ecf84
735d01f7-de96-4a68-9f1b-b3690562aee6,d744248c-b371-435c-a779-f00f7780066e
7696a485-b185-4291-b67f-a7b591543091,35ad6b34-cccb-494a-a865-ed4c5283db1c
780db797-78fc-45f9-b380-79ec88145c51,167a1150-2910-49ba-9dd1-b2905d7d76b2
d8960e81-1be3-445c-ba8d-3b6a6fb99919,7ef66b4f-62df-4b48-bbda-0b03ecf9abf7
d40491bc-5959-4977-af12-ac71c442fb9e,41e5aa01-8cbe-49e3-a158-7340fa3fdd60
25bbe793-d09a-4216-ab66-c4b452c35f25,980f1a6e-0b3f-4b17-af8f-6e7cc1a59339
6a44e9dc-30a5-45e8-b4fb-4ccbdf3aa31a,86758c51-2009-4cad-bbc7-c3b507b5facc
05519258-6a05-46ab-956c-5d6de39adff2,6aa6eb3d-5fce-4f23-8447-f1e0f8f126cf
fa849985-e23f-4836-83bc-dc98d8a0d4e7,660fa767-b5b1-4bb3-8975-63aa56d04df2
f20feaa2-9765-495c-96d8-0c541696e564,d77438cd-61ce-4772-939f-13e9951c6605
817856fe-3dbe-4569-ab2c-a4613b562a66,7d3601ee-b77b-45fb-b4b0-92ac3bc43d15
5050cbb1-485f-498c-b073-9537f89b34cc,db6a88c1-0680-44a5-a19c-6dfcecf5a294
c334995a-b8a8-4730-9876-105fd3ce41ec,c4e6fdb9-3c9c-4e82-878c-c129dfe0d9ae
73ffd1a4-b77e-4855-aafe-9a2d9f8c5746,a721fe54-dc24-4f35-894c-b24f78ced3f3
ab622c9d-f180-48a3-8827-40a598a70df1,cf9a9df1-eae0-46c5-9aa7-98d7e19be810
566404d7-887b-42c4-ab17-efb4b8def738,198acd8a-a744-433a-9871-389b05541ec8
87439e5c-e5c7-4374-9569-ecbe4719d936,991db3f3-b539-4d5c-aac3-a5b743760adb
556e0b08-ccee-4e4b-8df5-0e12be3350cd,1d4c3846-3aaf-453f-a3d0-ee2173b431f1
5867de77-9a9f-4eb1-b683-fd969597c244,7c94e9bc-fc1d-4b25-946f-497ac07a6ad5
fcc08e3a-3407-42d0-84ac-f303fa313a0e,92cb1dea-859c-472c-b3b4-9a764a015553
89a8eba7-038f-4dcc-afec-d94df79b7f39,d1fd3e90-5b3a-43af-9693-8cbeb647dc13
b06021b6-4812-464f-aa38-03a61412298f,cb6f7c6f-672a-4f32-8453-7c0c48dd3181
2b717877-aef6-4c06-9889-e3b4ef82aedc,cea69134-ae82-4311-b8cf-1b27d8b6d822
f5c82785-1a48-4ea8-853b-b1dfc05b74b4,cf5aa856-4740-42d7-970c-c56e453e1b90
7bdadf6d-20e3-434a-afaa-5165afde5979,53c2d8f8-e03a-4393-9754-d6533afa6c79
73ef313b-2550-4d6e-8868-3662ad9f9e30,25cdb8a0-4fbe-4436-a894-cae4d66bead7
d7691d3a-9d2b-4ae8-92b4-2a40d1595c0c,2f27b5a2-9d7b-4738-8451-b075a89079f0
d6ca0109-a095-4198-a3e3-e1c8f31f140a,98f1c896-73e9-46a1-8e17-a740b1b3cb75
9d09a0a3-a773-4e51-8cf7-03a291f3a31b,61e04677-5418-40de-8b8c-87dc00f28c15
8ab17aee-72c6-480b-aaaa-685f973cfce6,8792919d-f953-497f-a6ba-38d694682a87
e899154f-e9b0-4bed-98f1-593db532d0c5,e828e5a3-eeac-4e1e-b068-452427688d39
d67e9d22-5643-4c60-82b2-569516254d96,1cfc47ed-7eb9-4dd4-8969-2aee7968a684
8ac0e9bd-e727-4e69-be8b-ef6573640bc2,a655325e-3754-4133-b42c-51c8157f1d7b
16d3b9f5-8dbc-4f90-9ee1-63646d997f9f,1ff7ac63-d23e-47d6-acba-d8c5bf554d2c
df5eb2d4-ac1c-4901-a1c5-8a1dc8ad79a3,3dcab104-867c-47d6-881d-5ce381121345
f158a222-e0b8-44ec-be80-c3ff1bc2d8f3,4b04c037-947c-44a9-83ad-2b1387a07457
7a1e51c7-f0d3-4d4c-bb4d-882a0977ca5c,4897a64c-0e95-4649-a6e4-e71f651097ee
17da9dd4-f934-43f4-bbbb-e0ef7984b462,a1730bd4-01cf-4354-8361-3002eb976443
2c6dba44-3532-4670-a2e1-1c36c636411d,a7c0f00f-470a-4264-9b25-d8531ce4eabe
94d76ba2-8012-4ce9-8811-55731d3546fa,ce599bad-6706-4897-af9e-fe9c91c0feab
721a1402-cd4a-4bd2-8d33-c61693c551cc,fa843868-0f73-42c0-94a8-d51beb1d3d88
686c61eb-4a75-4348-aaff-80f0d3722a80,59e05de2-a70b-4e35-b6a1-c608486bb369
26e40e3d-ae03-4849-a7a4-235af7687188,a5dd7370-6f8f-47e1-95e8-eaf26cf6f4bc
bf9d429e-6674-4703-967f-93e4a8ea99c0,d82d3eab-89dc-4685-b6ee-0784d631d732
dda3d125-cce8-406d-98a4-f59e4ac3aa46,0e237b32-be28-4e87-8406-9400ff4ab591
2835fff2-ec80-4efc-9b4b-fcefceddab6c,5cb85e25-edd7-4010-a56c-b35eea8c48a9
1a0c7abf-0195-4619-8667-fe663fb64a9a,1b81b904-f1f3-4170-952f-9f7c4da7075d
56c7e518-7e74-4684-a7bc-9876472f4676,029b8dd2-bd5d-42b3-8bde-81462ccf655c
b4bbd96e-e533-4fb6-9a85-4a33b7db9879,58e94749-54be-4c10-a75d-e09be4014c92
05997678-4c0b-4a3e-b59a-d4a7231ad734,fb2623ec-65c1-4e3f-9fee-f2bd60ef1ee7
4a344a01-6704-4503-a356-fddb55e6a424,6120bd82-9c12-4113-8b3a-28ca17b21c7d
9dbe8876-02f7-4835-96a9-785843ab5f5d,361bc676-8066-4edf-8e1e-96069aed0f6a
5af14ccc-43bc-40bc-a3e8-46170be33278,e64d4051-5a48-40e8-aaf5-0c8412d33e7b
3739729d-d923-48cc-8467-a9541be3f296,e4be4fe5-995c-4a96-a5de-c462ea5ff46f
917ae7ad-3b6d-476f-a3fc-d77fb8f532ff,6bd29913-d6ea-41bd-9b26-d3c6b8fdfe11
ed6656cb-32da-45ff-b40b-6d0ef585c9e3,44d6f70b-69c2-4c3c-8d17-2100fc6bf6e0
c3f54259-5203-4ee7-9070-959b4801e09a,88fe672a-f662-48dd-8175-90cbf4b2e93a
15d68d38-f741-4334-924e-6f26745055cd,93001f4a-90c9-4d57-936f-002b7b446069
99252987-3f32-46a9-ab3b-f40d4d4dd585,b147a56b-d85c-4a88-889a-253c616e477d
ac30764d-fc33-4a5a-939b-f12f9817bbd5,268d7634-8a22-49ad-a441-f6ac3e75b2b6
a33aebc1-a1bf-4366-8ffe-700284e98357,c03a8d17-9922-4944-8f2e-087dcc87f290
5d8758e2-f689-4496-8e9a-03a780190673,df231721-c1fa-4f35-a7aa-7973d606e7d9
4bdd9718-c862-488c-b529-8d7106ee560a,56ce298f-5d62-4cbb-9b3c-d82dd7fcedd2
24a8d5b3-d771-41c5-982e-9a3e4ed9d525,f5ba3b07-c354-49ef-8b34-26dffb11e1c6
5a92c535-0d94-4c9a-b4ab-d74ef860f2c1,e009a064-1f00-4509-a397-d38a14d7549c
1850e56c-bb1f-4ff7-b6f2-908ed18e9534,1077960f-1da9-442e-98e8-5a61562f05b3
68d03361-6bd2-4f02-9a48-427aa8573d17,01a32b0c-2cf0-42ec-9143-4ced05f86309
71df17df-5586-45e4-91dc-1d1ef709f960,0df3ced2-c206-4ad4-a4dd-6a6b2de06882
470c28ed-2372-48d7-90af-0ae09c04d30d,1b43d6d9-00e8-477c-bce2-03280a926b0c
5d3068d5-51c6-456c-bddf-2ad2c12e4dd4,f095b426-507b-44da-ad6e-c6655eaddf61
af677864-3eb3-4e4e-9ca9-72b56a8bb04b,07394215-d5c2-4d90-adec-ac71d3e4d2cf
d716865c-7019-4a7a-af2b-ddbd8daee8f7,be091288-99e3-441b-82e8-4be576e3ba88
3e596a2b-037a-47bd-aa44-303f9a62528e,88c4bc54-6ab9-4363-b015-320f8931ec46
9b5f8202-e9d7-4612-b876-7fd2d63183f9,732c67b3-8ad1-4f34-9943-b360ad070c68
26c63edc-6682-45d1-9546-63e056293976,bc8a4f11-ca5f-430b-95b7-4b246ef95412
2ba5f2a7-8dcb-497c-b836-1291b21f447d,6bfa2e14-3937-45d4-a113-7d6d2860c2e7
d67e9d22-5643-4c60-82b2-569516254d96,523cbf99-b9c8-44c6-a6e6-d7e2869319d6
e2969cf2-2789-4e6b-927a-cf17c6a65eb1,629363ce-f444-4d1e-a711-cfe214d9c2d1
6e454257-8fb4-408f-8016-9c92ae7fa556,36548cf1-e86a-46b3-9896-83e69b5bdf03
9809387d-d3fc-466b-a112-c0255122407b,b87e45cb-b604-41db-82b6-ac4baaa4578d
ad7b0608-ddf5-4ebc-9a51-7152fe006f94,7e02df39-d736-4e4e-afc0-55f142e6ffc7
3cdc9ef3-8dff-4604-b6ec-6a5cb9c018b9,a5aec4df-e6d3-4ef7-a0b8-3e8412264893
e77be3a3-c410-49a8-b54b-63e32456ad19,5418777e-f21a-427f-bcf8-cb4ab53cfd9d
06a1e14c-b973-43cf-a671-cf44896d1926,819f6df5-9eff-4711-a14c-8545f8126d87
62cd240a-2ff9-4df8-b7af-c5983af68e51,6f9ec82f-25ac-4d42-93db-5c83d9165011
e8549a72-ed66-4f3e-9bb2-52eaf503c035,b10e647b-5b3e-414a-9dc5-fc27368a2033
2b007e77-5adf-41d6-b6d3-e2e8f16f95b2,f6fe8177-9d4a-4edc-99a3-63ccbbf4f306
16f7760b-bc03-4242-bc92-aa7647291d1c,e755a4e9-2d89-4f2f-979a-fcaaffc04561
87fe70ed-6649-4270-8134-113e8d49d3b2,78c62e49-7334-42f1-99d7-593d9d96242b
b09f570b-9bf3-4add-a147-c2573f182900,2fa29ec3-3789-47f1-8e10-a1179089c09e
541e3208-726b-4ca3-ab97-2389b92d04cb,b7373324-c75b-4196-8076-b7360a36603d
31992f14-d51a-404d-b7ff-a01d5d177dad,9cf583d4-0671-4d5a-a3b5-6b1bf576baad
cad456d2-42ac-4b6f-aa17-1c9bb302b4bd,0dee7899-89bc-4267-92a8-ea5dd49c59f0
15adba33-50b3-4629-bcf1-4c561d2512a9,05ccc690-5a50-4f6a-9bcb-3c9eb4a9a39d
166244fd-c232-427c-aebb-b513307407fb,ac5663b2-9d11-4e8e-b0fa-705a83234ecc
0e0dc158-b35d-4452-9473-8c947cc3a728,4e27247b-b29c-4482-8300-4b28ae682ec9
f5e805ea-3417-4ef3-82b8-b6a0aad2afc8,9abb44ad-5b5d-4b64-acb1-b6f323feb3bf
9f047ff5-f712-4997-8930-3850a90688fe,a476578f-ba2a-46b6-bac2-5a9d6979b14a
c8fa429b-74ac-4fd5-a1ce-6717d386717f,aee4a4c7-4f2f-45e5-877c-736ebdd9583c
5985176c-82f0-4788-a6d7-a2c1e32a94a3,0a51a2a0-0996-4ad8-ae54-6f6e53ba94ef
4b0f34a4-502b-4478-a252-7074d73d728d,1ac0be67-fc4e-41c5-acda-f80851ff3951
0d48af00-36c0-4810-b7b4-33f6d2860f9e,0f1ad9a8-f754-405e-b05f-84d8065793ff
c750ba3f-1f3d-4d5a-b1cf-6efa5105f3c0,2984b1de-757a-47fe-a0fa-e444e41f76cc
cc28cea6-5301-485b-b90f-8e55d558335c,3833df9e-c2a7-45f1-bf40-0b7e9c81b86b
a2f2251c-d8cf-4d87-a131-75be1377e0c2,3b841746-8f2c-49c0-840c-d038cc08708e
dd813bf0-0d3c-4083-a046-07b43a0c9fd7,06b8a526-aa98-4f0a-9185-5b9a79d41b8a
d6e1cbf2-c8d2-4f6b-829a-c1e173c947db,a5dd7370-6f8f-47e1-95e8-eaf26cf6f4bc
6f447779-1a07-491c-bb13-c629850e4e1b,732a59e5-b9be-4c82-818f-c1384ae6d8e3
8b6a67ae-9d7e-48be-a6a1-63142af54103,4897a64c-0e95-4649-a6e4-e71f651097ee
002ed9c2-c67b-4f32-89bd-fa1bb8f6e698,79671e72-452c-4073-b7fe-ffe47a3a9690
d924bb91-285b-4f7d-98f3-72ad82fd549c,2ad1c3ba-f666-494d-bac7-72244a9698a7
12e582af-70bc-4cdf-b79d-719cb0ef003d,33531460-f540-4890-8249-7fdefabd2200
4c1cffa2-2b64-40ad-ad57-7798fb163320,98f1c896-73e9-46a1-8e17-a740b1b3cb75
b039bee0-a9d5-4799-a3b1-2b2c8ccd650d,6645af1d-1fda-4196-92f0-593957414440
41aeb409-24b1-402b-acec-eab500dd47f6,73579c36-3fcf-4530-8b46-e60447592fa9
e9a50d24-35c4-434d-9ecf-bab40b95755d,b352bb80-63f5-4fa2-a55d-e924652f0e83
724de41a-43f6-401e-8577-796b2409ef99,e94f766b-6c8e-4c3f-883f-ecff8554d2e0
e6e99bb1-478e-41ac-9020-a31872efe1a9,63640b26-c16c-48e8-b85c-9d95cd926373
dde9f34c-9f4a-4f11-971b-ad0485dbaf9e,f7005114-67c4-478a-a02c-176fbfa52b88
213fe8e1-67a1-4e66-83d6-3cdc8a6c3afb,8daeba49-4dde-43e4-ba37-d50d6b11375f
f56a5760-4a6b-48c1-b1e8-a0594ae8a510,05e6ee11-be9b-4a3e-a909-01d1e425356d
56534942-6c90-43b5-b8f7-89e54950f01e,df68a625-4827-4fea-ae27-88c4869da4a9
0d59ef7e-c8ad-434b-bb18-65cd90630eec,f101215f-d9e2-4968-83d4-81d06325ab8b
57a8f086-df62-4a0f-adf0-38bb510d631b,b8c28551-362b-4d90-9780-e80c3bea1819
20d85989-28dc-4492-a9f6-3596b87dc7ac,4b9396fb-264e-4035-bcc8-bf8597fc26b5
6748394f-1129-4b0b-a31b-ae5604743e2e,386c8497-8abc-4c01-9a10-d24c94d3d9a3
25221ffe-a25d-417e-a6fb-6f75ed3cbcd2,b8e1dccb-4de6-40f0-9cec-8fdd950fe137
57627114-5b1f-4d00-9a60-bb73fbf78b20,8ef71d71-e137-4d9a-8cd3-fc3db886bdb9
55c644d8-00bd-4e32-a484-925bbbd08240,0735aa2d-a03c-4ecd-9115-cab665dabdde
1d7cf3ed-e014-4b45-81f4-16b667a6f2be,e19a026f-d8fb-4a57-8dca-c1c39778b9d5
f463577a-06c3-44ea-8849-b6c3c56b96f8,9fdbc8a7-788e-4d36-ba89-1e785ee3213c
3d21264b-5d29-4dad-b023-90b91c9e5408,133bced7-16cd-4884-858d-fdc489e63dcc
9b91e115-6ed8-4dac-bdbb-d6ed50899c19,c5a68c0e-59a4-46fd-89b6-195a372b7dc7
a4770274-cf3d-4e19-8c5a-1b52594cdaa7,1300bc52-5f8e-4300-a04e-cde284cefecf
b89a6b71-fd4e-4d25-a862-fb68a9ac8354,d1f37e3d-0171-4d0b-bed7-a59e80eed71e
f20feaa2-9765-495c-96d8-0c541696e564,84448373-f9a7-42ca-803f-3f55d7a71bf9
af8fbeb9-0d2b-456c-8105-c67388b5e8f2,114f1012-2809-4691-a0a9-10eb0f39fe05
69c73c49-fbce-4da2-a6d6-f5d69b52454e,2ad2519c-cd3c-46fb-9b84-9b26e42ed95b
3435350e-780c-46fc-a2c8-31339d5a923c,4e78056d-3298-4dcc-8159-b1439b73b641
ad956156-f6d3-45dc-a92d-bbc1b31d3a9d,7ad155fa-860c-4adb-9bf7-17116829eb39
9301bda8-e9aa-4127-be78-d646b7fb94a6,c03a09cb-78da-44b3-a01e-518ba5e96c0d
43349a9f-93ef-4a36-b3dc-474c022a0a0d,ec28f8a5-014d-4728-877c-c34021a39f6d
c50888a8-b046-47ff-a163-e2399e84f456,6adaee26-1acb-4589-876e-d37bba4caeb2
fbf541f6-1f12-4322-b705-2f37d5406328,41d27d7a-9f10-4e2b-8413-25fc54334a5b
53ddf51c-93b3-434a-a7e3-c033313714ea,73ac6966-a4c9-41f0-9d27-1a5515032255
9a6f8d8e-912e-48bb-bdd1-ed86a097cd2a,0cb46831-4071-43ed-904c-04dac5711a49
08f5a1b5-d199-4cc4-87c8-d9f37c7d898e,55e8a18a-6b35-488d-9a2d-3f32f2815106
25d190cd-d89c-410a-bc8f-f33c7a227f2f,81efaa02-338b-4106-ae73-ed5e74b8471e
ddbc8198-fd2b-48e5-83ee-2ac36d790c65,65cb3a8b-6dbc-4d25-9170-7cdf703ac100
dad3d34c-a2f1-4338-ada0-a9ee260f5831,a3046a8a-13c7-4e6b-81cb-a5765a754b18
a0185c0c-2849-4586-af02-cd5da697a999,781b69b3-abbe-4726-9a4d-f532fc42c247
dd9b816c-1e0f-462d-aa0f-e6443bfd45de,6efd66e8-129a-4c2e-aa19-b84741ca3a14
b98d0597-d5c2-4977-b872-7468d38cdf0b,bec8b881-f073-4541-8642-1c866025f9cd
6d0f614a-a83b-44ea-9b52-0db8c9795cbc,eb476bcf-7a87-4ef9-a6d4-a79b37f1a3ba
01b8c7f8-8d17-4086-ac76-feb7c27ad672,e7fb41c3-6003-4f5c-80fa-0d48d5e6be49
0f137f4f-d9f0-4061-a5e2-565431df96ce,d49d40a1-a54f-4700-99f9-f03ab8ef5761
6cf3631d-6677-4566-98ba-007141a4356c,ba7f654e-5d6e-4f71-bfc8-31ab85a4060e
c82e1dd2-dbd2-4ae0-a8f1-ae50840b1b56,9327f897-e206-4b02-9428-6eecef2f2a0e
ca63ae44-e2ea-43b8-8612-faa62c91e9eb,eceb31cd-1a89-4db9-8c0e-e3df40f78e53
30987fc0-6c6d-46de-8c8d-99df62c172dc,0527856a-c0b0-4454-a1cc-5e8fc17189d7
60ef16b8-2b5f-4a0b-9453-79e7e997eaad,62ea630a-245e-493d-9efb-817700ad5639
6cf8f3b0-dd21-4ed1-8359-311bf53e7753,b9535157-4b12-4e9f-8afe-61dac1bc4dd2
9d717e23-75b2-4696-b8f9-2d4fd4164bed,fc41fcf5-b38e-45d4-b8c9-33f5fa529a1f
1479939f-f3b7-4a83-85b8-6d6606a87914,efa7ee0b-dc93-4679-b4ba-41a84f213fe8
03a1378b-1b60-4f1a-bbc8-63979a12c62a,9a7d3d41-98f4-41a1-aedf-874c336813e6
84f4f362-9053-457b-b137-d7a273d82e37,cf54e7ac-02c4-4962-9bb1-d277bbe78fe4
b4b81de9-d9f2-4014-b5f1-5d9d38e19691,065ab138-1123-4db8-8a60-8a914b534959
2c5c98e6-7887-4073-97b9-74fd928a9e8f,5abf49db-fe6e-4eb2-959a-db00f5e11c65
b7bc4b02-d024-4679-99b0-23dd9ba7ab97,6e6ea2d9-2b76-48a0-a85f-3b55f1a5b5df
890aad5b-5b4a-4369-8bfe-d34ea8d0fd82,38ffb463-9130-4fea-8cfb-b28f6d7ab9d0
241cbd03-ab1b-49ef-bc22-87f7c8409543,333af2c9-288f-41dd-98ef-4711fe144df1
db07dedc-3e1b-4f89-8c6a-fd239c9e5b7b,af7f2a33-1a0f-4047-ab2a-1befb5917ae8
b1b85121-69c9-4790-8464-a78d82cd1259,1de3ec89-a609-4651-9698-c952ac025cd0
bf8b52f4-62d9-43ab-b4d7-45f4c9a20e23,6f8ac3b6-3e08-4dab-b0d9-2c82cdde62c3
63c1cfbd-6966-4a54-a861-e65b212a299f,68e6be6d-1d78-46be-8b91-cf6968685bd4
5fefbf27-937c-4809-86dc-cb59f2d5b9b3,5b843e76-99ef-4cdb-98d8-849d3b8ac14b
c595441e-7272-4f80-a624-d009cafec8ee,767bf0e9-84d5-426c-81dd-51039596e6ee
109374f2-6074-4927-a4a1-185dc04f17c0,bdd84135-966b-4d85-aefb-8e89620787dd
96803245-f531-4190-b4b0-044ea0823dbd,01ce285c-d37a-4d9f-8d18-48567f21fbda
129b728d-75c9-4c49-befa-3d747e06b501,ac15500b-f856-49be-863d-284d0271d560
e7cc363b-a8b3-487e-b422-ac2104124d4a,ea6b5241-95ca-49bd-ae53-7ab9637f4378
42bc82b8-4fe1-468f-9172-4e4b7c02695b,2aabb585-ed95-4f2e-86d4-51ad461d8f56
a69f1ccc-5735-46be-936b-9178191e21ae,9dcc2cee-5c84-400a-bb1c-28b70325edc7
50879a11-6f62-4c13-bbfd-c2bd17bb85a8,aac97b76-4817-440f-b510-a98b7df84ccf
61b4565d-bcc4-4c92-ab26-639c44ff1f17,a37db38e-bf9c-47d5-be7d-2f4ba969b808
114b4ce3-5208-4c4f-980e-8a8c86829477,24a3a71b-ea6b-44d6-bd74-277e94e6592c
88000106-e3cc-45bc-a45d-cadc0feef943,210a39ec-eac2-4ba8-8fd1-a06143cca544
bcb55fdb-58d3-445d-962a-cee7d0ace8c9,297823b9-3c8f-48b9-af8c-9fae665228c5
29d5558c-cd8b-43eb-b340-e41cabbe3b64,aff3c143-f30f-4413-bd12-9e7ce5b494fe
5561fec4-cd17-41bb-bb86-bd82690d6edf,3b2c9346-1247-44a5-824c-29e3e6456868
0d630769-db71-4c28-b6e7-c5c651c1d88e,57abda0f-06c3-44a0-913b-ee2173727ced
9bbe5a5a-fa01-4d29-b612-c97a3abd1ab0,09aaeb96-3b3b-4aa6-a375-37b4af3d52f7
5cb33cb4-8eaf-42fa-8f4b-0b34ccf5353d,d0ae1510-c009-4fd4-a25b-f2e93266a31f
fe8d32b9-2b6e-4eb3-85d2-87e455688f82,82c1f287-5d73-412b-be26-0b4f8b097221
fbbc44a3-2ed0-4e32-8e0a-133f3bb2c07e,6e8eb0a5-4bce-4c03-b87b-360e921b02a2
0f916a28-884e-410f-8d24-4bb284f0c05f,1b2d5952-50d9-46a1-83ff-0a198c0515fc
5dee2fad-1852-4bbc-8587-12e71c1951ff,5fe67d60-b9ed-4a8a-873c-142e5ff3205c
2ad20171-becc-4bef-9209-46ba5a1f585a,36e22f00-366d-4ecd-8b6b-64ef84dadea4
e95af417-b692-49a7-b013-70175f2fa441,f7800775-6ccf-4058-8463-fbad0b3ddbd1
96c11a7f-10ea-44cd-8bcf-499b9ae1d586,1f86177b-f234-4d04-8fbd-137b4c69f2bb
1ec1bd92-ff12-441c-96ae-51aeeb78b093,9a7d3d41-98f4-41a1-aedf-874c336813e6
e2c6cdf1-1e22-4952-a2e6-c9019968da1e,196770a6-58a1-4c89-a869-4e6d7ffeb08a
1decae39-2388-4afe-a941-ae5035206e0c,131305e9-28c7-4c40-abcc-9054e0f301a9
6923bfa7-fd2e-4422-af44-0f95461703d7,6c790ca5-661b-4f22-8679-78656790eb6d
796200a6-587e-4722-a2bd-a2b9d0c1b270,6fd6d0c4-0622-4b9f-85e9-387c89a95a46
238421a8-d89c-4415-b308-ac260487a0ed,24e587e4-4902-4c17-b3c4-a138f5e2cf31
9c37c13f-9822-430b-bd78-ef696ed28b57,e2df8ea8-5dfe-4a66-87d0-b7e4091d5f39
73a9936e-eb33-4929-81b5-f0b9a1bf203a,2a85b2a2-7260-49c1-a512-e8a180284bd5
e821764d-e0a2-4869-b910-6e7ce0805db7,30660be1-a57d-4408-aed4-997375a9157b
bb0b0bb5-fd0f-4661-a733-7908a27468d8,e8a072f8-09d8-491b-8672-7f9dc22bc497
c198c122-fd16-489c-9555-7bffb50bd830,4909c3bb-1b9f-4539-add9-e343d1460ee8
c22fc361-702c-4c02-b2a0-e623601ba7e3,02e2cd85-45d1-4759-be96-2168c5edd77b
76c1016c-8848-4f96-9dfa-4458b23d3a60,fa064576-c1ca-4a27-aba4-89a75f8be7e0
d820207c-2589-4dc3-b8b5-2b7155da170b,d7e60ed3-99fe-4db5-9f55-1630ee6c5240
31c84ecf-da5e-43de-b6c3-6032557997da,03d51036-c9fd-4a57-9a60-9b50c7ad3464
752ee6d7-51fd-425b-9c40-bd43e322121c,b0dc5b59-3235-450c-9c6e-b49cd4a12cb3
5db40a7c-64e0-4ec3-a018-3b4ed47c1737,69387ddc-bab1-4149-8564-d2fb1a4ea855
1decae39-2388-4afe-a941-ae5035206e0c,982a7178-8db4-4803-b8ed-818f484e1251
bad7557e-75f6-4250-9935-5f0aa5071249,0ef7c89f-a4e2-4f13-8cc6-7479dfd0506d
b9849164-8ec0-44a5-bd2f-581f18fdb7e5,a90ca0ba-b285-434b-aa24-19e24cd213cb
320c605c-cac4-4cc4-8abe-6a17a1d60b34,fb2a9ccc-d16b-4ccc-8685-ca3104f60595
25761bfd-2b09-4264-b579-4c334528ff88,cd64bac2-b4cc-4f0d-9859-548125179a3f
cdc78147-d69d-4f12-a3fa-914c1b5c4526,bdaff4e8-bad3-4b1d-8a40-32842d20bbe9
cd658387-c3d2-4392-8894-85957412f5fe,6d1be39f-11e1-4628-89c7-6eb04142749d
3ee0754e-077c-4843-bdba-bbd76572fda3,386f495b-47cd-4eaa-9c28-439236a7f4f5
0523d732-5413-4127-800e-60b69631be58,d53d3229-68a6-467f-8ffa-f56454791d22
2afaaccc-09f2-4f15-a654-2d5f59e63656,fd8d51f0-33ec-40a1-ac76-c56ad094e44c
ab768eb5-28c2-4439-aecd-749fb094fbd7,23d85df5-4d3c-4875-9ae4-7ebd15fa0d1c
336fc5ab-3f90-4e31-a675-b30299fff30f,2d51420e-acae-469a-b28f-7f3e0b52da05
008918e4-0a46-4308-969d-3f3beb1eefb0,418f416e-d002-4ec5-9e27-75c7382fb269
42446af4-75a3-4ac9-a468-9072dcbe0dd0,142d39a1-45c2-46d9-aea4-b1e88bdfd67d
0c09c5af-ed22-47b5-ad7d-9cc7f50c5fa7,0806f9f1-3115-4ea0-a878-358edcd3b089
30166ab4-2a2a-4baa-b993-cc159ce43380,bb214030-6920-4705-a53e-2c4c8ef8ba62
47590ce1-7bbf-4050-a30f-df658c89ab28,1127408e-f4aa-4314-8c36-e1668c47ddca
8220b4df-51e5-4810-812f-d305701f573d,bf094cf2-9e9a-4482-b2ff-9610e3e43240
bf87550b-9077-46fe-9548-bd9c031a0f4d,02cca5d0-e899-4841-ad9b-12ded0ce6d5a
4b88c1a0-84a1-4cfd-979d-2d1719247977,b3cd2cf0-4708-420f-9a21-5116085f5993
56d65d0f-dd28-4f1e-9c0d-43fbdec82341,68bc219d-cee9-4e5d-813b-bda41c761b9d
79f20ca7-f68b-469a-ae8b-5e84b2e0fe11,5bcd6aa3-c59e-46f5-86db-aa78f1c9e676
47046a49-8d47-4ba7-bdf8-c4095647eb6a,24d3ac10-1a15-48c2-b335-cd92a6830f65
cb9a7643-da76-4299-a79f-26f2bc046441,884629b7-2f0c-4d73-aecb-675bd67064bb
dd364e4c-3b50-4fa2-be0c-975b1ffb0155,c12ff7f7-3b97-4570-b7eb-c8d009745fc0
a9ddee61-e9c3-496f-ac8d-45cd71ae0c89,aedb9f39-8f91-4b49-bdb0-14529c57d6fb
86282d26-571a-4f77-89c8-08fb40b90efe,35dfa979-f368-4f8c-8282-8373306189cc
355ed349-f061-44a1-9ff7-56dbba1429bf,71bd1133-a8ef-4e29-aac1-fbd3c8b9bc00
9ffdc263-92e4-4591-8205-ae74955d4175,7afc8b30-8321-43a8-a83a-120a2a34aad6
7f0c25fd-2110-4e34-9132-9872194a8fd5,ba673080-fb94-47c5-a62f-995138b83bc2
7e80250c-e350-48a2-a1dc-f574003b5ec3,b4bf3c8c-212b-4440-9a99-19cc42f6e94f
7e683b85-432f-466b-aa88-eb600cb2783a,0aa9a658-4e2f-478c-8128-3e41d4760680
0ec2b43b-1230-43d2-91c4-14cb3812d09b,abb06767-21c4-454c-8e9b-ac6a09e8ba04
4c275dfe-236f-48b3-8d95-3d5771124fca,27f88ead-92a1-48b9-a72a-031e437dfc7d
721a1402-cd4a-4bd2-8d33-c61693c551cc,e7bce575-e734-449a-9def-291ee70537d6
6923bfa7-fd2e-4422-af44-0f95461703d7,4189a539-be45-4b13-81b5-e190f03627e8
cc9e319f-e08d-40c5-840c-96237fa5b865,d9541b3e-c7d4-4c8e-b21c-5e5084016524
608f4235-78ee-4c16-9b79-a493af84b5d4,918efc0b-f5a4-4b03-857e-d53737d77eed
af268d5c-a057-4f00-b2aa-a40c4dac8803,80b1c41c-a6eb-4c90-866b-1e66aab0e204
5985176c-82f0-4788-a6d7-a2c1e32a94a3,56e17d8f-ab1b-4484-9a1c-97610488f444
1d4e9723-2592-4443-aaa6-32cab46eaa2b,4914aed8-53c2-410c-bfd3-ddd0d44fb97d
93c291e6-9238-4f54-9dad-1dbe197fdb4c,032b17a0-8408-4747-9ced-4518f7a16949
f0a914ba-6bf8-4be9-9d58-6402a9adc0ef,b317b490-4d77-423a-998d-52f0628d936d
03d70d89-0cf5-43c5-b20c-8f490973da32,022f79d6-b7dc-485b-82ae-d939e3cc3be5
5650e776-1772-49f9-841c-8c1bf1ecb709,0c9858f8-63ef-4aa2-916d-8ac313e8701a
58dd8e1e-4051-4204-b60b-cada157bb63d,8965d599-9a2c-43de-aa75-eb528a536a00
d3652196-bcd1-4d72-b9a1-2c7014f3496b,8655cfd3-aa0a-489f-acd3-883cc49b6246
ce09b3c0-2311-4af0-ad76-bd66d71ae1ba,95302a24-7086-4f1a-9baf-342388c42904
b0f215da-edc5-4cab-8c5d-9e558dfa9fb3,c1b1a11f-0beb-443f-aad4-ec13e60bd2b2
00413f66-c032-4421-95e8-d21e146becd6,926e3908-c0de-411e-9215-ff62e6112e6d
5cb9d6d7-5323-43af-9e8e-f1ffccb134f4,b11e550d-ba31-4795-9bd3-61a114dcb51f
4f364c6d-96c5-4471-88e1-b6e54f27846a,531fb394-6b32-4a1d-adbc-c14356f2c020
620812bb-ee71-4999-8efc-71341a693eae,1f86c8ec-f02c-4ae5-9c28-6715f7408a9a
bf078a16-5623-4c80-b792-ab08e2f9ab5e,01e8ef03-6e0f-411a-a704-bb5ec9de116c
9bcb602b-bb88-4129-9149-54e193576db7,68208265-972a-46a5-833e-a39e0e15f33b
b55d14e1-1bed-4eba-a2c7-5804e6d8c9fb,6da9d092-f456-4406-8325-fc47b7ad3b62
18364666-6214-4d49-9f84-0a328b5098e2,f74e0f96-724d-4d5d-b93d-03d1988732c7
c2f2e6d1-7bb7-404b-8abb-aaeb144a2852,d73d6243-651b-49d4-96fd-8ca73caf21df
e4eb9f6c-effa-42b7-a837-967c709b9f26,3470394b-99c3-422c-8009-367b0375cf79
eae2e9d7-59d2-471b-b635-74eaaac9a604,386f4a3a-69ac-40b9-ab2a-de489a80d326
c2f2e6d1-7bb7-404b-8abb-aaeb144a2852,62200eb0-6657-4046-940d-dba7f1c35760
19d141be-db58-49a8-bd24-6fe3b36adf78,e1e213b4-125e-4ae1-8190-0e35fc90c663
fe8cefde-865d-4cd6-8be0-e9fc7cf2338a,94157835-c844-48bb-8234-6b758a0cd62b
a4516f9e-1b6d-43c9-887e-a4b0b652d90f,f15a043b-9275-4045-ac21-ae8ac658dcac
410ccf39-14fe-447c-9f4b-46a6ff986ccc,21576b52-c7e0-43f1-9b01-e38a0ad927d2
5c599c80-943a-4e32-a4a2-cead7fc92c3c,c89b86be-9639-43fa-a97f-531743eb233d
a5b2d269-c14e-49ac-a0d9-dbd5d7c31ee6,29de9cb7-bbc8-4930-bf53-ebbe88a63bc2
25b23b0c-b11d-470f-8c8e-08f039481e54,aadfcc8c-3fbb-443c-906f-d9648879dfc9
f994a3c1-5e97-47c2-88a2-ce734cbea211,7a52e4fb-acdc-45a0-a061-5539f2379a3f
b7d9680c-e03f-4833-a4cf-af440184b344,6785cf22-e77a-4113-ac1f-a9fdf7b592df
a68ceeed-935e-4db9-9e98-a5459350a968,ce599bad-6706-4897-af9e-fe9c91c0feab
935c4c50-ea96-462d-b56b-e36e1a306787,81abc801-aeaa-4c02-af1c-740e09aed0d7
e191d4cf-2b52-4745-a83d-4ae4bc89c8a2,4075b1a5-87e9-49ab-bf9a-e1ea6556b1ea
5e8da1ff-5f24-43bf-afc0-31d9e8d311db,d16492a6-2999-4bf1-b48d-5bafde8d2867
b3e52d30-e628-44f7-af18-0ddb81c8051a,89be769f-c7de-481b-9513-835d7ba2f475
ca4e83ee-9147-49d8-858c-0f81d5033d2c,6ce44732-1c70-42d7-89e9-9c0ef6ee0112
858b2e50-fd81-46f3-af7c-91d6739fb392,646bc2c6-c9c0-493b-8e4c-dc80edaea392
1526aff4-5b1a-4e34-91d6-1554d1734e2c,01ce285c-d37a-4d9f-8d18-48567f21fbda
b937d725-dc27-436b-b377-77b221f1115a,a9319131-e0f5-408e-91ef-cd8e473b8127
c2052f78-9305-415f-b0fc-7aed9d31a865,55048c57-7342-4ef5-b1bb-3b6a9bc945ca
2069e525-2d10-4a37-a8ec-a11246bc2eb8,28071496-2c84-4807-ad9a-b5f5ed0a3f40
38c67ba4-80b1-400e-99a7-4a47dbf88043,df4ccd76-2003-426f-a1b3-364357463ada
698a3e34-d674-4b1b-b75e-e47792cf2e60,5eda0e51-6579-49b3-b414-c2a98fab1d43
ad83fcef-5864-4644-aa72-7b6390e8bc4b,77c14a8e-2a5c-49d1-a9ae-97f78dcaffd5
38cb2e81-c228-4019-8c4f-f94c7cd461eb,564d92c2-75de-4332-b1b0-f2553af7ea0c
55bb8c7a-9322-495d-a20a-1cd8871aeb09,f6fe8177-9d4a-4edc-99a3-63ccbbf4f306
c125c7c3-9d8f-46b1-b760-2a3b70449f85,4d51ea6f-2ec5-43c7-a5e6-47cc69cbe9f6
1f4b1133-8c00-40d2-86e9-e373eb9ba52c,82a79e5d-e4bf-4638-9afd-4a23aa9f8a97
2fc6c3b0-919d-48c3-bb5f-ccab0c241803,21d6708c-8810-480e-9327-ffbba0749cca
7a9a6388-e858-4056-b883-ae8366c36c11,9e9d294f-9d6f-48f9-84ff-84008322c1c8
cb019205-7d85-4fa2-a2a0-8f7ef6a2af46,5c954a75-9feb-4cc8-b94d-5d4690fe2305
9cb60534-43b0-4d9d-ad77-ffcf16003b35,c06b9ff3-a1f4-4b56-b16b-cf50557c39c6
806859e7-db9e-476c-a0d9-01da45c69b21,0ec536d9-9f94-4974-a420-66945865aa65
6d743300-3997-4997-b5a8-994a10f434d3,cd1d9169-24d6-43a7-a2e8-adda11f86021
67f6966d-0617-48eb-9fed-c9e9b5e6cf61,0275fcb4-d3fe-41e0-9482-20d18764d317
75c37b10-f0f0-464e-b8a5-abf0fb08d75c,afc85ccb-c8e9-4876-a666-d9e8734dfada
1ef7132a-115e-48d3-a73e-0aa67e55f2af,de82d1fc-664a-4314-b435-4198f466f57f
db7f4a07-000b-4d49-9f01-395795dc1d6b,84d951e3-710a-4cc7-8804-6aaa0111162b
3d195e54-c3ac-4ff5-973e-9e540bdac0b9,b7c5d294-22e8-4bd1-a654-21d797b0ccb0
67d2424a-18bc-4b0a-a8b1-8c97cf686bc7,a2baeb61-e022-4d73-9ea5-3fcf2abf3577
aa449257-4490-4f1f-9012-cbf162baf1e6,3df1403f-c1f2-41ca-8ebe-4ac024e8db5a
87b3fbe6-98c9-4ece-acc9-38e814743ba7,8ea85dd6-0679-41e7-83eb-be88e3927717
47df9cb0-3247-42f7-b636-019d919b756f,ca57ebbf-958f-4996-a1c3-6b74fd1d0b6f
744e1586-f132-4fea-8410-94d1f3290c77,5b5f1dca-4c33-4b7b-82f7-9ab71e21096e
56f7a072-f42d-4676-bb36-bc8a80359234,0184b6ec-4256-4658-8455-e237479b2593
c5959b31-1d9d-4746-a1c8-1e3b7bba8eba,b4a7aa77-d1f7-44a8-92c1-9378a7ccec20
73ffd1a4-b77e-4855-aafe-9a2d9f8c5746,6e8b9216-e119-4f48-8185-e38c59036716
1c551816-7775-4def-b2df-543c9500e96b,1ff7ac63-d23e-47d6-acba-d8c5bf554d2c
9b8ad442-b59e-4fcc-8d97-2e1c9b9b3a9c,1747d303-d69f-43d4-b76b-a1e37620a514
ca4e83ee-9147-49d8-858c-0f81d5033d2c,1f4ee620-5cfe-4c44-bf2d-87c91749db07
955857b6-7871-4e4f-8bf0-2cfdde4da00f,7174bc68-324e-40b2-8741-a9ba1267d2c5
9bcbbd8a-6363-44ed-8ca4-819e2a9275a5,e291ff08-d6b9-472a-91a5-78dbc37dd5bf
a014d3b3-c641-47b5-977a-334863d4bd6a,2cd16f90-7cc1-4b99-9860-50c670d8a975
41d9c206-9305-4927-ad6f-e16d249320cb,a88f5c4a-5399-411c-91e9-abee657061ed
07e9534b-4066-4394-b329-b48d95258093,0ad0c0e9-9776-419a-b892-83ea78899731
c0054477-1561-4916-a98c-7c5cb5277dac,05805649-c6c5-4f9f-b66c-a820aba19813
ffacfa6e-3f04-44dd-90c7-a920419fe2ff,14bf12b1-ea0f-4405-8233-e18dda9d6885
f1ff78db-1807-48ff-957f-d6af21077db2,c0d488dc-fc68-4f1e-8b09-f42915df9128
7564ccb2-f0a3-4615-a480-04e4eb2aafd4,5bbabb3e-bd96-465d-8a7d-ba250fc3b826
31d3e576-37ff-43bf-a099-527e0ba4c1c4,84f01080-fa4a-4167-839d-b91a1d10f1f8
ed9e662d-d805-47a9-9490-4253d228e486,6c472acc-0b74-4e3c-ba61-87f66f9758ad
17892bd4-f80b-4e63-9ee0-88e73881729c,98d60821-0d3d-4534-862d-5954f74dc7cf
733f0ac5-4a12-48f4-b242-97819801b1ef,689ee2db-bfc1-47cf-9fb8-9731e165e5f4
0e336ab2-119a-40da-9a4c-4d3bccb85a65,53447adb-a7de-4fbd-9e3f-48f4d633ef67
ee077a3d-e81c-4bf2-8afc-75dcae7346af,01ef1084-6e25-425c-a005-de67da442dc3
2a6d66bf-0d5a-4a27-b7b0-a96825d157ca,17d4f965-1f8d-4a51-97ee-52253c8c28c7
54ac4889-746e-4249-9452-6de2afdaa80e,cf0ff4ff-4f32-4915-8b34-b021afc824a0
cf45ddf7-c8b6-4110-8a6f-1a7509425099,fcdaaf84-b1a0-488c-897f-909b2a5c67eb
090d2d9c-1a3e-471c-94b0-57b73bdc5d22,10f13a71-adc2-4452-ab6f-80fba54aa47c
e4840919-a432-47ed-827f-58beff1bd264,34cd632f-8548-4929-bf52-07a285126562
7142beeb-3f65-4de4-9bc8-88e0b5e921b9,18cf9314-bc7d-4a23-ad98-8d68863d9090
c4892882-5d7e-4dfe-a6ae-9e5cd240fd0e,dcd153f1-c344-4ea7-886b-e0ac238a4377
7c7d048c-8fa1-4b66-9e17-de7ab2adfb83,feb2b07d-ae5f-421c-91fd-965c34b23629
13a268cb-2f75-4baa-866b-c15ec261dc3e,bed52d9f-15e8-421f-8779-2f85392aa48c
51e54eac-9d18-4c2e-84b8-0be98a565b1a,ace92da9-097e-48e4-9737-ae3274455f2a
e834bb44-3d3a-45ee-9f31-db5871c0025e,0184b6ec-4256-4658-8455-e237479b2593
4613ce38-6470-4889-8865-49bdaeb08547,eaa73f2b-5d53-4740-aa8f-28e71c5ce7df
1fab1e26-b195-48b5-9a3c-7976a0216c0f,f350845c-b730-4064-b9f0-05eec2d7b5ad
2d893741-806f-4da8-8a74-5de98e4d1ca0,c5bb1e25-c390-408c-bec5-accf43e7bcc7
8ee1516d-1e1d-40cd-b39c-95c981c7fb26,e300e3b7-3c35-456d-b396-b8e7111077e5
eb0adea2-4b34-44e6-9dd6-db7e36a48ca1,a4485672-98e1-4269-99c8-d7c427c03592
d7d76533-0d99-4c4c-9a2e-eb2252d5b986,82009d09-d00a-41ac-b73c-d36b27879a55
eec01d4d-cf9a-47c0-9205-012be2a67cf1,21f94c9c-5fed-41df-8c8e-c45e0497ea74
70efcbff-4d1e-4b9d-9e97-cfd1f08668ea,7930e4c8-9033-4aea-a0ac-64b7a3b53014
dd5cb61d-9b64-4074-9229-e24730476596,5e001ab2-2083-4567-aa70-7da921a1bed4
33b27894-1514-4245-88d5-0dcd2668f3d9,4e6cd38b-d04f-48d2-ad4d-e542ec97c091
6d0f614a-a83b-44ea-9b52-0db8c9795cbc,837f9c21-c9e9-4e2d-8fcc-5da739a79f22
8c20d703-f6e6-479d-9c47-dd8734511086,447e261a-1f50-4a86-9252-6e59f99142c0
bab6ea9b-5c96-4f0c-a990-d8a7534d4809,a2507393-713a-4cf8-b0a8-fd754a064d56
59cb0536-ce41-4fb4-b417-4d0b96ed0b50,0b426d17-12fa-489c-9607-c9d06eeaa92a
4a4d080f-f68e-4dc1-88c5-c1697890d37c,fdefec43-3a68-4fdd-b8fc-fc7f10ec88e4
cdf1fd77-eea1-4fd7-ac79-4ecc1e278045,4dea65fc-be24-471c-b1bd-520d989cd112
546d7fb6-49f2-4c03-b8ce-966781352040,b2769974-39c5-4f36-9ec4-13cf2f4fc1af
dd5cb61d-9b64-4074-9229-e24730476596,1c4727ac-a516-4b75-9d58-b8dd26c19189
e024d0fc-49ac-4477-b469-b5d2cb37e0e5,e7c826f2-17dc-4e09-b723-60c6e001157f
147bc73d-4226-4bae-9d89-3bb1d719fd54,e277d15e-49be-4ce9-b852-1add25c9268a
b4efce46-d3d8-47d6-b530-35c4d5db41a4,60e587e3-16f7-4227-b6c1-c3411e5c11d1
66973b36-18d7-48be-ae76-cf7214fe8b05,63a93086-b509-47f5-923f-1d5c0a6c494f
30726b2f-1f45-4052-bbc6-c1810e792f27,3d8965b4-da1b-4eef-8e98-d57eb13bcda2
f6e6cf9d-5f6c-4c8a-b999-f1da7e6de813,b80f5137-6dc7-401e-b4f0-5637e8f3e1df
c04df18a-fd63-4789-95a2-2764e10451a8,ae986d34-f1e3-4258-856e-2658bec4800d
d2e344e2-f8c5-4892-997a-5c3b785e524a,9756548b-6dfa-4424-a38d-8b65dcdf7609
2d704d05-2dcf-4ab1-9712-bf715c846c90,042cb10a-9423-4104-9554-36158f390982
053649f0-f4a5-4772-8958-540740e06b78,b6953955-30d6-404e-9e34-252327c9f914
1851de04-7983-48dd-bfb4-2ce7e9d2ef1e,aae94b7c-2993-473c-bd01-2d4f653f85e2
25727dc4-e9e6-447d-b905-cb2a29866686,56a052cb-f916-450e-95d7-8da95261b54c
816afc75-3228-4dd7-9a69-a05d87c1dba5,58172765-6c6f-4f2b-bb20-d10aa58041af
bdf7e297-168a-413c-a5ec-51c3d1742ad6,e4be4fe5-995c-4a96-a5de-c462ea5ff46f
1f7a129e-1813-43fd-b825-7a7568d2f653,23b06ce9-c5af-4bde-b7c6-2441691074ce
996edfe7-da0f-429d-bee9-50f0c9fb9bdc,d0b5bcbb-18dc-4cef-ad18-5fed10ff6981
ced70aa2-d13f-4f8f-b50f-ca1759ba3f11,6461c5ba-6276-449d-80b0-eeefa8a155c9
d8bb0461-fe85-484f-85d1-9ac4674d15aa,d719909f-4d2f-445d-9ba5-546c14ba788f
453479bd-38c0-4237-83e9-e190634a7d38,ae0fb02e-3a01-4b74-9078-321b783e0c8a
1bb4cdb7-fec8-4076-9374-d415ec6774b2,a15be877-f6e8-4b17-b48a-0735181b3104
bf1ad1e5-9cda-4984-b76f-3daae9eda344,29e954af-df3c-4510-8623-50988436d932
c2c743fc-dc1a-4995-99b1-fe99cd571f02,e7fb41c3-6003-4f5c-80fa-0d48d5e6be49
55432570-8649-4f6b-9891-7bd9b44a26c0,5f81b586-9ebb-4a02-938f-e9fb05588247
f9eb3665-5578-4644-8f3a-8f7df2f42b20,26115f7f-968f-4323-8ceb-8e053dbefe37
41c59cf5-e613-4206-b37d-5ff67302285c,180e1d62-01ab-45e2-aa63-71a6b47548dc
3a86b204-ab86-47d3-91fd-120547459bc5,323591a7-7420-40a6-a181-18319311f810
ba384728-fb6a-4b82-bac5-56c6d1456efe,63a224c7-4960-4517-bdb9-0e88bc427e9d
8220b4df-51e5-4810-812f-d305701f573d,28a33572-ef75-4685-9849-63eb5ce644aa
7c2e27c2-36a1-413e-81b9-e8edef8e22ab,5fdc1be8-6d55-4694-899b-0341f0a313c0
aae8e754-f114-4819-b7a5-ca9948f2b5ec,4f69dfd4-fe78-4bf7-a50f-9e1ded0b1590
d47997a5-a406-4854-a494-8bc096071223,1aeb9eb9-0af2-494a-9fc3-8ad4a6cfaad6
b36d4ccb-473d-476a-8d96-8a4d2387e42f,c81221a9-daca-420b-8a8e-89affb8152a0
77ee4d40-606e-4105-98c9-1719b23cd0b9,aab20b81-25bd-42dc-8566-9a569a0b5f47
8f7e71cc-1609-4679-933e-553e4ab2dd34,799daae9-1088-4dc6-bcad-edb95c920c66
9c09f232-0c12-4372-ab48-4b9883fa8948,77c351a6-f836-4507-83be-da8ae74b0d74
